hour,Coal_MW,Nuclear_MW,NGCC_MW,NGCT_MW,NGCC_with_CCS_MW,Hydro_MW,Onshore_Wind_MW,Solar_MW,Battery_discharge_MW,Battery_charge_MW,Battery_SOC_MWh,NSE_MW,Load_MW
1,0.0,9142.15,0.0,0.0,0.0,4119.33,17652.19,0.0,326.33,0.0,40962.83,0.0,31240
2,0.0,4295.07,0.0,0.0,0.0,4631.54,18597.64,0.0,3049.74,0.0,37647.89,0.0,30574
3,0.0,5591.85,0.0,0.0,0.0,4087.87,19576.27,0.0,0.0,0.0,37647.89,0.0,29256
4,0.0,6093.61,0.0,0.0,0.0,4122.75,18597.64,0.0,0.0,0.0,37647.89,0.0,28814
5,0.0,1246.53,0.0,0.0,0.0,4152.79,18597.64,0.0,4821.04,0.0,32407.63,0.0,28818
6,0.0,6093.61,0.0,0.0,0.0,4127.21,17652.19,0.0,1160.0,0.0,31146.76,0.0,29033
7,0.0,7420.98,0.0,0.0,0.0,4388.83,17652.19,0.0,0.0,0.0,31146.76,0.0,29462
8,0.0,2573.9,0.0,0.0,0.0,4259.88,16739.33,0.0,6218.9,0.0,24387.1,0.0,29792
9,0.0,7420.98,0.0,0.0,0.0,3834.04,16739.33,165.46,2439.19,0.0,21735.8,0.0,30599
10,0.0,4847.08,0.0,0.0,0.0,4585.08,16739.33,2077.8,3724.71,0.0,17687.2,0.0,31974
11,0.0,0.0,0.0,0.0,0.0,5144.79,16739.33,694.12,11159.76,0.0,5557.03,0.0,33738
12,0.0,0.0,0.0,0.0,0.0,4649.83,20588.64,4389.06,5112.46,0.0,0.0,0.0,34740
13,0.0,2628.83,0.0,0.0,0.0,4442.96,24986.99,3972.23,0.0,0.0,0.0,0.0,36031
14,0.0,0.0,0.0,0.0,0.0,4689.0,26393.67,4764.33,0.0,0.0,0.0,0.0,35847
15,0.0,0.0,0.0,0.0,0.0,4376.67,31237.25,60.09,0.0,0.0,0.0,0.0,35674
16,0.0,0.0,0.0,0.0,0.0,4152.25,31867.75,0.0,0.0,0.0,0.0,0.0,36020
17,0.0,0.0,0.0,0.0,0.0,4743.42,32469.7,234.89,0.0,0.0,0.0,0.0,37448
18,0.0,0.0,0.0,0.0,0.0,4858.46,34252.54,0.0,0.0,0.0,0.0,0.0,39111
19,0.0,0.0,0.0,0.0,0.0,4941.58,33306.42,0.0,0.0,0.0,0.0,0.0,38248
20,0.0,0.0,0.0,0.0,0.0,4661.5,44950.51,0.0,0.0,11950.01,10994.01,0.0,37662
21,0.0,0.0,0.0,0.0,0.0,287.5,36650.5,0.0,0.0,0.0,10994.01,0.0,36938
22,0.0,0.0,0.0,0.0,0.0,4645.0,30900.0,0.0,0.0,0.0,10994.01,0.0,35545
23,0.0,0.0,0.0,0.0,0.0,4297.67,40067.51,0.0,0.0,10195.17,20373.57,0.0,34170
24,0.0,0.0,0.0,0.0,0.0,0.0,32693.0,0.0,0.0,0.0,20373.57,0.0,32693
25,0.0,0.0,0.0,0.0,0.0,3999.0,44950.51,0.0,0.0,17026.51,36037.95,0.0,31923
26,0.0,0.0,0.0,0.0,0.0,4583.04,44950.51,0.0,0.0,18309.55,52882.74,0.0,31224
27,0.0,0.0,0.0,0.0,0.0,4587.25,26133.75,0.0,0.0,0.0,52882.74,0.0,30721
28,0.0,0.0,0.0,0.0,0.0,4937.87,40212.19,0.0,0.0,14489.07,66212.68,0.0,30661
29,0.0,0.0,0.0,0.0,0.0,563.87,30185.13,0.0,0.0,0.0,66212.68,0.0,30749
30,0.0,0.0,0.0,0.0,0.0,4844.83,34056.36,0.0,0.0,7589.19,73194.73,0.0,31312
31,0.0,0.0,0.0,0.0,0.0,4890.58,27198.42,0.0,0.0,0.0,73194.73,0.0,32089
32,0.0,0.0,0.0,0.0,0.0,5103.21,28609.79,0.0,0.0,0.0,73194.73,0.0,33713
33,0.0,0.0,0.0,0.0,0.0,4700.63,25867.05,4238.33,0.0,0.0,73194.73,0.0,34806
34,0.0,0.0,0.0,0.0,0.0,4158.71,23833.93,15802.39,0.0,7397.03,80000.0,0.0,36398
35,0.0,0.0,0.0,0.0,0.0,4267.63,20588.64,12854.73,0.0,0.0,80000.0,0.0,37711
36,0.0,0.0,0.0,0.0,0.0,4393.88,18597.64,15701.48,0.0,0.0,80000.0,0.0,38693
37,0.0,0.0,0.0,0.0,0.0,4834.33,5461.4,28750.26,0.0,0.0,80000.0,0.0,39046
38,0.0,0.0,0.0,0.0,0.0,4620.25,7189.52,27545.23,0.0,0.0,80000.0,0.0,39355
39,0.0,0.0,0.0,0.0,0.0,4627.58,11748.56,22706.85,0.0,0.0,80000.0,0.0,39083
40,0.0,4847.08,0.0,0.0,0.0,4631.5,14190.63,14452.59,1469.2,0.0,78403.04,0.0,39591
41,0.0,9694.16,0.0,0.0,0.0,4726.58,14190.63,2854.58,9672.05,0.0,67889.94,0.0,41138
42,0.0,14541.24,0.0,0.0,0.0,4583.12,14190.63,0.0,10335.01,0.0,56656.23,0.0,43650
43,0.0,13144.0,0.0,0.0,0.0,4585.38,14190.63,0.0,11288.0,0.0,44386.66,0.0,43208
44,0.0,17991.08,0.0,0.0,0.0,4520.88,13402.44,0.0,6188.6,0.0,37659.92,0.0,42103
45,0.0,13144.0,0.0,0.0,0.0,4691.87,11914.72,0.0,11353.4,0.0,25319.27,0.0,41104
46,0.0,17991.08,0.0,0.0,0.0,4436.29,9896.18,0.0,7876.45,0.0,16757.91,0.0,40200
47,0.0,19388.31,0.0,0.0,0.0,4842.04,8685.83,0.0,5663.81,0.0,10601.59,0.0,38580
48,0.0,19388.31,0.0,0.0,0.0,4694.42,9277.85,0.0,3358.42,0.0,6951.14,0.0,36719
49,0.0,17894.97,0.0,0.0,0.0,4646.46,11214.04,0.0,1629.53,0.0,5179.91,0.0,35385
50,0.0,13047.89,0.0,0.0,0.0,5142.79,12644.0,0.0,3835.32,0.0,1011.08,0.0,34670
51,0.0,13144.0,0.0,0.0,0.0,5009.54,15858.5,0.0,558.96,0.0,403.52,0.0,34571
52,0.0,9370.98,0.0,0.0,0.0,4457.38,20588.64,0.0,0.0,0.0,403.52,0.0,34417
53,0.0,4523.9,0.0,0.0,0.0,4852.88,24986.99,0.0,371.23,0.0,0.0,0.0,34735
54,0.0,2692.56,0.0,0.0,0.0,4207.37,28668.06,0.0,0.0,0.0,0.0,0.0,35568
55,0.0,0.0,0.0,0.0,0.0,4274.33,33286.67,0.0,0.0,0.0,0.0,0.0,37561
56,0.0,0.0,0.0,0.0,0.0,254.81,40212.19,0.0,0.0,0.0,0.0,0.0,40467
57,0.0,0.0,0.0,0.0,0.0,4539.54,43515.71,512.72,0.0,6999.98,6439.98,0.0,41568
58,0.0,0.0,0.0,0.0,0.0,4666.25,44950.51,187.3,0.0,7623.06,13453.19,0.0,42181
59,0.0,0.0,0.0,0.0,0.0,4374.0,21089.55,4398.51,12376.94,0.0,0.0,0.0,42239
60,0.0,0.0,0.0,0.0,0.0,0.0,40067.51,1714.49,0.0,0.0,0.0,0.0,41782
61,0.0,0.0,0.0,0.0,0.0,4374.0,36578.0,0.0,0.0,0.0,0.0,0.0,40952
62,0.0,0.0,0.0,0.0,0.0,0.0,40067.51,874.49,0.0,0.0,0.0,0.0,40942
63,0.0,0.0,0.0,0.0,0.0,160.5,44950.51,12585.6,0.0,16818.61,15473.12,0.0,40878
64,0.0,0.0,0.0,0.0,0.0,4534.5,24739.42,12633.08,0.0,0.0,15473.12,0.0,41907
65,0.0,0.0,0.0,0.0,0.0,160.5,43725.8,33.7,0.0,0.0,15473.12,0.0,43920
66,0.0,0.0,0.0,0.0,0.0,4515.49,41736.51,0.0,0.0,0.0,15473.12,0.0,46252
67,0.0,0.0,0.0,0.0,0.0,141.49,44950.51,0.0,0.0,0.0,15473.12,0.0,45092
68,0.0,0.0,0.0,0.0,0.0,3460.49,40067.51,0.0,0.0,0.0,15473.12,0.0,43528
69,0.0,0.0,0.0,0.0,0.0,4099.54,44950.51,0.0,0.0,6779.05,21709.84,0.0,42271
70,0.0,0.0,0.0,0.0,0.0,3997.04,44950.51,0.0,0.0,8171.55,29227.67,0.0,40776
71,0.0,0.0,0.0,0.0,0.0,3954.96,43515.71,0.0,0.0,9118.67,37616.84,0.0,38352
72,0.0,0.0,0.0,0.0,0.0,4029.0,32371.0,0.0,0.0,0.0,37616.84,0.0,36400
73,0.0,0.0,0.0,0.0,0.0,3889.62,43515.71,0.0,0.0,11554.34,48246.84,0.0,35851
74,0.0,0.0,0.0,0.0,0.0,3918.29,44950.51,0.0,0.0,14408.8,61502.93,0.0,34460
75,0.0,0.0,0.0,0.0,0.0,0.0,33718.0,0.0,0.0,0.0,61502.93,0.0,33718
76,0.0,0.0,0.0,0.0,0.0,4119.12,44950.51,0.0,0.0,15162.63,75452.55,0.0,33907
77,0.0,0.0,0.0,0.0,0.0,0.0,33962.0,0.0,0.0,0.0,75452.55,0.0,33962
78,0.0,0.0,0.0,0.0,0.0,4091.0,36382.88,0.0,0.0,4942.88,80000.0,0.0,35531
79,0.0,0.0,0.0,0.0,0.0,0.0,37911.0,0.0,0.0,0.0,80000.0,0.0,37911
80,0.0,0.0,0.0,0.0,0.0,4025.21,35883.79,0.0,0.0,0.0,80000.0,0.0,39909
81,0.0,0.0,0.0,0.0,0.0,885.21,40067.51,54.29,0.0,0.0,80000.0,0.0,41007
82,0.0,0.0,0.0,0.0,0.0,3941.83,37123.84,17.33,0.0,0.0,80000.0,0.0,41083
83,0.0,0.0,0.0,0.0,0.0,4249.79,32584.29,3960.92,0.0,0.0,80000.0,0.0,40795
84,0.0,0.0,0.0,0.0,0.0,4107.5,31312.75,1232.77,4037.98,0.0,75610.89,0.0,40691
85,0.0,0.0,0.0,0.0,0.0,4143.25,28668.06,9268.5,0.0,1381.82,76882.16,0.0,40698
86,0.0,1890.54,0.0,0.0,0.0,4029.92,26176.65,10997.85,0.0,3388.96,80000.0,0.0,39706
87,0.0,6737.62,0.0,0.0,0.0,3853.33,16638.74,12361.31,0.0,0.0,80000.0,0.0,39591
88,0.0,11584.7,0.0,0.0,0.0,3993.21,20330.07,5120.02,0.0,0.0,80000.0,0.0,41028
89,0.0,16431.78,0.0,0.0,0.0,3886.42,21635.33,536.48,0.0,0.0,80000.0,0.0,42490
90,0.0,19388.31,0.0,0.0,0.0,4041.0,18597.64,0.0,2745.04,0.0,77016.26,0.0,44772
91,0.0,19388.31,0.0,0.0,2944.82,4332.04,14190.63,0.0,2453.2,0.0,74349.74,0.0,43309
92,0.0,19388.31,0.0,0.0,0.0,3966.54,9896.18,0.0,9063.97,0.0,64497.6,0.0,42315
93,0.0,19388.31,0.0,0.0,8341.01,3877.37,7578.43,0.0,1623.87,0.0,62732.52,0.0,40809
94,0.0,19388.31,0.0,0.0,10196.41,4217.0,5230.28,0.0,0.0,0.0,62732.52,0.0,39032
95,0.0,19388.31,0.0,0.0,9799.48,4167.83,3746.37,0.0,0.0,0.0,62732.52,0.0,37102
96,0.0,19388.31,0.0,0.0,9024.98,4022.12,2573.58,0.0,0.0,0.0,62732.52,0.0,35009
97,0.0,19388.31,0.0,0.0,8137.27,3763.0,2092.42,0.0,0.0,0.0,62732.52,0.0,33381
98,0.0,19388.31,0.0,0.0,6568.77,4162.21,2324.71,0.0,0.0,0.0,62732.52,0.0,32444
99,0.0,19388.31,0.0,0.0,5427.16,4327.92,2839.61,0.0,0.0,0.0,62732.52,0.0,31983
100,0.0,19388.31,0.0,0.0,4904.85,4305.46,3123.37,0.0,0.0,0.0,62732.52,0.0,31722
101,0.0,19388.31,0.0,0.0,4965.92,4125.33,3425.44,0.0,0.0,0.0,62732.52,0.0,31905
102,0.0,19388.31,0.0,0.0,6166.52,3848.79,3746.37,0.0,0.0,0.0,62732.52,0.0,33150
103,0.0,19388.31,0.0,0.0,8126.81,4012.13,4086.75,0.0,0.0,0.0,62732.52,0.0,35614
104,0.0,19388.31,0.0,0.0,10833.94,4129.37,3746.37,0.0,0.0,0.0,62732.52,0.0,38098
105,0.0,19388.31,0.0,0.0,12455.82,4281.67,2573.58,492.62,0.0,0.0,62732.52,0.0,39192
106,0.0,19388.31,0.0,0.0,11960.78,4433.42,1675.31,2785.18,0.0,0.0,62732.52,0.0,40243
107,0.0,19388.31,0.0,0.0,3619.77,4006.71,0.0,901.7,12857.51,0.0,48756.98,0.0,40774
108,0.0,19388.31,0.0,0.0,9878.4,3898.79,0.0,8344.5,0.0,0.0,48756.98,0.0,41510
109,0.0,19388.31,0.0,0.0,13032.82,3764.67,0.0,2380.52,3520.68,0.0,44930.15,0.0,42087
110,0.0,19388.31,0.0,0.0,9603.57,4344.04,0.0,8437.08,0.0,0.0,44930.15,0.0,41773
111,0.0,19388.31,0.0,0.0,13032.82,4471.38,0.0,1747.22,2750.27,0.0,41940.73,0.0,41390
112,0.0,19388.31,0.0,0.0,13032.82,4316.58,0.0,317.84,4802.44,0.0,36720.69,0.0,41858
113,0.0,19388.31,0.0,0.0,13032.82,3987.5,0.0,1437.37,5081.99,0.0,31196.79,0.0,42928
114,0.0,19388.31,0.0,0.0,13032.82,4802.25,0.0,0.0,7386.61,0.0,23167.86,0.0,44610
115,0.0,19388.31,0.0,0.0,13032.82,4835.21,0.0,0.0,5881.65,0.0,16774.76,0.0,43138
116,0.0,19388.31,0.0,0.0,13032.82,3878.54,0.0,0.0,5766.32,0.0,10507.02,0.0,42066
117,0.0,19388.31,0.0,0.0,13032.82,4572.5,0.0,0.0,4131.36,0.0,6016.41,0.0,41125
118,0.0,19388.31,0.0,0.0,13032.82,4632.21,0.0,0.0,2661.65,0.0,3123.31,0.0,39715
119,0.0,19388.31,0.0,0.0,13032.82,4960.79,0.0,0.0,370.07,0.0,2721.06,0.0,37752
120,0.0,19388.31,0.0,0.0,10985.69,5208.0,0.0,0.0,0.0,0.0,2721.06,0.0,35582
121,0.0,19388.31,0.0,0.0,9735.1,5212.58,0.0,0.0,0.0,0.0,2721.06,0.0,34336
122,0.0,19388.31,0.0,0.0,8669.52,5507.17,0.0,0.0,0.0,0.0,2721.06,0.0,33565
123,0.0,19388.31,0.0,0.0,6834.76,5369.62,1675.31,0.0,0.0,0.0,2721.06,0.0,33268
124,0.0,19388.31,0.0,0.0,4881.71,5530.54,3425.44,0.0,0.0,0.0,2721.06,0.0,33226
125,0.0,19388.31,0.0,0.0,0.0,5182.92,6569.4,0.0,2503.37,0.0,0.0,0.0,33644
126,0.0,16704.93,0.0,0.0,0.0,4876.63,13402.44,0.0,0.0,0.0,0.0,0.0,34984
127,0.0,11857.85,0.0,0.0,0.0,4433.5,21017.65,0.0,0.0,0.0,0.0,0.0,37309
128,0.0,7010.77,0.0,0.0,0.0,4349.42,28566.81,0.0,0.0,0.0,0.0,0.0,39927
129,0.0,2163.7,0.0,0.0,0.0,4463.83,44950.51,47.46,0.0,9838.49,9051.41,0.0,41787
130,0.0,0.0,0.0,0.0,0.0,4764.54,44950.51,12284.6,0.0,19608.65,27091.37,0.0,42391
131,0.0,0.0,0.0,0.0,0.0,4865.08,44950.51,1838.23,0.0,9733.82,36046.48,0.0,41920
132,0.0,0.0,0.0,0.0,0.0,4605.13,44950.51,2390.1,0.0,9898.74,45153.32,0.0,42047
133,0.0,0.0,0.0,0.0,0.0,4920.04,44950.51,2422.63,0.0,10315.18,54643.29,0.0,41978
134,0.0,0.0,0.0,0.0,0.0,4893.04,42965.78,62.41,0.0,6206.24,60353.03,0.0,41715
135,0.0,0.0,0.0,0.0,0.0,4942.17,44950.51,48.98,0.0,8325.65,68012.63,0.0,41616
136,0.0,0.0,0.0,0.0,0.0,4652.79,44950.51,26.91,0.0,7262.21,74693.86,0.0,42368
137,0.0,0.0,0.0,0.0,0.0,4577.18,40067.51,4.31,0.0,0.0,74693.86,0.0,44649
138,0.0,0.0,0.0,0.0,0.0,4461.04,42266.96,0.0,0.0,0.0,74693.86,0.0,46728
139,0.0,0.0,0.0,0.0,0.0,4269.21,41353.79,0.0,0.0,0.0,74693.86,0.0,45623
140,0.0,0.0,0.0,0.0,0.0,4315.62,40349.38,0.0,0.0,0.0,74693.86,0.0,44665
141,0.0,0.0,0.0,0.0,0.0,4604.04,44950.51,0.0,0.0,5767.55,80000.0,0.0,43787
142,0.0,0.0,0.0,0.0,0.0,4505.17,37313.83,0.0,0.0,0.0,80000.0,0.0,41819
143,0.0,0.0,0.0,0.0,0.0,4449.29,26176.65,0.0,8902.06,0.0,70323.85,0.0,39528
144,0.0,3664.38,0.0,0.0,0.0,4600.0,16739.33,0.0,12571.3,0.0,56659.39,0.0,37575
145,0.0,8511.45,0.0,0.0,0.0,4474.75,11214.04,0.0,12317.75,0.0,43270.53,0.0,36518
146,0.0,3664.38,0.0,0.0,0.0,4728.12,11914.72,0.0,15147.78,0.0,26805.56,0.0,35455
147,0.0,0.0,0.0,0.0,0.0,4942.67,15009.12,0.0,15290.21,0.0,10185.76,0.0,35242
148,0.0,0.0,0.0,0.0,0.0,4602.46,20588.64,0.0,9370.9,0.0,0.0,0.0,34562
149,0.0,0.0,0.0,0.0,0.0,4804.12,30225.88,0.0,0.0,0.0,0.0,0.0,35030
150,0.0,0.0,0.0,0.0,0.0,4771.54,31668.46,0.0,0.0,0.0,0.0,0.0,36440
151,0.0,0.0,0.0,0.0,0.0,476.5,38170.5,0.0,0.0,0.0,0.0,0.0,38647
152,0.0,0.0,0.0,0.0,0.0,4850.5,36465.5,0.0,0.0,0.0,0.0,0.0,41316
153,0.0,0.0,0.0,0.0,0.0,4456.5,38624.5,0.0,0.0,0.0,0.0,0.0,43081
154,0.0,0.0,0.0,0.0,0.0,4363.21,38980.47,7.32,0.0,0.0,0.0,0.0,43351
155,0.0,0.0,0.0,0.0,0.0,4243.38,34904.06,3252.57,0.0,0.0,0.0,0.0,42400
156,0.0,0.0,0.0,0.0,0.0,0.0,39660.78,1927.22,0.0,0.0,0.0,0.0,41588
157,0.0,0.0,0.0,0.0,0.0,4374.0,40067.51,0.0,0.0,3076.51,2830.39,0.0,41365
158,0.0,0.0,0.0,0.0,0.0,4182.5,36831.5,0.0,0.0,0.0,2830.39,0.0,41014
159,0.0,0.0,0.0,0.0,0.0,4182.87,36655.31,258.81,0.0,0.0,2830.39,0.0,41097
160,0.0,0.0,0.0,0.0,0.0,4232.21,35311.31,2286.48,0.0,0.0,2830.39,0.0,41830
161,0.0,0.0,0.0,0.0,0.0,4390.25,39241.46,358.29,0.0,0.0,2830.39,0.0,43990
162,0.0,0.0,0.0,0.0,0.0,4454.92,42863.08,0.0,0.0,0.0,2830.39,0.0,47318
163,0.0,0.0,0.0,0.0,0.0,4249.21,42321.79,0.0,0.0,0.0,2830.39,0.0,46571
164,0.0,0.0,0.0,0.0,0.0,4314.87,41691.13,0.0,0.0,0.0,2830.39,0.0,46006
165,0.0,0.0,0.0,0.0,0.0,4129.87,40847.13,0.0,0.0,0.0,2830.39,0.0,44977
166,0.0,0.0,0.0,0.0,0.0,4088.21,39202.79,0.0,0.0,0.0,2830.39,0.0,43291
167,0.0,0.0,0.0,0.0,0.0,38.38,41312.62,0.0,0.0,0.0,2830.39,0.0,41351
168,0.0,0.0,0.0,0.0,0.0,4412.38,44950.51,0.0,0.0,9986.88,12018.32,0.0,39376
169,0.0,0.0,0.0,0.0,0.0,4592.67,44701.99,0.0,0.0,11196.66,22319.24,0.0,38098
170,0.0,0.0,0.0,0.0,0.0,4374.0,44950.51,0.0,0.0,11927.51,33292.55,0.0,37397
171,0.0,0.0,0.0,0.0,0.0,0.0,40067.51,0.0,0.0,3457.51,36473.46,0.0,36610
172,0.0,0.0,0.0,0.0,0.0,0.0,36467.0,0.0,0.0,0.0,36473.46,0.0,36467
173,0.0,0.0,0.0,0.0,0.0,4155.0,44950.51,0.0,0.0,12361.51,47846.04,0.0,36744
174,0.0,0.0,0.0,0.0,0.0,4354.25,44950.51,0.0,0.0,12484.76,59332.02,0.0,36820
175,0.0,0.0,0.0,0.0,0.0,4249.0,44950.51,0.0,0.0,11698.51,70094.64,0.0,37501
176,0.0,0.0,0.0,0.0,0.0,4155.08,34334.92,0.0,0.0,0.0,70094.64,0.0,38490
177,0.0,0.0,0.0,0.0,0.0,0.0,38003.84,1105.16,0.0,0.0,70094.64,0.0,39109
178,0.0,0.0,0.0,0.0,0.0,0.0,37400.19,2450.81,0.0,0.0,70094.64,0.0,39851
179,0.0,0.0,0.0,0.0,0.0,4374.0,44950.51,1531.19,0.0,10766.69,80000.0,0.0,40089
180,0.0,0.0,0.0,0.0,0.0,4355.33,35124.51,118.16,0.0,0.0,80000.0,0.0,39598
181,0.0,0.0,0.0,0.0,0.0,0.0,39442.62,32.38,0.0,0.0,80000.0,0.0,39475
182,0.0,0.0,0.0,0.0,0.0,4105.58,35077.21,57.21,0.0,0.0,80000.0,0.0,39240
183,0.0,0.0,0.0,0.0,0.0,4334.58,34631.36,34.05,0.0,0.0,80000.0,0.0,39000
184,0.0,0.0,0.0,0.0,0.0,0.0,40156.7,96.3,0.0,0.0,80000.0,0.0,40253
185,0.0,0.0,0.0,0.0,0.0,4374.0,36425.2,1118.8,0.0,0.0,80000.0,0.0,41918
186,0.0,0.0,0.0,0.0,0.0,4442.33,40149.67,0.0,0.0,0.0,80000.0,0.0,44592
187,0.0,0.0,0.0,0.0,0.0,4239.37,39182.63,0.0,0.0,0.0,80000.0,0.0,43422
188,0.0,0.0,0.0,0.0,0.0,3982.58,37651.42,0.0,0.0,0.0,80000.0,0.0,41634
189,0.0,0.0,0.0,0.0,0.0,4013.08,16412.92,0.0,20000.0,0.0,58260.87,0.0,40426
190,0.0,0.0,0.0,0.0,0.0,0.0,39122.0,0.0,0.0,0.0,58260.87,0.0,39122
191,0.0,0.0,0.0,0.0,0.0,0.0,40067.51,0.0,0.0,2446.51,60511.66,0.0,37621
192,0.0,0.0,0.0,0.0,0.0,0.0,36158.0,0.0,0.0,0.0,60511.66,0.0,36158
193,0.0,0.0,0.0,0.0,0.0,4001.79,40212.19,0.0,0.0,9566.98,69313.28,0.0,34647
194,0.0,0.0,0.0,0.0,0.0,3679.21,30208.79,0.0,0.0,0.0,69313.28,0.0,33888
195,0.0,0.0,0.0,0.0,0.0,3803.58,29427.42,0.0,0.0,0.0,69313.28,0.0,33231
196,0.0,0.0,0.0,0.0,0.0,3760.46,28729.54,0.0,0.0,0.0,69313.28,0.0,32490
197,0.0,0.0,0.0,0.0,0.0,3779.71,28565.29,0.0,0.0,0.0,69313.28,0.0,32345
198,0.0,0.0,0.0,0.0,0.0,3876.04,28699.96,0.0,0.0,0.0,69313.28,0.0,32576
199,0.0,0.0,0.0,0.0,0.0,3964.71,29970.96,0.0,0.0,914.67,70154.78,0.0,33021
200,0.0,0.0,0.0,0.0,0.0,4037.0,17754.77,0.0,12265.23,0.0,56823.0,0.0,34057
201,0.0,0.0,0.0,0.0,0.0,3947.79,10365.99,894.22,20000.0,0.0,35083.87,0.0,35208
202,0.0,0.0,0.0,0.0,0.0,3786.96,28668.06,3951.98,0.0,0.0,35083.87,0.0,36407
203,0.0,0.0,0.0,0.0,0.0,0.0,27911.23,9960.77,0.0,0.0,35083.87,0.0,37872
204,0.0,0.0,0.0,0.0,0.0,0.0,30409.32,25819.58,0.0,17689.9,51358.58,0.0,38539
205,0.0,0.0,0.0,0.0,0.0,0.0,11714.5,27523.5,0.0,0.0,51358.58,0.0,39238
206,0.0,0.0,0.0,0.0,0.0,0.0,33247.84,25992.16,0.0,20000.0,69758.58,0.0,39240
207,0.0,0.0,0.0,0.0,0.0,0.0,40067.51,8021.93,0.0,9070.43,78103.38,0.0,39019
208,0.0,0.0,0.0,0.0,0.0,0.0,25073.19,14277.81,0.0,0.0,78103.38,0.0,39351
209,0.0,0.0,0.0,0.0,0.0,0.0,38788.58,4028.97,0.0,2061.54,80000.0,0.0,40756
210,0.0,4847.08,0.0,0.0,0.0,3753.75,34115.28,0.0,177.89,0.0,79806.64,0.0,42894
211,0.0,9694.16,0.0,0.0,0.0,3781.42,27403.48,0.0,1659.94,0.0,78002.36,0.0,42539
212,0.0,14541.24,0.0,0.0,0.0,3671.33,21635.33,0.0,1925.1,0.0,75909.85,0.0,41773
213,0.0,19388.31,0.0,0.0,0.0,3558.75,17652.19,0.0,292.75,0.0,75591.65,0.0,40892
214,0.0,19388.31,0.0,0.0,0.0,3578.71,15009.12,0.0,1604.86,0.0,73847.24,0.0,39581
215,0.0,19388.31,0.0,0.0,0.0,3639.83,13402.44,0.0,1515.41,0.0,72200.05,0.0,37946
216,0.0,19388.31,0.0,0.0,0.0,3397.5,12644.0,0.0,1000.19,0.0,71112.89,0.0,36430
217,0.0,19388.31,0.0,0.0,0.0,3524.17,11914.72,0.0,539.8,0.0,70526.16,0.0,35367
218,0.0,19388.31,0.0,0.0,0.0,3470.62,11214.04,0.0,810.02,0.0,69645.7,0.0,34883
219,0.0,19388.31,0.0,0.0,0.0,3469.46,9896.18,0.0,1646.05,0.0,67856.52,0.0,34400
220,0.0,19388.31,0.0,0.0,0.0,3267.0,9896.18,0.0,1821.51,0.0,65876.62,0.0,34373
221,0.0,19388.31,0.0,0.0,0.0,3243.21,11214.04,0.0,1387.44,0.0,64368.54,0.0,35233
222,0.0,19388.31,0.0,0.0,0.0,3184.46,12644.0,0.0,1260.23,0.0,62998.72,0.0,36477
223,0.0,19388.31,0.0,0.0,0.0,3371.75,15009.12,0.0,923.82,0.0,61994.58,0.0,38693
224,0.0,19388.31,0.0,0.0,0.0,3533.79,16739.33,0.0,2141.57,0.0,59666.79,0.0,41803
225,0.0,19388.31,0.0,0.0,0.0,3361.54,19576.27,1218.27,0.0,819.39,60420.63,0.0,42725
226,0.0,15950.16,0.0,0.0,0.0,3323.04,20588.64,7986.93,0.0,4830.77,64864.94,0.0,43018
227,0.0,11103.08,0.0,0.0,0.0,3344.54,18597.64,11033.23,0.0,2130.49,66824.99,0.0,41948
228,0.0,15004.92,0.0,0.0,0.0,3543.54,16739.33,16748.72,0.0,9756.51,75800.98,0.0,42280
229,0.0,10157.84,0.0,0.0,0.0,3513.42,15858.5,12824.25,0.0,0.0,75800.98,0.0,42354
230,0.0,14097.73,0.0,0.0,0.0,3374.58,14190.63,15158.21,0.0,4564.15,80000.0,0.0,42257
231,0.0,18944.81,0.0,0.0,0.0,3583.96,12644.0,7398.23,0.0,0.0,80000.0,0.0,42571
232,0.0,19388.31,0.0,0.0,3949.47,3654.42,11214.04,5051.75,0.0,0.0,80000.0,0.0,43258
233,0.0,19388.31,0.0,0.0,11463.48,3421.5,9896.18,961.53,0.0,0.0,80000.0,0.0,45131
234,0.0,19388.31,0.0,0.0,13032.82,3100.79,9277.85,0.0,2751.22,0.0,77009.55,0.0,47551
235,0.0,19388.31,0.0,0.0,13032.82,2975.21,8685.83,0.0,2903.82,0.0,73853.22,0.0,46986
236,0.0,19388.31,0.0,0.0,13032.82,2874.17,8119.55,0.0,2842.15,0.0,70763.93,0.0,46257
237,0.0,19388.31,0.0,0.0,13032.82,3000.08,7578.43,0.0,2152.35,0.0,68424.42,0.0,45152
238,0.0,19388.31,0.0,0.0,13032.82,3065.04,7061.9,0.0,875.92,0.0,67472.34,0.0,43424
239,0.0,19388.31,0.0,0.0,13032.82,3226.96,6569.4,0.0,0.0,331.49,67777.31,0.0,41886
240,0.0,19388.31,0.0,0.0,13032.82,3236.67,5654.16,0.0,0.0,839.96,68550.08,0.0,40472
241,0.0,19388.31,0.0,0.0,13032.82,3095.67,4828.13,0.0,0.0,1249.94,69700.02,0.0,39095
242,0.0,19388.31,0.0,0.0,13032.82,3257.75,4086.75,0.0,0.0,1399.64,70987.68,0.0,38366
243,0.0,19388.31,0.0,0.0,13032.82,3082.87,3123.37,0.0,0.0,587.39,71528.08,0.0,38040
244,0.0,19388.31,0.0,0.0,13032.82,3172.67,2839.61,0.0,0.0,342.42,71843.1,0.0,38091
245,0.0,19388.31,0.0,0.0,13032.82,3209.25,2324.71,0.0,1162.91,0.0,70579.07,0.0,39118
246,0.0,19388.31,0.0,0.0,13032.82,3056.21,1489.34,0.0,3304.31,0.0,66987.43,0.0,40271
247,0.0,19388.31,0.0,0.0,13032.82,3115.71,1159.73,0.0,6130.42,0.0,60323.93,0.0,42827
248,0.0,19388.31,0.0,0.0,13032.82,3180.25,1159.73,0.0,8326.88,0.0,51272.97,0.0,45088
249,0.0,19388.31,0.0,0.0,13032.82,3314.71,0.0,220.46,10332.69,0.0,40041.78,0.0,46289
250,0.0,19388.31,0.0,0.0,13032.82,3066.67,0.0,2364.2,8820.0,0.0,30454.83,0.0,46672
251,0.0,19388.31,0.0,0.0,13032.82,3120.5,0.0,1248.88,9734.48,0.0,19873.87,0.0,46525
252,0.0,19388.31,0.0,0.0,13032.82,3112.54,0.0,1559.87,9071.45,0.0,10013.59,0.0,46165
253,0.0,19388.31,0.0,0.0,13032.82,2994.88,1489.34,3583.08,5272.57,0.0,4282.54,0.0,45761
254,0.0,19388.31,0.0,0.0,13032.82,3463.08,3746.37,1941.47,3939.94,0.0,0.0,0.0,45512
255,0.0,19388.31,0.0,0.0,7625.15,3082.83,12644.0,2236.7,0.0,0.0,0.0,0.0,44977
256,0.0,14721.58,0.0,0.0,0.0,3006.71,24986.99,2951.73,0.0,0.0,0.0,0.0,45667
257,0.0,9874.5,0.0,0.0,0.0,3133.12,34115.28,2878.0,0.0,2885.91,2655.04,0.0,47115
258,0.0,13045.29,0.0,0.0,0.0,3278.71,32694.0,0.0,0.0,0.0,2655.04,0.0,49018
259,0.0,17630.39,0.0,0.0,0.0,3212.13,27403.48,0.0,0.0,0.0,2655.04,0.0,48246
260,0.0,18771.51,0.0,0.0,0.0,3266.5,24986.99,0.0,0.0,0.0,2655.04,0.0,47025
261,0.0,15007.34,0.0,0.0,0.0,3132.67,27403.48,0.0,49.51,0.0,2601.22,0.0,45593
262,0.0,10160.26,0.0,0.0,0.0,3350.88,32694.0,0.0,0.0,2894.13,5263.82,0.0,43311
263,0.0,5313.18,0.0,0.0,0.0,3471.71,32694.0,0.0,0.0,840.89,6037.44,0.0,40638
264,0.0,2991.78,0.0,0.0,0.0,3393.42,32694.0,0.0,0.0,404.2,6409.3,0.0,38675
265,0.0,7838.86,0.0,0.0,0.0,3341.17,27403.48,0.0,0.0,1539.51,7825.65,0.0,37044
266,0.0,12685.94,0.0,0.0,0.0,3475.79,19576.27,0.0,0.0,0.0,7825.65,0.0,35738
267,0.0,17533.02,0.0,0.0,0.0,3429.25,13402.44,0.0,626.29,0.0,7144.89,0.0,34991
268,0.0,18965.0,0.0,0.0,0.0,3294.0,12644.0,0.0,0.0,0.0,7144.89,0.0,34903
269,0.0,17947.22,0.0,0.0,0.0,3657.33,13402.44,0.0,0.0,0.0,7144.89,0.0,35007
270,0.0,19192.89,0.0,0.0,0.0,3306.67,13402.44,0.0,0.0,0.0,7144.89,0.0,35902
271,0.0,17899.59,0.0,0.0,0.0,3330.08,16739.33,0.0,0.0,0.0,7144.89,0.0,37969
272,0.0,17558.1,0.0,0.0,0.0,3127.62,19576.27,0.0,0.0,0.0,7144.89,0.0,40262
273,0.0,17394.46,0.0,0.0,0.0,3428.25,20588.64,465.64,0.0,0.0,7144.89,0.0,41877
274,0.0,13460.12,0.0,0.0,0.0,3720.92,23833.93,1789.04,0.0,0.0,7144.89,0.0,42804
275,0.0,10653.14,0.0,0.0,0.0,3581.54,26176.65,2957.67,0.0,0.0,7144.89,0.0,43369
276,0.0,12849.36,0.0,0.0,0.0,3723.46,23833.93,7639.95,0.0,4246.69,11051.85,0.0,43800
277,0.0,17696.43,0.0,0.0,0.0,3753.17,20588.64,2396.76,0.0,0.0,11051.85,0.0,44435
278,0.0,15302.04,0.0,0.0,0.0,3089.08,19576.27,710.1,5549.5,0.0,5019.78,0.0,44227
279,0.0,10454.96,0.0,0.0,0.0,3221.67,23833.93,1916.24,4618.2,0.0,0.0,0.0,44045
280,0.0,5607.88,0.0,0.0,0.0,3506.25,32694.0,2304.43,0.0,42.56,39.16,0.0,44070
281,0.0,760.81,0.0,0.0,0.0,3363.21,40212.19,544.77,36.03,0.0,0.0,0.0,44917
282,0.0,0.0,0.0,0.0,0.0,3339.33,44950.51,0.0,0.0,1921.84,1768.09,0.0,46368
283,0.0,0.0,0.0,0.0,0.0,3307.83,42061.17,0.0,0.0,0.0,1768.09,0.0,45369
284,0.0,0.0,0.0,0.0,0.0,0.0,44442.0,0.0,0.0,0.0,1768.09,0.0,44442
285,0.0,0.0,0.0,0.0,0.0,3110.38,40157.62,0.0,0.0,0.0,1768.09,0.0,43268
286,0.0,0.0,0.0,0.0,0.0,0.0,41378.0,0.0,0.0,0.0,1768.09,0.0,41378
287,0.0,0.0,0.0,0.0,0.0,3216.96,44950.51,0.0,0.0,9185.46,10218.72,0.0,38982
288,0.0,0.0,0.0,0.0,0.0,3554.08,44950.51,0.0,0.0,11778.59,21055.02,0.0,36726
289,0.0,0.0,0.0,0.0,0.0,3512.0,44950.51,0.0,0.0,12936.51,32956.61,0.0,35526
290,0.0,0.0,0.0,0.0,0.0,3602.08,44950.51,0.0,0.0,14135.59,45961.35,0.0,34417
291,0.0,0.0,0.0,0.0,0.0,3972.71,37469.94,0.0,0.0,7604.64,52957.62,0.0,33838
292,0.0,0.0,0.0,0.0,0.0,3544.92,44950.51,0.0,0.0,14791.42,66565.73,0.0,33704
293,0.0,0.0,0.0,0.0,0.0,3740.96,44950.51,0.0,0.0,14602.46,80000.0,0.0,34089
294,0.0,0.0,0.0,0.0,0.0,3374.87,31932.13,0.0,0.0,0.0,80000.0,0.0,35307
295,0.0,0.0,0.0,0.0,0.0,0.0,38004.0,0.0,0.0,0.0,80000.0,0.0,38004
296,0.0,0.0,0.0,0.0,0.0,3463.87,37204.13,0.0,0.0,0.0,80000.0,0.0,40668
297,0.0,4847.08,0.0,0.0,0.0,3922.79,31312.75,950.63,1161.75,0.0,78737.23,0.0,42195
298,0.0,9537.3,0.0,0.0,0.0,4043.08,24986.99,4673.28,0.0,127.64,78854.66,0.0,43113
299,0.0,14384.38,0.0,0.0,0.0,3358.5,18597.64,8405.41,0.0,1244.93,80000.0,0.0,43501
300,0.0,13155.51,0.0,0.0,0.0,3532.58,14190.63,13235.28,0.0,0.0,80000.0,0.0,44114
301,0.0,16699.19,0.0,0.0,0.0,4068.08,9277.85,14082.88,0.0,0.0,80000.0,0.0,44128
302,0.0,19388.31,0.0,0.0,558.27,4103.5,5654.16,8540.65,4794.11,0.0,74789.01,0.0,43039
303,0.0,19388.31,0.0,0.0,4691.82,4035.0,2573.58,3727.22,8224.07,0.0,65849.81,0.0,42640
304,0.0,19388.31,0.0,0.0,13032.82,4036.46,1159.73,1952.17,3086.5,0.0,62494.92,0.0,42656
305,0.0,19388.31,0.0,0.0,13032.82,4306.13,0.0,462.62,6580.12,0.0,55342.61,0.0,43770
306,0.0,19388.31,0.0,0.0,4691.82,3897.79,1159.73,0.0,16155.35,0.0,37782.45,0.0,45293
307,0.0,19388.31,0.0,0.0,13032.82,3800.83,2839.61,0.0,5650.42,0.0,31640.7,0.0,44712
308,0.0,19388.31,0.0,0.0,13032.82,3697.46,6569.4,0.0,1182.01,0.0,30355.91,0.0,43870
309,0.0,19388.31,0.0,0.0,9223.67,3852.83,9896.18,0.0,0.0,0.0,30355.91,0.0,42361
310,0.0,19388.31,0.0,0.0,4098.95,3953.29,13402.44,0.0,0.0,0.0,30355.91,0.0,40843
311,0.0,19388.31,0.0,0.0,0.0,4255.46,15858.5,0.0,0.0,525.27,30839.15,0.0,38977
312,0.0,19388.31,0.0,0.0,0.0,4508.38,16739.33,0.0,0.0,3760.02,34298.37,0.0,36876
313,0.0,19388.31,0.0,0.0,0.0,3689.88,16739.33,0.0,0.0,4369.52,38318.33,0.0,35448
314,0.0,19388.31,0.0,0.0,0.0,4096.54,16739.33,0.0,0.0,5597.18,43467.74,0.0,34627
315,0.0,19388.31,0.0,0.0,0.0,4571.13,16739.33,0.0,0.0,6445.77,49397.84,0.0,34253
316,0.0,19388.31,0.0,0.0,0.0,4264.12,16739.33,0.0,0.0,6272.77,55168.79,0.0,34119
317,0.0,19388.31,0.0,0.0,0.0,4223.54,16739.33,0.0,0.0,5681.18,60395.48,0.0,34670
318,0.0,19388.31,0.0,0.0,0.0,4152.83,17652.19,0.0,0.0,5026.33,65019.7,0.0,36167
319,0.0,19388.31,0.0,0.0,0.0,4145.54,19576.27,0.0,0.0,4550.13,69205.82,0.0,38560
320,0.0,19388.31,0.0,0.0,0.0,4041.79,20588.64,0.0,0.0,3069.75,72029.99,0.0,40949
321,0.0,19388.31,0.0,0.0,0.0,4182.83,21635.33,3060.31,0.0,6099.78,77641.79,0.0,42167
322,0.0,19388.31,0.0,0.0,0.0,4243.92,19576.27,1690.77,0.0,2563.28,80000.0,0.0,42336
323,0.0,19388.31,0.0,0.0,119.74,4223.88,15009.12,3416.95,0.0,0.0,80000.0,0.0,42158
324,0.0,19388.31,0.0,0.0,624.61,4151.46,12644.0,5125.61,0.0,0.0,80000.0,0.0,41934
325,0.0,19388.31,0.0,0.0,4352.13,3749.75,12644.0,1476.81,0.0,0.0,80000.0,0.0,41611
326,0.0,19388.31,0.0,0.0,2670.06,3796.46,11914.72,3410.45,0.0,0.0,80000.0,0.0,41180
327,0.0,19388.31,0.0,0.0,4152.73,3917.58,10541.38,3269.99,0.0,0.0,80000.0,0.0,41270
328,0.0,19388.31,0.0,0.0,8738.54,3968.38,9277.85,821.92,0.0,0.0,80000.0,0.0,42195
329,0.0,19388.31,0.0,0.0,11545.85,4023.46,8685.83,198.54,0.0,0.0,80000.0,0.0,43842
330,0.0,19388.31,0.0,0.0,13032.82,4030.12,8119.55,0.0,2355.19,0.0,77440.01,0.0,46926
331,0.0,19388.31,0.0,0.0,13032.82,3912.25,5654.16,0.0,4643.46,0.0,72392.78,0.0,46631
332,0.0,19388.31,0.0,0.0,13032.82,4262.67,3425.44,0.0,5626.76,0.0,66276.74,0.0,45736
333,0.0,19388.31,0.0,0.0,13032.82,4545.37,2324.71,0.0,5630.78,0.0,60156.32,0.0,44922
334,0.0,19388.31,0.0,0.0,13032.82,3859.67,1317.67,0.0,6033.52,0.0,53598.14,0.0,43632
335,0.0,19388.31,0.0,0.0,13032.82,3904.79,0.0,0.0,5389.07,0.0,47740.46,0.0,41715
336,0.0,19388.31,0.0,0.0,13032.82,4259.63,0.0,0.0,3925.24,0.0,43473.9,0.0,40606
337,0.0,19388.31,0.0,0.0,13032.82,4193.75,0.0,0.0,1878.11,0.0,41432.47,0.0,38493
338,0.0,19388.31,0.0,0.0,13032.82,3901.58,1159.73,0.0,537.55,0.0,40848.18,0.0,38020
339,0.0,19388.31,0.0,0.0,8044.22,4000.13,6100.34,0.0,0.0,0.0,40848.18,0.0,37533
340,0.0,19388.31,0.0,0.0,6494.14,4180.12,13402.44,0.0,0.0,5699.02,46091.28,0.0,37766
341,0.0,19388.31,0.0,0.0,9895.15,3996.83,16739.33,0.0,0.0,11748.63,56900.01,0.0,38271
342,0.0,19388.31,0.0,0.0,1554.14,3592.92,14190.63,0.0,0.0,0.0,56900.01,0.0,38726
343,0.0,19388.31,0.0,0.0,8273.06,3902.79,8685.83,0.0,0.0,0.0,56900.01,0.0,40250
344,0.0,19388.31,0.0,0.0,13032.82,4171.67,4828.13,0.0,541.06,0.0,56311.9,0.0,41962
345,0.0,19388.31,0.0,0.0,13032.82,4206.96,2573.58,702.22,3557.1,0.0,52445.48,0.0,43461
346,0.0,19388.31,0.0,0.0,13004.65,4307.21,1876.14,4970.69,0.0,0.0,52445.48,0.0,43547
347,0.0,19388.31,0.0,0.0,8012.59,4104.79,2092.42,9941.89,0.0,0.0,52445.48,0.0,43540
348,0.0,19388.31,0.0,0.0,13032.82,4102.08,2839.61,16169.06,0.0,12566.9,64007.03,0.0,42965
349,0.0,19388.31,0.0,0.0,4691.82,3891.21,3425.44,15136.14,0.0,4120.92,67798.27,0.0,42412
350,0.0,19388.31,0.0,0.0,4469.62,4221.71,2839.61,14092.42,0.0,3425.67,70949.89,0.0,41586
351,0.0,19388.31,0.0,0.0,12810.62,4116.38,1489.34,3666.35,0.0,0.0,70949.89,0.0,41471
352,0.0,19388.31,0.0,0.0,13032.82,4043.0,0.0,2262.17,4218.69,0.0,66364.35,0.0,42945
353,0.0,19388.31,0.0,0.0,13032.82,4566.46,0.0,545.2,7859.21,0.0,57821.74,0.0,45392
354,0.0,19388.31,0.0,0.0,13032.82,4409.67,0.0,0.0,11062.2,0.0,45797.61,0.0,47893
355,0.0,19388.31,0.0,0.0,13032.82,3878.38,0.0,0.0,11270.49,0.0,33547.08,0.0,47570
356,0.0,19388.31,0.0,0.0,13032.82,3525.21,1489.34,0.0,8533.31,0.0,24271.74,0.0,45969
357,0.0,19388.31,0.0,0.0,13032.82,3797.21,2324.71,0.0,6338.95,0.0,17381.58,0.0,44882
358,0.0,19388.31,0.0,0.0,13032.82,4224.29,4447.15,0.0,2038.42,0.0,15165.9,0.0,43131
359,0.0,19388.31,0.0,0.0,10776.46,4003.79,7578.43,0.0,0.0,0.0,15165.9,0.0,41747
360,0.0,19388.31,0.0,0.0,13032.82,3855.42,7578.43,0.0,0.0,3970.99,18819.21,0.0,39884
361,0.0,19388.31,0.0,0.0,13032.82,4065.75,5654.16,0.0,0.0,3886.04,22394.37,0.0,38255
362,0.0,19388.31,0.0,0.0,13032.82,4203.13,4828.13,0.0,0.0,3850.39,25936.73,0.0,37602
363,0.0,19388.31,0.0,0.0,13032.82,3692.33,4086.75,0.0,0.0,3541.22,29194.66,0.0,36659
364,0.0,19388.31,0.0,0.0,11835.27,3659.83,2573.58,0.0,0.0,0.0,29194.66,0.0,37457
365,0.0,19388.31,0.0,0.0,12708.42,3558.12,1876.14,0.0,0.0,0.0,29194.66,0.0,37531
366,0.0,19388.31,0.0,0.0,13032.82,2162.79,1317.67,0.0,1624.4,0.0,27429.01,0.0,37526
367,0.0,19388.31,0.0,0.0,13032.82,2162.79,0.0,0.0,4035.07,0.0,23043.07,0.0,38619
368,0.0,19388.31,0.0,0.0,13032.82,2162.79,0.0,0.0,5055.07,0.0,17548.43,0.0,39639
369,0.0,19388.31,0.0,0.0,13032.82,2162.79,0.0,4447.86,1313.21,0.0,16121.03,0.0,40345
370,0.0,19388.31,0.0,0.0,13032.82,2162.79,0.0,5158.51,791.56,0.0,15260.63,0.0,40534
371,0.0,19388.31,0.0,0.0,10436.66,2162.79,0.0,8202.23,0.0,0.0,15260.63,0.0,40190
372,0.0,19388.31,0.0,0.0,4691.82,2162.79,0.0,14521.37,0.0,963.3,16146.87,0.0,39801
373,0.0,19388.31,0.0,0.0,13032.82,2162.79,0.0,10124.66,0.0,5346.59,21065.73,0.0,39362
374,0.0,19388.31,0.0,0.0,13032.82,2162.79,0.0,9098.81,0.0,4811.74,25492.53,0.0,38871
375,0.0,19388.31,0.0,0.0,12272.98,2162.79,1489.34,3255.57,0.0,0.0,25492.53,0.0,38569
376,0.0,19388.31,0.0,0.0,13032.82,2162.79,2839.61,14389.41,0.0,12097.96,36622.65,0.0,39715
377,0.0,19388.31,0.0,0.0,11627.36,2162.79,6569.4,2664.13,0.0,0.0,36622.65,0.0,42412
378,0.0,19388.31,0.0,0.0,13032.82,2162.79,7578.43,0.0,3861.64,0.0,32425.22,0.0,46024
379,0.0,19388.31,0.0,0.0,13032.82,2162.79,7061.9,0.0,3594.16,0.0,28518.52,0.0,45240
380,0.0,19388.31,0.0,0.0,12585.06,2162.79,8685.83,0.0,0.0,0.0,28518.52,0.0,42822
381,0.0,19388.31,0.0,0.0,10719.71,2162.79,9896.18,0.0,0.0,0.0,28518.52,0.0,42167
382,0.0,19388.31,0.0,0.0,10971.06,2162.79,8685.83,0.0,0.0,0.0,28518.52,0.0,41208
383,0.0,19388.31,0.0,0.0,11062.99,2162.79,7061.9,0.0,0.0,0.0,28518.52,0.0,39676
384,0.0,19388.31,0.0,0.0,10807.74,2162.79,5654.16,0.0,0.0,0.0,28518.52,0.0,38013
385,0.0,19388.31,0.0,0.0,8821.74,2162.79,5654.16,0.0,0.0,0.0,28518.52,0.0,36027
386,0.0,19388.31,0.0,0.0,13032.82,2162.79,5654.16,0.0,0.0,5425.09,33509.6,0.0,34813
387,0.0,19388.31,0.0,0.0,13032.82,2162.79,4828.13,0.0,0.0,5491.06,38561.37,0.0,33921
388,0.0,19388.31,0.0,0.0,13032.82,2162.79,3746.37,0.0,0.0,4672.3,42859.89,0.0,33658
389,0.0,19388.31,0.0,0.0,9278.52,2162.79,3123.37,0.0,0.0,0.0,42859.89,0.0,33953
390,0.0,19388.31,0.0,0.0,10907.28,2162.79,2839.61,0.0,0.0,0.0,42859.89,0.0,35298
391,0.0,19388.31,0.0,0.0,13032.82,2162.79,1876.14,0.0,1328.93,0.0,41415.4,0.0,37789
392,0.0,19388.31,0.0,0.0,13032.82,2162.79,0.0,0.0,5396.07,0.0,35550.11,0.0,39980
393,0.0,19388.31,0.0,0.0,13032.82,2162.79,0.0,2456.54,4282.53,0.0,30895.19,0.0,41323
394,0.0,19388.31,0.0,0.0,13032.82,2162.79,0.0,4427.02,2889.05,0.0,27754.92,0.0,41900
395,0.0,19388.31,0.0,0.0,10094.08,2162.79,0.0,11050.81,0.0,0.0,27754.92,0.0,42696
396,0.0,19388.31,0.0,0.0,8149.74,2162.79,0.0,13094.16,0.0,0.0,27754.92,0.0,42795
397,0.0,19388.31,0.0,0.0,13032.82,2162.79,0.0,14605.59,0.0,6588.52,33816.36,0.0,42601
398,0.0,19388.31,0.0,0.0,6931.62,2162.79,1489.34,12252.94,0.0,0.0,33816.36,0.0,42225
399,0.0,19388.31,0.0,0.0,605.72,2162.79,1675.31,17709.86,0.0,0.0,33816.36,0.0,41542
400,0.0,19388.31,0.0,0.0,4691.82,2162.79,2324.71,14256.11,0.0,1186.74,34908.16,0.0,41637
401,0.0,19388.31,0.0,0.0,13032.82,2162.79,3425.44,618.82,3610.82,0.0,30983.36,0.0,42239
402,0.0,19388.31,0.0,0.0,13032.82,2162.79,5230.28,0.0,4410.79,0.0,26189.02,0.0,44225
403,0.0,19388.31,0.0,0.0,13032.82,2162.79,6569.4,0.0,2637.67,0.0,23321.98,0.0,43791
404,0.0,19388.31,0.0,0.0,13032.82,2162.79,7578.43,0.0,830.64,0.0,22419.12,0.0,42993
405,0.0,19388.31,0.0,0.0,12924.46,2162.79,7578.43,0.0,0.0,0.0,22419.12,0.0,42054
406,0.0,19388.31,0.0,0.0,12189.5,2162.79,6569.4,0.0,0.0,0.0,22419.12,0.0,40310
407,0.0,19388.31,0.0,0.0,9927.55,2162.79,6100.34,0.0,0.0,0.0,22419.12,0.0,37579
408,0.0,19388.31,0.0,0.0,8926.61,2162.79,5230.28,0.0,0.0,0.0,22419.12,0.0,35708
409,0.0,19388.31,0.0,0.0,8487.75,2162.79,4447.15,0.0,0.0,0.0,22419.12,0.0,34486
410,0.0,19388.31,0.0,0.0,13032.82,2162.79,4086.75,0.0,0.0,4939.68,26963.62,0.0,33731
411,0.0,19388.31,0.0,0.0,7799.75,2162.79,4447.15,0.0,0.0,0.0,26963.62,0.0,33798
412,0.0,19388.31,0.0,0.0,13032.82,2162.79,4828.13,0.0,0.0,5761.06,32263.8,0.0,33651
413,0.0,19388.31,0.0,0.0,7944.61,2162.79,5230.28,0.0,0.0,0.0,32263.8,0.0,34726
414,0.0,19388.31,0.0,0.0,7707.5,2162.79,6569.4,0.0,0.0,0.0,32263.8,0.0,35828
415,0.0,19388.31,0.0,0.0,10399.5,2162.79,6569.4,0.0,0.0,0.0,32263.8,0.0,38520
416,0.0,19388.31,0.0,0.0,13032.82,2162.79,5654.16,0.0,1036.91,0.0,31136.72,0.0,41275
417,0.0,19388.31,0.0,0.0,13032.82,2162.79,4447.15,1402.79,2059.13,0.0,28898.54,0.0,42493
418,0.0,19388.31,0.0,0.0,7991.72,2162.79,3425.44,10019.74,0.0,0.0,28898.54,0.0,42988
419,0.0,19388.31,0.0,0.0,9290.51,2162.79,2092.42,10130.97,0.0,0.0,28898.54,0.0,43065
420,0.0,19388.31,0.0,0.0,13032.82,2162.79,1317.67,18293.95,0.0,11135.56,39143.25,0.0,43060
421,0.0,19388.31,0.0,0.0,4691.82,2162.79,0.0,29449.91,0.0,12484.84,50629.3,0.0,43208
422,0.0,19388.31,0.0,0.0,8341.01,2162.79,0.0,27590.81,0.0,15093.93,64515.71,0.0,42389
423,0.0,19388.31,0.0,0.0,0.0,2162.79,0.0,23154.56,0.0,2838.67,67127.29,0.0,41867
424,0.0,19388.31,0.0,0.0,4800.52,2162.79,0.0,16000.37,0.0,0.0,67127.29,0.0,42352
425,0.0,19388.31,0.0,0.0,13032.82,2162.79,0.0,6069.16,3091.9,0.0,63766.52,0.0,43745
426,0.0,19388.31,0.0,0.0,13032.82,2162.79,0.0,0.0,11138.07,0.0,51659.92,0.0,45722
427,0.0,19388.31,0.0,0.0,13032.82,2162.79,0.0,0.0,10942.07,0.0,39766.37,0.0,45526
428,0.0,19388.31,0.0,0.0,13032.82,2162.79,0.0,0.0,9516.07,0.0,29422.82,0.0,44100
429,0.0,19388.31,0.0,0.0,13032.82,2162.79,0.0,0.0,7809.07,0.0,20934.7,0.0,42393
430,0.0,19388.31,0.0,0.0,13032.82,2162.79,0.0,0.0,6605.07,0.0,13755.28,0.0,41189
431,0.0,19388.31,0.0,0.0,13032.82,2162.79,0.0,0.0,4305.07,0.0,9075.86,0.0,38889
432,0.0,19388.31,0.0,0.0,13032.82,2162.79,2092.42,0.0,323.65,0.0,8724.06,0.0,37000
433,0.0,19388.31,0.0,0.0,10724.46,2162.79,3425.44,0.0,0.0,0.0,8724.06,0.0,35701
434,0.0,19388.31,0.0,0.0,10364.52,2162.79,3123.37,0.0,0.0,0.0,8724.06,0.0,35039
435,0.0,19388.31,0.0,0.0,9917.52,2162.79,3123.37,0.0,0.0,0.0,8724.06,0.0,34592
436,0.0,19388.31,0.0,0.0,9862.52,2162.79,3123.37,0.0,0.0,0.0,8724.06,0.0,34537
437,0.0,19388.31,0.0,0.0,13032.82,2162.79,2324.71,0.0,0.0,2256.64,10800.17,0.0,34652
438,0.0,19388.31,0.0,0.0,13032.82,2162.79,1675.31,0.0,0.0,742.24,11483.02,0.0,35517
439,0.0,19388.31,0.0,0.0,13032.82,2162.79,1317.67,0.0,1912.4,0.0,9404.33,0.0,37814
440,0.0,19388.31,0.0,0.0,13032.82,2162.79,0.0,0.0,5865.07,0.0,3029.26,0.0,40449
441,0.0,19388.31,0.0,0.0,13032.82,2162.79,0.0,4628.15,2786.92,0.0,0.0,0.0,41999
442,0.0,19388.31,0.0,0.0,5211.38,2162.79,0.0,15476.51,0.0,0.0,0.0,0.0,42239
443,0.0,19388.31,0.0,0.0,0.0,2162.79,0.0,23500.54,0.0,3082.65,2836.03,0.0,41969
444,0.0,19388.31,0.0,0.0,0.0,2162.79,1159.73,28352.6,0.0,9588.44,11657.4,0.0,41475
445,0.0,19388.31,0.0,0.0,0.0,2162.79,2324.71,30074.7,0.0,12705.51,23346.47,0.0,41245
446,0.0,19388.31,0.0,0.0,8341.01,2162.79,4086.75,6272.35,573.79,0.0,22722.78,0.0,40825
447,0.0,19388.31,0.0,0.0,5684.42,2162.79,6100.34,7406.14,0.0,0.0,22722.78,0.0,40742
448,0.0,19388.31,0.0,0.0,6488.74,2162.79,8685.83,4406.32,0.0,0.0,22722.78,0.0,41132
449,0.0,19388.31,0.0,0.0,2198.18,2162.79,11914.72,7017.99,0.0,0.0,22722.78,0.0,42682
450,0.0,19388.31,0.0,0.0,6120.61,2162.79,14190.63,0.0,3319.65,0.0,19114.47,0.0,45182
451,0.0,19388.31,0.0,0.0,7066.56,2162.79,16739.33,0.0,0.0,0.0,19114.47,0.0,45357
452,0.0,19388.31,0.0,0.0,5825.56,2162.79,16739.33,0.0,0.0,0.0,19114.47,0.0,44116
453,0.0,19388.31,0.0,0.0,4691.82,2162.79,8685.83,0.0,8018.24,0.0,10398.99,0.0,42947
454,0.0,19388.31,0.0,0.0,13032.82,2162.79,1159.73,0.0,5570.34,0.0,4344.27,0.0,41314
455,0.0,19388.31,0.0,0.0,13032.82,2162.79,1317.67,0.0,3815.4,0.0,197.1,0.0,39717
456,0.0,19388.31,0.0,0.0,8341.01,2162.79,8119.55,0.0,181.33,0.0,0.0,0.0,38193
457,0.0,18372.88,0.0,0.0,0.0,2162.79,16739.33,0.0,0.0,0.0,0.0,0.0,37275
458,0.0,13525.8,0.0,0.0,0.0,2162.79,31312.75,0.0,0.0,10236.34,9417.44,0.0,36765
459,0.0,8678.72,0.0,0.0,0.0,2162.79,44950.51,0.0,0.0,19082.02,26972.9,0.0,36710
460,0.0,3831.64,0.0,0.0,0.0,2162.79,36287.64,0.0,0.0,5845.07,32350.36,0.0,36437
461,0.0,0.0,0.0,0.0,0.0,0.0,23009.07,0.0,14154.93,0.0,16964.57,0.0,37164
462,0.0,0.0,0.0,0.0,0.0,2162.79,35577.17,0.0,598.03,0.0,16314.53,0.0,38338
463,0.0,0.0,0.0,0.0,0.0,2162.79,44950.51,0.0,0.0,5896.3,21739.13,0.0,41217
464,0.0,0.0,0.0,0.0,0.0,0.0,44622.0,0.0,0.0,0.0,21739.13,0.0,44622
465,0.0,0.0,0.0,0.0,0.0,0.0,25284.0,0.0,20000.0,0.0,0.0,0.0,45284
466,0.0,0.0,0.0,0.0,0.0,0.0,43798.83,144.17,0.0,0.0,0.0,0.0,43943
467,0.0,0.0,0.0,0.0,0.0,2162.79,36041.76,25194.45,0.0,20000.0,18400.0,0.0,43399
468,0.0,0.0,0.0,0.0,0.0,0.0,13434.05,29630.95,0.0,0.0,18400.0,0.0,43065
469,0.0,0.0,0.0,0.0,0.0,0.0,44809.06,17980.94,0.0,20000.0,36800.0,0.0,42790
470,0.0,0.0,0.0,0.0,0.0,2162.79,31036.8,29463.41,0.0,20000.0,55200.0,0.0,42663
471,0.0,0.0,0.0,0.0,0.0,2162.79,44950.51,166.44,0.0,4796.74,59613.0,0.0,42483
472,0.0,0.0,0.0,0.0,0.0,0.0,43136.0,0.0,0.0,0.0,59613.0,0.0,43136
473,0.0,0.0,0.0,0.0,0.0,2162.79,43650.96,111.25,0.0,0.0,59613.0,0.0,45925
474,0.0,0.0,0.0,0.0,0.0,2162.79,37291.31,0.0,9792.89,0.0,48968.55,0.0,49247
475,0.0,0.0,0.0,0.0,0.0,2162.79,26961.21,0.0,20000.0,0.0,27229.42,0.0,49124
476,0.0,0.0,0.0,0.0,0.0,2162.79,44950.51,0.0,719.7,0.0,26447.14,0.0,47833
477,0.0,0.0,0.0,0.0,0.0,0.0,27327.0,0.0,20000.0,0.0,4708.01,0.0,47327
478,0.0,0.0,0.0,0.0,0.0,2162.79,43524.21,0.0,0.0,0.0,4708.01,0.0,45687
479,0.0,0.0,0.0,0.0,0.0,2162.79,44950.51,0.0,0.0,4295.3,8659.68,0.0,42818
480,0.0,0.0,0.0,0.0,0.0,2162.79,44950.51,0.0,0.0,6157.3,14324.4,0.0,40956
481,0.0,0.0,0.0,0.0,0.0,0.0,39964.0,0.0,0.0,0.0,14324.4,0.0,39964
482,0.0,0.0,0.0,0.0,0.0,2162.79,44950.51,0.0,0.0,7769.3,21472.16,0.0,39344
483,0.0,0.0,0.0,0.0,0.0,2162.79,44950.51,0.0,0.0,7917.3,28756.07,0.0,39196
484,0.0,0.0,0.0,0.0,0.0,2162.79,44950.51,0.0,0.0,8044.3,36156.83,0.0,39069
485,0.0,0.0,0.0,0.0,0.0,2162.79,44950.51,0.0,0.0,8004.3,43520.78,0.0,39109
486,0.0,0.0,0.0,0.0,0.0,0.0,40449.0,0.0,0.0,0.0,43520.78,0.0,40449
487,0.0,0.0,0.0,0.0,0.0,2162.79,40666.21,0.0,0.0,0.0,43520.78,0.0,42829
488,0.0,0.0,0.0,0.0,0.0,1380.49,44950.51,0.0,0.0,0.0,43520.78,0.0,46331
489,0.0,0.0,0.0,0.0,0.0,2162.79,42219.92,2146.29,0.0,0.0,43520.78,0.0,46529
490,0.0,0.0,0.0,0.0,0.0,0.0,30061.86,15489.14,0.0,0.0,43520.78,0.0,45551
491,0.0,0.0,0.0,0.0,0.0,2162.79,20019.2,22576.01,0.0,0.0,43520.78,0.0,44758
492,0.0,0.0,0.0,0.0,0.0,0.0,17441.92,26769.08,0.0,0.0,43520.78,0.0,44211
493,0.0,0.0,0.0,0.0,0.0,0.0,35908.87,28217.13,0.0,20000.0,61920.78,0.0,44126
494,0.0,0.0,0.0,0.0,0.0,2162.79,14533.62,26647.58,0.0,0.0,61920.78,0.0,43344
495,0.0,0.0,0.0,0.0,0.0,0.0,20631.85,22253.15,0.0,0.0,61920.78,0.0,42885
496,0.0,0.0,0.0,0.0,0.0,0.0,40067.51,14841.7,0.0,11457.2,72461.41,0.0,43452
497,0.0,4847.08,0.0,0.0,0.0,2162.79,44950.51,1309.74,0.0,8194.12,80000.0,0.0,45076
498,0.0,9694.16,0.0,0.0,0.0,0.0,38251.84,0.0,0.0,0.0,80000.0,0.0,47946
499,0.0,14541.24,0.0,0.0,0.0,474.76,32694.0,0.0,0.0,0.0,80000.0,0.0,47710
500,0.0,19388.31,0.0,0.0,1577.97,2162.79,23833.93,0.0,0.0,0.0,80000.0,0.0,46963
501,0.0,19388.31,0.0,0.0,0.0,2162.79,15858.5,0.0,8425.4,0.0,70841.96,0.0,45835
502,0.0,19388.31,0.0,0.0,1826.38,2162.79,9896.18,0.0,11004.34,0.0,58880.72,0.0,44278
503,0.0,19388.31,0.0,0.0,10167.38,2162.79,6569.4,0.0,4195.11,0.0,54320.82,0.0,42483
504,0.0,19388.31,0.0,0.0,12525.14,2162.79,4828.13,0.0,2273.62,0.0,51849.49,0.0,41178
505,0.0,19388.31,0.0,0.0,4184.14,2162.79,4447.15,0.0,8997.61,0.0,42069.48,0.0,39180
506,0.0,19388.31,0.0,0.0,12525.14,2162.79,4086.75,0.0,0.0,0.0,42069.48,0.0,38163
507,0.0,19388.31,0.0,0.0,12410.52,2162.79,3746.37,0.0,0.0,0.0,42069.48,0.0,37708
508,0.0,19388.31,0.0,0.0,4691.82,2162.79,2839.61,0.0,8734.46,0.0,32575.5,0.0,37817
509,0.0,19388.31,0.0,0.0,13032.82,2162.79,2324.71,0.0,527.36,0.0,32002.28,0.0,37436
510,0.0,19388.31,0.0,0.0,13032.82,2162.79,2092.42,0.0,1077.65,0.0,30830.92,0.0,37754
511,0.0,19388.31,0.0,0.0,4691.82,2162.79,2092.42,0.0,10127.66,0.0,19822.59,0.0,38463
512,0.0,19388.31,0.0,0.0,13032.82,2162.79,2324.71,0.0,2797.36,0.0,16781.98,0.0,39706
513,0.0,19388.31,0.0,0.0,11592.57,2162.79,2573.58,660.76,3922.98,0.0,12517.87,0.0,40301
514,0.0,19388.31,0.0,0.0,3251.56,2162.79,3746.37,1361.52,11516.44,0.0,0.0,0.0,41427
515,0.0,19388.31,0.0,0.0,11592.57,2162.79,6100.34,2362.99,0.0,0.0,0.0,0.0,41607
516,0.0,19388.31,0.0,0.0,5813.34,2162.79,11914.72,2209.82,0.0,0.0,0.0,0.0,41489
517,0.0,14541.24,0.0,0.0,0.0,2162.79,22716.9,2200.07,0.0,0.0,0.0,0.0,41621
518,0.0,9694.16,0.0,0.0,0.0,2162.79,40212.19,2568.59,0.0,12811.73,11786.79,0.0,41826
519,0.0,4847.08,0.0,0.0,0.0,2162.79,44950.51,1931.38,0.0,10926.75,21839.41,0.0,42965
520,0.0,0.0,0.0,0.0,0.0,2162.79,44950.51,2530.86,0.0,6665.16,27971.35,0.0,42979
521,0.0,0.0,0.0,0.0,0.0,2162.79,40434.72,1172.48,0.0,0.0,27971.35,0.0,43770
522,0.0,0.0,0.0,0.0,0.0,2162.79,43319.21,0.0,0.0,0.0,27971.35,0.0,45482
523,0.0,0.0,0.0,0.0,0.0,2162.79,44950.51,0.0,0.0,1684.3,29520.91,0.0,45429
524,0.0,0.0,0.0,0.0,0.0,0.0,44001.0,0.0,0.0,0.0,29520.91,0.0,44001
525,0.0,0.0,0.0,0.0,0.0,0.0,42534.0,0.0,0.0,0.0,29520.91,0.0,42534
526,0.0,0.0,0.0,0.0,0.0,2162.79,44950.51,0.0,0.0,6401.3,35410.1,0.0,40712
527,0.0,0.0,0.0,0.0,0.0,2162.79,44950.51,0.0,0.0,7716.3,42509.1,0.0,39397
528,0.0,0.0,0.0,0.0,0.0,0.0,37824.0,0.0,0.0,0.0,42509.1,0.0,37824
529,0.0,0.0,0.0,0.0,0.0,2162.79,44950.51,0.0,0.0,11209.3,52821.65,0.0,35904
530,0.0,0.0,0.0,0.0,0.0,2162.79,44950.51,0.0,0.0,11615.3,63507.73,0.0,35498
531,0.0,0.0,0.0,0.0,0.0,2162.79,34227.59,0.0,0.0,1182.39,64595.53,0.0,35208
532,0.0,4753.85,0.0,0.0,0.0,2162.79,41842.22,0.0,0.0,13852.86,77340.16,0.0,34906
533,0.0,9600.93,0.0,0.0,0.0,2162.79,23234.28,0.0,0.0,0.0,77340.16,0.0,34998
534,0.0,14448.01,0.0,0.0,0.0,2162.79,21635.33,0.0,0.0,2891.13,80000.0,0.0,35355
535,0.0,19295.09,0.0,0.0,0.0,2162.79,15009.12,0.0,0.0,0.0,80000.0,0.0,36467
536,0.0,19388.31,0.0,0.0,0.0,2162.79,10541.38,0.0,5645.51,0.0,73863.58,0.0,37738
537,0.0,19388.31,0.0,0.0,6371.38,2162.79,7578.43,2657.1,747.98,0.0,73050.56,0.0,38906
538,0.0,19388.31,0.0,0.0,8341.01,2162.79,6100.34,2021.73,2314.81,0.0,70534.46,0.0,40329
539,0.0,19388.31,0.0,0.0,0.0,2162.79,4828.13,23553.61,0.0,8600.85,78447.24,0.0,41332
540,0.0,19388.31,0.0,0.0,6378.82,2162.79,4086.75,8937.32,0.0,0.0,78447.24,0.0,40954
541,0.0,19388.31,0.0,0.0,0.0,2162.79,3746.37,17215.3,0.0,1687.78,80000.0,0.0,40825
542,0.0,19388.31,0.0,0.0,133.37,2162.79,3425.44,14670.08,0.0,0.0,80000.0,0.0,39780
543,0.0,19388.31,0.0,0.0,5898.71,2162.79,3123.37,8913.8,0.0,0.0,80000.0,0.0,39487
544,0.0,19388.31,0.0,0.0,11901.64,2162.79,2839.61,3877.64,0.0,0.0,80000.0,0.0,40170
545,0.0,19388.31,0.0,0.0,9447.13,2162.79,2839.61,755.39,8863.76,0.0,70365.48,0.0,43457
546,0.0,19388.31,0.0,0.0,13032.82,2162.79,3425.44,0.0,8787.63,0.0,60813.7,0.0,46797
547,0.0,19388.31,0.0,0.0,13032.82,2162.79,4086.75,0.0,8117.32,0.0,51990.53,0.0,46788
548,0.0,19388.31,0.0,0.0,13032.82,2162.79,5654.16,0.0,5527.91,0.0,45981.93,0.0,45766
549,0.0,19388.31,0.0,0.0,13032.82,2162.79,7578.43,0.0,2346.64,0.0,43431.24,0.0,44509
550,0.0,19388.31,0.0,0.0,12982.06,2162.79,8685.83,0.0,0.0,0.0,43431.24,0.0,43219
551,0.0,19388.31,0.0,0.0,11012.06,2162.79,8685.83,0.0,0.0,0.0,43431.24,0.0,41249
552,0.0,19388.31,0.0,0.0,11497.5,2162.79,6569.4,0.0,0.0,0.0,43431.24,0.0,39618
553,0.0,19388.31,0.0,0.0,11947.76,2162.79,4828.13,0.0,0.0,0.0,43431.24,0.0,38327
554,0.0,19388.31,0.0,0.0,12660.46,2162.79,3425.44,0.0,0.0,0.0,43431.24,0.0,37637
555,0.0,19388.31,0.0,0.0,12643.52,2162.79,3123.37,0.0,0.0,0.0,43431.24,0.0,37318
556,0.0,19388.31,0.0,0.0,12374.52,2162.79,3123.37,0.0,0.0,0.0,43431.24,0.0,37049
557,0.0,19388.31,0.0,0.0,12812.52,2162.79,3123.37,0.0,0.0,0.0,43431.24,0.0,37487
558,0.0,19388.31,0.0,0.0,13032.82,2162.79,3746.37,0.0,547.7,0.0,42835.91,0.0,38878
559,0.0,19388.31,0.0,0.0,13032.82,2162.79,4447.15,0.0,2819.92,0.0,39770.78,0.0,41851
560,0.0,19388.31,0.0,0.0,13032.82,2162.79,5230.28,0.0,4885.79,0.0,34460.14,0.0,44700
561,0.0,19388.31,0.0,0.0,11344.6,2162.79,5654.16,5268.18,1808.96,0.0,32493.88,0.0,45627
562,0.0,19388.31,0.0,0.0,3003.59,2162.79,5654.16,15727.15,0.0,0.0,32493.88,0.0,45936
563,0.0,19388.31,0.0,0.0,0.0,2162.79,5654.16,23796.82,0.0,4623.08,36747.12,0.0,46379
564,0.0,19388.31,0.0,0.0,0.0,2162.79,5654.16,28517.29,0.0,9463.55,45453.59,0.0,46259
565,0.0,19388.31,0.0,0.0,0.0,2162.79,5654.16,30404.83,0.0,11521.1,56052.99,0.0,46089
566,0.0,19388.31,0.0,0.0,8341.01,2162.79,5654.16,6036.55,4146.18,0.0,51546.28,0.0,45729
567,0.0,19388.31,0.0,0.0,10646.9,2162.79,5230.28,3655.52,4666.2,0.0,46474.33,0.0,45750
568,0.0,19388.31,0.0,0.0,2305.89,2162.79,4447.15,17971.86,0.0,0.0,46474.33,0.0,46276
569,0.0,19388.31,0.0,0.0,10646.9,2162.79,4447.15,7801.69,2954.16,0.0,43263.28,0.0,47401
570,0.0,19388.31,0.0,0.0,13032.82,2162.79,5230.28,0.0,9229.79,0.0,33230.9,0.0,49044
571,0.0,19388.31,0.0,0.0,13032.82,2162.79,6100.34,0.0,8140.73,0.0,24382.28,0.0,48825
572,0.0,19388.31,0.0,0.0,13032.82,2162.79,6100.34,0.0,6700.73,0.0,17098.88,0.0,47385
573,0.0,19388.31,0.0,0.0,13032.82,2162.79,4828.13,0.0,6553.94,0.0,9975.03,0.0,45966
574,0.0,19388.31,0.0,0.0,13032.82,2162.79,3746.37,0.0,5592.7,0.0,3896.01,0.0,43923
575,0.0,19388.31,0.0,0.0,13032.82,2162.79,3425.44,0.0,2919.63,0.0,722.5,0.0,40929
576,0.0,19388.31,0.0,0.0,13032.82,2162.79,3746.37,0.0,664.7,0.0,0.0,0.0,38995
577,0.0,19388.31,0.0,0.0,12260.52,2162.79,3746.37,0.0,0.0,0.0,0.0,0.0,37558
578,0.0,19388.31,0.0,0.0,11696.46,2162.79,3425.44,0.0,0.0,0.0,0.0,0.0,36673
579,0.0,19388.31,0.0,0.0,11530.46,2162.79,3425.44,0.0,0.0,0.0,0.0,0.0,36507
580,0.0,19388.31,0.0,0.0,11682.46,2162.79,3425.44,0.0,0.0,0.0,0.0,0.0,36659
581,0.0,19388.31,0.0,0.0,11164.14,2162.79,4086.75,0.0,0.0,0.0,0.0,0.0,36802
582,0.0,19388.31,0.0,0.0,10661.74,2162.79,5654.16,0.0,0.0,0.0,0.0,0.0,37867
583,0.0,19388.31,0.0,0.0,11018.34,2162.79,8119.55,0.0,0.0,0.0,0.0,0.0,40689
584,0.0,19388.31,0.0,0.0,12692.04,2162.79,9277.85,0.0,0.0,0.0,0.0,0.0,43521
585,0.0,19388.31,0.0,0.0,5911.9,2162.79,10541.38,6824.6,0.0,0.0,0.0,0.0,44829
586,0.0,14541.24,0.0,0.0,0.0,2162.79,14190.63,13729.34,0.0,0.0,0.0,0.0,44624
587,0.0,9694.16,0.0,0.0,0.0,2162.79,21244.83,25164.78,0.0,13937.56,12822.56,0.0,44329
588,0.0,4847.08,0.0,0.0,0.0,2162.79,30409.32,13791.6,0.0,7248.79,19491.44,0.0,43962
589,0.0,0.0,0.0,0.0,0.0,2162.79,30294.1,31078.11,0.0,20000.0,37891.44,0.0,43535
590,0.0,0.0,0.0,0.0,0.0,2162.79,10819.93,29982.27,0.0,0.0,37891.44,0.0,42965
591,0.0,0.0,0.0,0.0,0.0,0.0,17192.96,25812.04,0.0,0.0,37891.44,0.0,43005
592,0.0,0.0,0.0,0.0,0.0,0.0,44950.51,18499.13,0.0,19958.63,56253.39,0.0,43491
593,0.0,0.0,0.0,0.0,0.0,0.0,37382.5,7940.5,0.0,0.0,56253.39,0.0,45323
594,0.0,0.0,0.0,0.0,0.0,0.0,27662.0,0.0,20000.0,0.0,34514.26,0.0,47662
595,0.0,0.0,0.0,0.0,0.0,2162.79,44950.51,0.0,1328.7,0.0,33070.02,0.0,48442
596,0.0,0.0,0.0,0.0,0.0,2162.79,44950.51,0.0,96.7,0.0,32964.91,0.0,47210
597,0.0,0.0,0.0,0.0,0.0,2162.79,44002.21,0.0,0.0,0.0,32964.91,0.0,46165
598,0.0,0.0,0.0,0.0,0.0,2162.79,42087.21,0.0,0.0,0.0,32964.91,0.0,44250
599,0.0,0.0,0.0,0.0,0.0,1799.49,40067.51,0.0,0.0,0.0,32964.91,0.0,41867
600,0.0,0.0,0.0,0.0,0.0,2162.79,44950.51,0.0,0.0,7098.3,39495.34,0.0,40015
601,0.0,0.0,0.0,0.0,0.0,2162.79,44950.51,0.0,0.0,8090.3,46938.42,0.0,39023
602,0.0,0.0,0.0,0.0,0.0,0.0,38622.0,0.0,0.0,0.0,46938.42,0.0,38622
603,0.0,0.0,0.0,0.0,0.0,0.0,40067.51,0.0,0.0,2110.51,48880.09,0.0,37957
604,0.0,0.0,0.0,0.0,0.0,2162.79,44950.51,0.0,0.0,9043.3,57199.92,0.0,38070
605,0.0,0.0,0.0,0.0,0.0,2162.79,36244.21,0.0,0.0,0.0,57199.92,0.0,38407
606,0.0,0.0,0.0,0.0,0.0,0.0,39863.0,0.0,0.0,0.0,57199.92,0.0,39863
607,0.0,0.0,0.0,0.0,0.0,2162.79,20777.21,0.0,20000.0,0.0,35460.79,0.0,42940
608,0.0,0.0,0.0,0.0,0.0,2162.79,23501.21,0.0,20000.0,0.0,13721.66,0.0,45664
609,0.0,0.0,0.0,0.0,0.0,2162.79,40212.19,2389.98,2101.04,0.0,11437.93,0.0,46866
610,0.0,0.0,0.0,0.0,0.0,2162.79,44950.51,15691.48,0.0,16309.78,26442.92,0.0,46495
611,0.0,0.0,0.0,0.0,0.0,2162.79,44950.51,18862.7,0.0,20000.0,44842.92,0.0,45976
612,0.0,0.0,0.0,0.0,0.0,2162.79,42404.35,125.86,0.0,0.0,44842.92,0.0,44693
613,0.0,0.0,0.0,0.0,0.0,2162.79,41945.37,40.83,0.0,0.0,44842.92,0.0,44149
614,0.0,0.0,0.0,0.0,0.0,2162.79,41280.47,140.74,0.0,0.0,44842.92,0.0,43584
615,0.0,0.0,0.0,0.0,0.0,2162.79,44950.51,13730.14,0.0,17684.44,61112.61,0.0,43159
616,0.0,0.0,0.0,0.0,0.0,2162.79,44950.51,4066.77,0.0,7430.07,67948.27,0.0,43750
617,0.0,0.0,0.0,0.0,0.0,2162.79,43203.7,32.5,0.0,0.0,67948.27,0.0,45399
618,0.0,0.0,0.0,0.0,0.0,2162.79,44950.51,0.0,391.7,0.0,67522.51,0.0,47505
619,0.0,0.0,0.0,0.0,0.0,2162.79,44950.51,0.0,797.7,0.0,66655.44,0.0,47911
620,0.0,0.0,0.0,0.0,0.0,2162.79,44950.51,0.0,89.7,0.0,66557.94,0.0,47203
621,0.0,0.0,0.0,0.0,0.0,2162.79,43644.21,0.0,0.0,0.0,66557.94,0.0,45807
622,0.0,0.0,0.0,0.0,0.0,2162.79,42489.21,0.0,0.0,0.0,66557.94,0.0,44652
623,0.0,0.0,0.0,0.0,0.0,1919.49,40067.51,0.0,0.0,0.0,66557.94,0.0,41987
624,0.0,0.0,0.0,0.0,0.0,0.0,39955.0,0.0,0.0,0.0,66557.94,0.0,39955
625,0.0,0.0,0.0,0.0,0.0,0.0,38343.0,0.0,0.0,0.0,66557.94,0.0,38343
626,0.0,4847.08,0.0,0.0,0.0,0.0,40067.51,0.0,0.0,7423.58,73387.64,0.0,37491
627,0.0,9694.16,0.0,0.0,0.0,0.0,34429.19,0.0,0.0,7187.35,80000.0,0.0,36936
628,0.0,14541.24,0.0,0.0,0.0,0.0,21918.76,0.0,0.0,0.0,80000.0,0.0,36460
629,0.0,19388.31,0.0,0.0,1371.27,2162.79,14190.63,0.0,0.0,0.0,80000.0,0.0,37113
630,0.0,19388.31,0.0,0.0,0.0,2162.79,5654.16,0.0,11312.74,0.0,67703.55,0.0,38518
631,0.0,19388.31,0.0,0.0,0.0,2162.79,1876.14,0.0,17406.75,0.0,48783.16,0.0,40834
632,0.0,19388.31,0.0,0.0,653.16,2162.79,1159.73,0.0,20000.0,0.0,27044.03,0.0,43364
633,0.0,19388.31,0.0,0.0,0.0,2162.79,2324.71,843.67,19332.52,0.0,6030.43,0.0,44052
634,0.0,19388.31,0.0,0.0,7241.24,2162.79,8119.55,1940.1,5548.0,0.0,0.0,0.0,44400
635,0.0,15977.01,0.0,0.0,0.0,2162.79,22716.9,3728.3,0.0,0.0,0.0,0.0,44585
636,0.0,11129.93,0.0,0.0,0.0,2162.79,40212.19,7841.84,0.0,16745.76,15406.1,0.0,44601
637,0.0,6282.86,0.0,0.0,0.0,0.0,38235.14,0.0,0.0,0.0,15406.1,0.0,44518
638,0.0,1435.78,0.0,0.0,0.0,2162.79,44950.51,3855.28,0.0,8038.36,22801.39,0.0,44366
639,0.0,0.0,0.0,0.0,0.0,2162.79,44950.51,5647.83,0.0,8608.13,30720.87,0.0,44153
640,0.0,0.0,0.0,0.0,0.0,2162.79,44950.51,57.43,0.0,2934.73,33420.82,0.0,44236
641,0.0,0.0,0.0,0.0,0.0,2162.79,42714.75,279.46,0.0,0.0,33420.82,0.0,45157
642,0.0,0.0,0.0,0.0,0.0,2162.79,44359.21,0.0,0.0,0.0,33420.82,0.0,46522
643,0.0,0.0,0.0,0.0,0.0,2162.79,44655.21,0.0,0.0,0.0,33420.82,0.0,46818
644,0.0,0.0,0.0,0.0,0.0,2162.79,43146.21,0.0,0.0,0.0,33420.82,0.0,45309
645,0.0,0.0,0.0,0.0,0.0,2162.79,42053.21,0.0,0.0,0.0,33420.82,0.0,44216
646,0.0,0.0,0.0,0.0,0.0,2162.79,40692.21,0.0,0.0,0.0,33420.82,0.0,42855
647,0.0,0.0,0.0,0.0,0.0,0.0,40832.0,0.0,0.0,0.0,33420.82,0.0,40832
648,0.0,0.0,0.0,0.0,0.0,0.0,38825.0,0.0,0.0,0.0,33420.82,0.0,38825
649,0.0,0.0,0.0,0.0,0.0,2162.79,44950.51,0.0,0.0,10062.3,42678.14,0.0,37051
650,0.0,0.0,0.0,0.0,0.0,2162.79,33748.21,0.0,0.0,0.0,42678.14,0.0,35911
651,0.0,0.0,0.0,0.0,0.0,2162.79,44950.51,0.0,0.0,11169.3,52953.89,0.0,35944
652,0.0,0.0,0.0,0.0,0.0,2162.79,34367.21,0.0,0.0,0.0,52953.89,0.0,36530
653,0.0,0.0,0.0,0.0,0.0,0.0,36966.0,0.0,0.0,0.0,52953.89,0.0,36966
654,0.0,0.0,0.0,0.0,0.0,2162.79,16106.21,0.0,20000.0,0.0,31214.76,0.0,38269
655,0.0,0.0,0.0,0.0,0.0,2162.79,19065.21,0.0,20000.0,0.0,9475.63,0.0,41228
656,0.0,0.0,0.0,0.0,0.0,2162.79,32959.62,0.0,8717.58,0.0,0.0,0.0,43840
657,0.0,0.0,0.0,0.0,0.0,2162.79,43415.11,12.1,0.0,0.0,0.0,0.0,45590
658,0.0,0.0,0.0,0.0,0.0,2162.79,42859.11,100.09,0.0,0.0,0.0,0.0,45122
659,0.0,0.0,0.0,0.0,0.0,2162.79,36729.21,5916.0,0.0,0.0,0.0,0.0,44808
660,0.0,0.0,0.0,0.0,0.0,2162.79,44950.51,14325.3,0.0,17534.6,16131.84,0.0,43904
661,0.0,0.0,0.0,0.0,0.0,0.0,33235.47,29992.53,0.0,20000.0,34531.84,0.0,43228
662,0.0,0.0,0.0,0.0,0.0,0.0,40067.51,22821.49,0.0,20000.0,52931.84,0.0,42889
663,0.0,0.0,0.0,0.0,0.0,2162.79,44950.51,6736.73,0.0,11314.03,63340.74,0.0,42536
664,0.0,0.0,0.0,0.0,0.0,2162.79,44950.51,9671.44,0.0,14017.74,76237.06,0.0,42767
665,0.0,0.0,0.0,0.0,0.0,2162.79,44950.51,1768.86,0.0,4090.16,80000.0,0.0,44792
666,0.0,2202.49,0.0,0.0,0.0,2162.79,43515.71,0.0,0.0,0.0,80000.0,0.0,47881
667,0.0,7049.57,0.0,0.0,0.0,2162.79,38625.05,0.0,405.58,0.0,79559.15,0.0,48243
668,0.0,6618.15,0.0,0.0,0.0,2162.79,38625.05,0.0,0.0,0.0,79559.15,0.0,47406
669,0.0,5787.15,0.0,0.0,0.0,2162.79,38625.05,0.0,0.0,0.0,79559.15,0.0,46575
670,0.0,6883.33,0.0,0.0,0.0,2162.79,35577.17,0.0,88.7,0.0,79462.73,0.0,44712
671,0.0,10929.23,0.0,0.0,0.0,2162.79,29970.96,0.0,0.0,583.99,80000.0,0.0,42479
672,0.0,15776.31,0.0,0.0,0.0,2162.79,22716.9,0.0,0.0,0.0,80000.0,0.0,40656
673,0.0,19388.31,0.0,0.0,0.0,2162.79,15009.12,0.0,2824.77,0.0,76929.6,0.0,39385
674,0.0,19388.31,0.0,0.0,2419.92,2162.79,9896.18,0.0,4489.8,0.0,72049.38,0.0,38357
675,0.0,19388.31,0.0,0.0,279.45,2162.79,8119.55,0.0,7907.89,0.0,63453.85,0.0,37858
676,0.0,19388.31,0.0,0.0,8620.46,2162.79,7578.43,0.0,0.0,0.0,63453.85,0.0,37750
677,0.0,19388.31,0.0,0.0,2132.49,2162.79,6569.4,0.0,7711.01,0.0,55072.32,0.0,37964
678,0.0,19388.31,0.0,0.0,10473.5,2162.79,6569.4,0.0,0.0,0.0,55072.32,0.0,38594
679,0.0,19388.31,0.0,0.0,4691.82,2162.79,7061.9,0.0,6971.17,0.0,47494.96,0.0,40276
680,0.0,19388.31,0.0,0.0,13032.82,2162.79,6569.4,0.0,1225.67,0.0,46162.71,0.0,42379
681,0.0,19388.31,0.0,0.0,13032.82,2162.79,5654.16,1548.64,1863.27,0.0,44137.42,0.0,43650
682,0.0,19388.31,0.0,0.0,11606.43,2162.79,4828.13,5554.33,0.0,0.0,44137.42,0.0,43540
683,0.0,19388.31,0.0,0.0,10783.42,2162.79,4447.15,6984.33,0.0,0.0,44137.42,0.0,43766
684,0.0,19388.31,0.0,0.0,10656.36,2162.79,4447.15,6786.38,0.0,0.0,44137.42,0.0,43441
685,0.0,19388.31,0.0,0.0,7983.76,2162.79,4086.75,9161.38,0.0,0.0,44137.42,0.0,42783
686,0.0,19388.31,0.0,0.0,11267.24,2162.79,3746.37,5335.28,0.0,0.0,44137.42,0.0,41900
687,0.0,19388.31,0.0,0.0,4691.82,2162.79,3123.37,2878.9,9065.8,0.0,34283.28,0.0,41311
688,0.0,19388.31,0.0,0.0,13032.82,2162.79,2839.61,2319.89,2172.56,0.0,31921.8,0.0,41916
689,0.0,19388.31,0.0,0.0,13032.82,2162.79,2839.61,571.25,5247.21,0.0,26218.32,0.0,43242
690,0.0,19388.31,0.0,0.0,13032.82,2162.79,3746.37,0.0,7626.7,0.0,17928.43,0.0,45957
691,0.0,19388.31,0.0,0.0,4691.82,2162.79,5654.16,0.0,14860.92,0.0,1775.26,0.0,46758
692,0.0,19388.31,0.0,0.0,13032.82,2162.79,8685.83,0.0,1633.24,0.0,0.0,0.0,44903
693,0.0,19388.31,0.0,0.0,10152.17,2162.79,11914.72,0.0,0.0,0.0,0.0,0.0,43618
694,0.0,19388.31,0.0,0.0,6444.27,2162.79,14190.63,0.0,0.0,0.0,0.0,0.0,42186
695,0.0,19388.31,0.0,0.0,2010.56,2162.79,16739.33,0.0,0.0,0.0,0.0,0.0,40301
696,0.0,16571.3,0.0,0.0,0.0,2162.79,20588.64,0.0,0.0,440.74,405.48,0.0,38882
697,0.0,11724.22,0.0,0.0,0.0,2162.79,24986.99,0.0,0.0,903.0,1236.24,0.0,37971
698,0.0,6877.14,0.0,0.0,0.0,2162.79,28668.06,0.0,0.0,0.0,1236.24,0.0,37708
699,0.0,11724.22,0.0,0.0,0.0,2162.79,32694.0,0.0,0.0,10015.02,10450.05,0.0,36566
700,0.0,6877.14,0.0,0.0,0.0,2162.79,37080.24,0.0,0.0,9757.18,19426.65,0.0,36363
701,0.0,2030.06,0.0,0.0,0.0,2162.79,43515.71,0.0,0.0,11155.57,29689.78,0.0,36553
702,0.0,821.84,0.0,0.0,0.0,2162.79,44950.51,0.0,0.0,10799.14,39624.99,0.0,37136
703,0.0,5668.91,0.0,0.0,0.0,2162.79,43515.71,0.0,0.0,13166.42,51738.1,0.0,38181
704,0.0,821.84,0.0,0.0,0.0,2162.79,37080.24,0.0,0.0,944.87,52607.37,0.0,39120
705,0.0,4476.41,0.0,0.0,0.0,2162.79,31312.75,2167.04,0.0,0.0,52607.37,0.0,40119
706,0.0,5905.84,0.0,0.0,0.0,2162.79,26176.65,6733.72,0.0,0.0,52607.37,0.0,40979
707,0.0,8296.92,0.0,0.0,0.0,2162.79,23833.93,10513.65,0.0,3394.29,55730.12,0.0,41413
708,0.0,3449.84,0.0,0.0,0.0,2162.79,23833.93,17211.0,0.0,5235.57,60546.84,0.0,41422
709,0.0,8296.92,0.0,0.0,0.0,2162.79,21635.33,18353.03,0.0,9566.08,69347.63,0.0,40882
710,0.0,13144.0,0.0,0.0,0.0,2162.79,18597.64,11364.37,0.0,4905.8,73860.97,0.0,40363
711,0.0,17991.08,0.0,0.0,0.0,2162.79,13402.44,10534.75,0.0,3370.07,76961.43,0.0,40721
712,0.0,14541.24,0.0,0.0,0.0,2162.79,8685.83,19701.93,0.0,3302.79,80000.0,0.0,41789
713,0.0,19388.31,0.0,0.0,0.0,2162.79,6100.34,8982.36,7236.2,0.0,72134.57,0.0,43870
714,0.0,19388.31,0.0,0.0,0.0,2162.79,5654.16,0.0,18341.74,0.0,52197.9,0.0,45547
715,0.0,19388.31,0.0,0.0,7630.02,2162.79,5654.16,0.0,10731.71,0.0,40532.99,0.0,45567
716,0.0,19388.31,0.0,0.0,0.0,2162.79,6569.4,0.0,15855.5,0.0,23298.76,0.0,43976
717,0.0,19388.31,0.0,0.0,8341.01,2162.79,8119.55,0.0,4594.33,0.0,18304.91,0.0,42606
718,0.0,19388.31,0.0,0.0,0.0,2162.79,9277.85,0.0,10570.04,0.0,6815.74,0.0,41399
719,0.0,19388.31,0.0,0.0,8341.01,2162.79,9896.18,0.0,150.71,0.0,6651.93,0.0,39939
720,0.0,19388.31,0.0,0.0,0.0,2162.79,10541.38,0.0,5961.51,0.0,172.03,0.0,38054
721,0.0,19388.31,0.0,0.0,3089.17,2162.79,11914.72,0.0,0.0,0.0,172.03,0.0,36555
722,0.0,19388.31,0.0,0.0,967.45,2162.79,13402.44,0.0,0.0,0.0,172.03,0.0,35921
723,0.0,19388.31,0.0,0.0,0.0,2162.79,14190.63,0.0,158.27,0.0,0.0,0.0,35900
724,0.0,19388.31,0.0,0.0,0.0,2162.79,15009.12,0.0,0.0,787.23,724.25,0.0,35773
725,0.0,19388.31,0.0,0.0,0.0,2162.79,16739.33,0.0,0.0,1384.44,1997.93,0.0,36906
726,0.0,15025.96,0.0,0.0,0.0,2162.79,21635.33,0.0,0.0,567.08,2519.64,0.0,38257
727,0.0,10178.88,0.0,0.0,0.0,2162.79,27403.48,0.0,1263.84,0.0,1145.9,0.0,41009
728,0.0,5331.8,0.0,0.0,0.0,2162.79,35577.17,0.0,1054.23,0.0,0.0,0.0,44126
729,0.0,484.72,0.0,0.0,0.0,0.0,41842.22,2913.05,0.0,0.0,0.0,0.0,45240
730,0.0,0.0,0.0,0.0,0.0,2162.79,44950.51,17763.16,0.0,19650.46,18078.42,0.0,45226
731,0.0,0.0,0.0,0.0,0.0,2162.79,44950.51,16802.7,0.0,20000.0,36478.42,0.0,43916
732,0.0,0.0,0.0,0.0,0.0,2162.79,19823.21,20907.99,0.0,0.0,36478.42,0.0,42894
733,0.0,0.0,0.0,0.0,0.0,0.0,22507.61,28933.71,0.0,9790.32,45485.51,0.0,41651
734,0.0,0.0,0.0,0.0,0.0,0.0,33043.61,28081.39,0.0,20000.0,63885.51,0.0,41125
735,0.0,4847.08,0.0,0.0,0.0,2162.79,31312.75,19937.13,0.0,17515.75,80000.0,0.0,40744
736,0.0,9694.16,0.0,0.0,0.0,0.0,20843.97,11105.87,0.0,0.0,80000.0,0.0,41644
737,0.0,14541.24,0.0,0.0,0.0,2162.79,24986.99,1792.99,0.0,0.0,80000.0,0.0,43484
738,0.0,19388.31,0.0,0.0,0.0,2162.79,19576.27,0.0,4571.62,0.0,75030.85,0.0,45699
739,0.0,19388.31,0.0,0.0,0.0,2162.79,15009.12,0.0,9788.77,0.0,64390.88,0.0,46349
740,0.0,19388.31,0.0,0.0,3779.19,2162.79,12644.0,0.0,6748.71,0.0,57055.33,0.0,44723
741,0.0,19388.31,0.0,0.0,12120.19,2162.79,7578.43,0.0,2481.27,0.0,54358.29,0.0,43731
742,0.0,19388.31,0.0,0.0,4274.0,2162.79,6100.34,0.0,9704.55,0.0,43809.87,0.0,41630
743,0.0,19388.31,0.0,0.0,12615.01,2162.79,4447.15,0.0,501.74,0.0,43264.5,0.0,39115
744,0.0,19388.31,0.0,0.0,4274.0,2162.79,3746.37,0.0,7518.52,0.0,35092.19,0.0,37090
745,0.0,19388.31,0.0,0.0,12615.01,1783.07,2839.61,0.0,0.0,0.0,35092.19,0.0,36626
746,0.0,19388.31,0.0,0.0,11741.91,1783.07,2324.71,0.0,0.0,0.0,35092.19,0.0,35238
747,0.0,19388.31,0.0,0.0,11270.91,1783.07,2324.71,0.0,0.0,0.0,35092.19,0.0,34767
748,0.0,19388.31,0.0,0.0,4139.94,1783.07,1876.14,0.0,7349.54,0.0,27103.56,0.0,34537
749,0.0,19388.31,0.0,0.0,12480.95,1783.07,1317.67,0.0,0.0,0.0,27103.56,0.0,34970
750,0.0,19388.31,0.0,0.0,13032.82,1783.07,0.0,0.0,2152.8,0.0,24763.57,0.0,36357
751,0.0,19388.31,0.0,0.0,4691.82,1783.07,0.0,0.0,13157.8,0.0,10461.61,0.0,39021
752,0.0,19388.31,0.0,0.0,13032.82,1783.07,0.0,0.0,7351.8,0.0,2470.52,0.0,41556
753,0.0,19388.31,0.0,0.0,10958.79,1783.07,0.0,7662.95,2272.88,0.0,0.0,0.0,42066
754,0.0,19388.31,0.0,0.0,2617.78,1783.07,0.0,17503.84,0.0,0.0,0.0,0.0,41293
755,0.0,19388.31,0.0,0.0,0.0,1783.07,0.0,23851.9,0.0,4413.28,4060.22,0.0,40610
756,0.0,19388.31,0.0,0.0,0.0,1783.07,0.0,19325.31,0.0,619.69,4630.33,0.0,39877
757,0.0,19388.31,0.0,0.0,0.0,1783.07,0.0,25150.84,0.0,7029.22,11097.21,0.0,39293
758,0.0,19388.31,0.0,0.0,0.0,1783.07,0.0,22153.75,0.0,4426.13,15169.25,0.0,38899
759,0.0,19388.31,0.0,0.0,0.0,1783.07,1159.73,20235.99,0.0,3641.1,18519.06,0.0,38926
760,0.0,19388.31,0.0,0.0,0.0,1783.07,4447.15,14825.61,0.0,494.14,18973.67,0.0,39950
761,0.0,19388.31,0.0,0.0,0.0,1783.07,7578.43,8970.01,4025.18,0.0,14598.47,0.0,41745
762,0.0,19388.31,0.0,0.0,0.0,1783.07,11214.04,0.0,10988.58,0.0,2654.37,0.0,43374
763,0.0,19388.31,0.0,0.0,0.0,1783.07,28668.06,0.0,0.0,5589.44,7796.65,0.0,44250
764,0.0,19388.31,0.0,0.0,0.0,1783.07,35577.17,0.0,0.0,13868.55,20555.72,0.0,42880
765,0.0,19388.31,0.0,0.0,0.0,1783.07,23833.93,0.0,0.0,3179.31,23480.69,0.0,41826
766,0.0,19098.24,0.0,0.0,0.0,1783.07,32694.0,0.0,0.0,13329.31,35743.65,0.0,40246
767,0.0,14251.16,0.0,0.0,0.0,0.0,43772.84,0.0,0.0,20000.0,54143.65,0.0,38024
768,0.0,10497.22,0.0,0.0,0.0,1783.07,43515.71,0.0,0.0,20000.0,72543.65,0.0,35796
769,0.0,15344.3,0.0,0.0,0.0,1783.07,24986.99,0.0,0.0,7903.35,79814.73,0.0,34211
770,0.0,19388.31,0.0,0.0,0.0,1783.07,12644.0,0.0,0.0,201.38,80000.0,0.0,33614
771,0.0,19388.31,0.0,0.0,0.0,1783.07,5654.16,0.0,6516.46,0.0,72916.89,0.0,33342
772,0.0,19388.31,0.0,0.0,0.0,1783.07,2092.42,0.0,10228.2,0.0,61799.27,0.0,33492
773,0.0,19388.31,0.0,0.0,0.0,1783.07,0.0,0.0,12991.62,0.0,47677.95,0.0,34163
774,0.0,19388.31,0.0,0.0,0.0,1783.07,0.0,0.0,14137.62,0.0,32310.97,0.0,35309
775,0.0,19388.31,0.0,0.0,0.0,1783.07,0.0,0.0,16073.62,0.0,14839.65,0.0,37245
776,0.0,19388.31,0.0,0.0,250.01,1783.07,4828.13,0.0,13652.47,0.0,0.0,0.0,39902
777,0.0,14541.24,0.0,0.0,0.0,0.0,20588.64,6507.12,0.0,0.0,0.0,0.0,41637
778,0.0,9694.16,0.0,0.0,0.0,1783.07,34399.58,15891.2,0.0,20000.0,18400.0,0.0,41768
779,0.0,4847.08,0.0,0.0,0.0,0.0,34675.81,22824.11,0.0,20000.0,36800.0,0.0,42347
780,0.0,0.0,0.0,0.0,0.0,1783.07,41407.17,19532.77,0.0,20000.0,55200.0,0.0,42723
781,0.0,0.0,0.0,0.0,0.0,1783.07,22722.17,18552.76,0.0,0.0,55200.0,0.0,43058
782,0.0,0.0,0.0,0.0,0.0,1783.07,44950.51,10840.66,0.0,14634.23,68663.49,0.0,42940
783,0.0,0.0,0.0,0.0,0.0,1783.07,40723.2,89.73,0.0,0.0,68663.49,0.0,42596
784,0.0,0.0,0.0,0.0,0.0,0.0,42991.0,0.0,0.0,0.0,68663.49,0.0,42991
785,0.0,0.0,0.0,0.0,0.0,1783.07,41662.02,27.91,0.0,0.0,68663.49,0.0,43473
786,0.0,0.0,0.0,0.0,0.0,1783.07,42861.93,0.0,0.0,0.0,68663.49,0.0,44645
787,0.0,0.0,0.0,0.0,0.0,1783.07,44950.51,0.0,0.0,1525.57,70067.02,0.0,45208
788,0.0,0.0,0.0,0.0,0.0,1783.07,44950.51,0.0,0.0,2614.57,72472.43,0.0,44119
789,0.0,0.0,0.0,0.0,0.0,1783.07,44950.51,0.0,0.0,3142.57,75363.59,0.0,43591
790,0.0,0.0,0.0,0.0,0.0,1783.07,44950.51,0.0,0.0,5039.57,80000.0,0.0,41694
791,0.0,0.0,0.0,0.0,0.0,1783.07,37567.93,0.0,0.0,0.0,80000.0,0.0,39351
792,0.0,0.0,0.0,0.0,0.0,0.0,37874.0,0.0,0.0,0.0,80000.0,0.0,37874
793,0.0,1560.93,0.0,0.0,0.0,1783.07,32694.0,0.0,0.0,0.0,80000.0,0.0,36038
794,0.0,6009.45,0.0,0.0,0.0,1783.07,27403.48,0.0,0.0,0.0,80000.0,0.0,35196
795,0.0,9072.01,0.0,0.0,0.0,1783.07,23833.93,0.0,0.0,0.0,80000.0,0.0,34689
796,0.0,11118.61,0.0,0.0,0.0,1783.07,21635.33,0.0,0.0,0.0,80000.0,0.0,34537
797,0.0,13423.66,0.0,0.0,0.0,1783.07,19576.27,0.0,0.0,0.0,80000.0,0.0,34783
798,0.0,16980.61,0.0,0.0,0.0,1783.07,16739.33,0.0,0.0,0.0,80000.0,0.0,35503
799,0.0,19388.31,0.0,0.0,2597.99,1783.07,14190.63,0.0,0.0,0.0,80000.0,0.0,37960
800,0.0,19388.31,0.0,0.0,6598.62,1783.07,12644.0,0.0,0.0,0.0,80000.0,0.0,40414
801,0.0,19388.31,0.0,0.0,6713.98,1783.07,12644.0,1487.64,0.0,0.0,80000.0,0.0,42017
802,0.0,19388.31,0.0,0.0,5811.61,1783.07,11214.04,4172.85,427.12,0.0,79535.74,0.0,42797
803,0.0,19388.31,0.0,0.0,2265.91,1783.07,8685.83,11702.5,0.0,504.63,80000.0,0.0,43321
804,0.0,19388.31,0.0,0.0,10606.92,1783.07,6569.4,5284.3,0.0,0.0,80000.0,0.0,43632
805,0.0,19388.31,0.0,0.0,13032.82,1783.07,5654.16,684.15,3320.49,0.0,76390.77,0.0,43863
806,0.0,19388.31,0.0,0.0,12139.61,1783.07,5654.16,4585.85,0.0,0.0,76390.77,0.0,43551
807,0.0,19388.31,0.0,0.0,6332.23,1783.07,5230.28,10660.11,0.0,0.0,76390.77,0.0,43394
808,0.0,19388.31,0.0,0.0,4425.71,1783.07,4447.15,17471.84,0.0,3923.08,80000.0,0.0,43593
809,0.0,19388.31,0.0,0.0,11757.65,1783.07,3425.44,8447.54,0.0,0.0,80000.0,0.0,44802
810,0.0,19388.31,0.0,0.0,13032.82,1783.07,2573.58,0.0,9964.22,0.0,69169.33,0.0,46742
811,0.0,19388.31,0.0,0.0,13032.82,1783.07,2092.42,0.0,10841.38,0.0,57385.22,0.0,47138
812,0.0,19388.31,5470.0,0.0,13032.82,1783.07,1675.31,0.0,5108.49,0.0,51832.52,0.0,46458
813,0.0,19388.31,0.0,0.0,13032.82,1783.07,1159.73,0.0,10328.06,0.0,40606.36,0.0,45692
814,0.0,19388.31,0.0,0.0,13032.82,1783.07,0.0,0.0,9362.8,0.0,30429.41,0.0,43567
815,0.0,19388.31,5470.0,0.0,13032.82,1783.07,0.0,0.0,1565.8,0.0,28727.46,0.0,41240
816,0.0,19388.31,0.0,0.0,13032.82,1783.07,0.0,0.0,5077.8,0.0,23208.11,0.0,39282
817,0.0,19388.31,3861.8,0.0,13032.82,1783.07,0.0,0.0,0.0,0.0,23208.11,0.0,38066
818,0.0,19388.31,3222.8,0.0,13032.82,1783.07,0.0,0.0,0.0,0.0,23208.11,0.0,37427
819,0.0,19388.31,0.0,0.0,13032.82,1783.07,0.0,0.0,2920.8,0.0,20033.33,0.0,37125
820,0.0,19388.31,3000.8,0.0,13032.82,1783.07,0.0,0.0,0.0,0.0,20033.33,0.0,37205
821,0.0,19388.31,0.0,0.0,13032.82,1783.07,0.0,0.0,3370.8,0.0,16369.43,0.0,37575
822,0.0,19388.31,4295.8,0.0,13032.82,1783.07,0.0,0.0,0.0,0.0,16369.43,0.0,38500
823,0.0,19388.31,0.0,0.0,13032.82,1783.07,0.0,0.0,6802.8,0.0,8975.08,0.0,41007
824,0.0,19388.31,4587.52,0.0,13032.82,1783.07,0.0,0.0,5165.28,0.0,3360.65,0.0,43957
825,0.0,19388.31,0.0,0.0,13032.82,1783.07,1159.73,7072.27,3091.8,0.0,0.0,0.0,45528
826,0.0,19388.31,0.0,0.0,6391.77,1783.07,1489.34,17024.51,0.0,0.0,0.0,0.0,46077
827,0.0,19388.31,0.0,0.0,7852.65,1783.07,1876.14,15488.83,0.0,0.0,0.0,0.0,46389
828,0.0,19388.31,0.0,0.0,4890.95,1783.07,2324.71,17908.97,0.0,0.0,0.0,0.0,46296
829,0.0,19388.31,0.0,0.0,1621.34,1783.07,3123.37,19923.9,0.0,0.0,0.0,0.0,45840
830,0.0,19388.31,0.0,0.0,168.52,1783.07,4447.15,23014.31,0.0,3766.35,3465.04,0.0,45035
831,0.0,19388.31,0.0,0.0,8509.52,1783.07,6100.34,5103.92,3187.84,0.0,0.0,0.0,44073
832,0.0,19388.31,0.0,0.0,9885.03,1783.07,9277.85,3516.74,0.0,0.0,0.0,0.0,43851
833,0.0,19388.31,0.0,0.0,8922.82,1783.07,13402.44,1514.35,0.0,0.0,0.0,0.0,45011
834,0.0,19388.31,0.0,0.0,8346.29,1783.07,16739.33,0.0,0.0,0.0,0.0,0.0,46257
835,0.0,19388.31,0.0,0.0,6736.35,1783.07,19576.27,0.0,0.0,0.0,0.0,0.0,47484
836,0.0,19388.31,0.0,0.0,2583.72,1783.07,22716.9,0.0,0.0,0.0,0.0,0.0,46472
837,0.0,17580.29,0.0,0.0,0.0,1783.07,26176.65,0.0,0.0,0.0,0.0,0.0,45540
838,0.0,12733.21,0.0,0.0,0.0,1783.07,29970.96,0.0,0.0,299.24,275.3,0.0,44188
839,0.0,7886.13,0.0,0.0,0.0,1783.07,34115.28,0.0,0.0,1667.48,1809.38,0.0,42117
840,0.0,3039.05,0.0,0.0,0.0,1783.07,37080.24,0.0,0.0,1548.36,3233.87,0.0,40354
841,0.0,0.0,0.0,0.0,0.0,1783.07,38625.05,0.0,0.0,1987.12,5062.02,0.0,38421
842,0.0,0.0,0.0,0.0,0.0,1783.07,38625.05,0.0,0.0,3046.12,7864.45,0.0,37362
843,0.0,0.0,0.0,0.0,0.0,1783.07,37080.24,0.0,0.0,2218.31,9905.29,0.0,36645
844,0.0,2068.93,0.0,0.0,0.0,1783.07,32694.0,0.0,0.0,0.0,9905.29,0.0,36546
845,0.0,3754.18,0.0,0.0,0.0,1783.07,31312.75,0.0,0.0,0.0,9905.29,0.0,36850
846,0.0,4236.18,0.0,0.0,0.0,1783.07,31312.75,0.0,0.0,0.0,9905.29,0.0,37332
847,0.0,5401.18,0.0,0.0,0.0,1783.07,31312.75,0.0,0.0,0.0,9905.29,0.0,38497
848,0.0,8350.97,0.0,0.0,0.0,1783.07,29970.96,0.0,0.0,0.0,9905.29,0.0,40105
849,0.0,3503.89,0.0,0.0,0.0,1783.07,28668.06,8309.22,0.0,417.25,10289.16,0.0,41847
850,0.0,0.0,0.0,0.0,0.0,1783.07,24986.99,18908.9,0.0,2754.95,12823.71,0.0,42924
851,0.0,0.0,0.0,0.0,0.0,1783.07,21635.33,26005.14,0.0,6273.54,18595.37,0.0,43150
852,0.0,0.0,0.0,0.0,0.0,1783.07,20588.64,30458.45,0.0,9994.16,27789.99,0.0,42836
853,0.0,1638.51,0.0,0.0,0.0,1783.07,19576.27,32052.57,0.0,12966.42,39719.1,0.0,42084
854,0.0,6485.59,0.0,0.0,0.0,1783.07,18597.64,26673.75,0.0,12162.05,50908.18,0.0,41378
855,0.0,11332.67,0.0,0.0,0.0,1783.07,15858.5,6321.29,5727.48,0.0,44682.66,0.0,41023
856,0.0,16179.75,0.0,0.0,0.0,1783.07,14190.63,5393.64,3664.92,0.0,40699.06,0.0,41212
857,0.0,17577.52,0.0,0.0,0.0,1783.07,13402.44,9500.97,0.0,0.0,40699.06,0.0,42264
858,0.0,19388.31,0.0,0.0,0.0,1783.07,15009.12,0.0,8095.5,0.0,31899.6,0.0,44276
859,0.0,19388.31,0.0,0.0,0.0,1783.07,16739.33,0.0,7483.29,0.0,23765.59,0.0,45394
860,0.0,19388.31,0.0,0.0,0.0,1783.07,18597.64,0.0,4072.98,0.0,19338.44,0.0,43842
861,0.0,19388.31,0.0,0.0,0.0,1783.07,18597.64,0.0,3105.98,0.0,15962.38,0.0,42875
862,0.0,19388.31,0.0,0.0,0.0,1783.07,18597.64,0.0,1742.98,0.0,14067.84,0.0,41512
863,0.0,19260.29,0.0,0.0,0.0,1783.07,18597.64,0.0,0.0,0.0,14067.84,0.0,39641
864,0.0,16512.66,0.0,0.0,0.0,1783.07,19576.27,0.0,0.0,0.0,14067.84,0.0,37872
865,0.0,16109.29,0.0,0.0,0.0,1783.07,18597.64,0.0,0.0,0.0,14067.84,0.0,36490
866,0.0,17250.61,0.0,0.0,0.0,1783.07,16739.33,0.0,0.0,0.0,14067.84,0.0,35773
867,0.0,18366.81,0.0,0.0,0.0,1783.07,15009.12,0.0,0.0,0.0,14067.84,0.0,35159
868,0.0,18885.31,0.0,0.0,0.0,1783.07,14190.63,0.0,0.0,0.0,14067.84,0.0,34859
869,0.0,18004.81,0.0,0.0,0.0,1783.07,15009.12,0.0,0.0,0.0,14067.84,0.0,34797
870,0.0,18392.81,0.0,0.0,0.0,1783.07,15009.12,0.0,0.0,0.0,14067.84,0.0,35185
871,0.0,14541.24,0.0,0.0,0.0,1783.07,16739.33,0.0,3050.37,0.0,10752.22,0.0,36114
872,0.0,9694.16,0.0,0.0,0.0,1783.07,19576.27,0.0,6437.5,0.0,3754.93,0.0,37491
873,0.0,4847.08,0.0,0.0,0.0,1783.07,23833.93,4532.39,3454.54,0.0,0.0,0.0,38451
874,0.0,0.0,0.0,0.0,0.0,1783.07,26011.03,11803.91,0.0,0.0,0.0,0.0,39598
875,0.0,0.0,0.0,0.0,0.0,1783.07,33052.19,17106.54,0.0,11764.8,10823.62,0.0,40177
876,0.0,0.0,0.0,0.0,0.0,0.0,31418.85,28681.15,0.0,20000.0,29223.62,0.0,40100
877,0.0,0.0,0.0,0.0,0.0,0.0,29834.48,30072.52,0.0,20000.0,47623.62,0.0,39907
878,0.0,0.0,0.0,0.0,0.0,1783.07,8671.78,28704.15,0.0,0.0,47623.62,0.0,39159
879,0.0,0.0,0.0,0.0,0.0,0.0,34102.43,24493.57,0.0,20000.0,66023.62,0.0,38596
880,0.0,0.0,0.0,0.0,0.0,1783.07,18593.21,18466.72,0.0,0.0,66023.62,0.0,38843
881,0.0,0.0,0.0,0.0,0.0,1783.07,44950.51,9190.15,0.0,15191.72,80000.0,0.0,40732
882,0.0,0.0,0.0,0.0,0.0,1783.07,41198.93,0.0,0.0,0.0,80000.0,0.0,42982
883,0.0,0.0,0.0,0.0,0.0,1783.07,41933.93,0.0,0.0,0.0,80000.0,0.0,43717
884,0.0,0.0,0.0,0.0,0.0,1783.07,40591.93,0.0,0.0,0.0,80000.0,0.0,42375
885,0.0,0.0,0.0,0.0,0.0,1386.49,40067.51,0.0,0.0,0.0,80000.0,0.0,41454
886,0.0,0.0,0.0,0.0,0.0,0.0,39872.0,0.0,0.0,0.0,80000.0,0.0,39872
887,0.0,0.0,0.0,0.0,0.0,1783.07,36056.93,0.0,0.0,0.0,80000.0,0.0,37840
888,0.0,4045.58,0.0,0.0,0.0,1783.07,29872.36,0.0,0.0,0.0,80000.0,0.0,35701
889,0.0,8892.65,0.0,0.0,0.0,1783.07,23718.28,0.0,0.0,0.0,80000.0,0.0,34394
890,0.0,13739.73,0.0,0.0,0.0,1783.07,17652.19,0.0,437.01,0.0,79524.98,0.0,33612
891,0.0,18586.81,0.0,0.0,0.0,1783.07,13402.44,0.0,0.0,516.32,80000.0,0.0,33256
892,0.0,19388.31,0.0,0.0,1751.23,1783.07,10541.38,0.0,0.0,0.0,80000.0,0.0,33464
893,0.0,19388.31,0.0,0.0,0.0,1783.07,8119.55,0.0,4500.07,0.0,75108.62,0.0,33791
894,0.0,19388.31,0.0,0.0,4331.32,1783.07,6100.34,0.0,4310.96,0.0,70422.79,0.0,35914
895,0.0,19388.31,0.0,0.0,0.0,1783.07,4828.13,0.0,11907.49,0.0,57479.87,0.0,37907
896,0.0,19388.31,0.0,0.0,8341.01,1783.07,4086.75,0.0,7723.86,0.0,49084.37,0.0,41323
897,0.0,19388.31,0.0,0.0,8341.01,1783.07,3425.44,7657.49,1827.69,0.0,47097.76,0.0,42423
898,0.0,19388.31,0.0,0.0,0.0,1783.07,2324.71,12297.09,6634.82,0.0,39885.99,0.0,42428
899,0.0,19388.31,0.0,0.0,0.0,1783.07,1489.34,23899.22,0.0,4560.94,44082.06,0.0,41999
900,0.0,19388.31,0.0,0.0,0.0,1783.07,0.0,27767.17,0.0,7573.55,51049.72,0.0,41365
901,0.0,19388.31,0.0,0.0,0.0,1783.07,0.0,29114.09,0.0,9670.47,59946.56,0.0,40615
902,0.0,19388.31,0.0,0.0,0.0,1783.07,0.0,27679.49,0.0,8300.87,67583.36,0.0,40550
903,0.0,19388.31,0.0,0.0,5379.41,1783.07,0.0,13273.2,0.0,0.0,67583.36,0.0,39824
904,0.0,19388.31,0.0,0.0,13032.82,1783.07,0.0,6089.11,685.69,0.0,66838.04,0.0,40979
905,0.0,19388.31,0.0,0.0,13032.82,1783.07,0.0,2621.95,6226.85,0.0,60069.73,0.0,43053
906,0.0,19388.31,0.0,0.0,13032.82,1783.07,0.0,103.17,10470.63,0.0,48688.61,0.0,44778
907,0.0,19388.31,0.0,0.0,13032.82,1783.07,0.0,0.0,10680.8,0.0,37079.05,0.0,44885
908,0.0,19388.31,0.0,0.0,13032.82,1783.07,0.0,0.0,9625.8,0.0,26616.23,0.0,43830
909,0.0,19388.31,0.0,0.0,13032.82,1783.07,1159.73,0.0,7200.06,0.0,18790.07,0.0,42564
910,0.0,19388.31,0.0,0.0,13032.82,1783.07,1675.31,0.0,5415.49,0.0,12903.67,0.0,41295
911,0.0,19388.31,0.0,0.0,13032.82,1783.07,2324.71,0.0,3020.09,0.0,9620.96,0.0,39549
912,0.0,19388.31,0.0,0.0,12156.25,1783.07,3746.37,0.0,0.0,0.0,9620.96,0.0,37074
913,0.0,19388.31,0.0,0.0,8905.46,1783.07,5654.16,0.0,0.0,0.0,9620.96,0.0,35731
914,0.0,19388.31,0.0,0.0,6761.22,1783.07,6569.4,0.0,0.0,0.0,9620.96,0.0,34502
915,0.0,19388.31,0.0,0.0,6343.22,1783.07,6569.4,0.0,0.0,0.0,9620.96,0.0,34084
916,0.0,19388.31,0.0,0.0,5783.22,1783.07,6569.4,0.0,0.0,0.0,9620.96,0.0,33524
917,0.0,19388.31,0.0,0.0,6334.22,1783.07,6569.4,0.0,0.0,0.0,9620.96,0.0,34075
918,0.0,19388.31,0.0,0.0,6240.07,1783.07,8119.55,0.0,0.0,0.0,9620.96,0.0,35531
919,0.0,19388.31,0.0,0.0,7026.44,1783.07,9896.18,0.0,0.0,0.0,9620.96,0.0,38094
920,0.0,19388.31,0.0,0.0,7696.62,1783.07,12644.0,0.0,0.0,0.0,9620.96,0.0,41512
921,0.0,19388.31,0.0,0.0,4480.99,1783.07,15009.12,1669.51,0.0,0.0,9620.96,0.0,42331
922,0.0,19388.31,0.0,0.0,0.0,1783.07,18597.64,4158.69,0.0,2424.71,11851.7,0.0,41503
923,0.0,19388.31,0.0,0.0,0.0,1783.07,20588.64,5009.62,0.0,6613.64,17936.25,0.0,40156
924,0.0,19388.31,0.0,0.0,0.0,1783.07,20588.64,15887.51,0.0,17796.53,34309.05,0.0,39851
925,0.0,19388.31,0.0,0.0,0.0,1783.07,19576.27,10743.11,0.0,11809.76,45174.03,0.0,39681
926,0.0,19388.31,0.0,0.0,0.0,1783.07,18597.64,11032.38,0.0,11543.41,55793.97,0.0,39258
927,0.0,19388.31,0.0,0.0,0.0,1783.07,16739.33,2924.29,0.0,2109.0,57734.25,0.0,38726
928,0.0,19388.31,0.0,0.0,898.05,1783.07,14190.63,2914.94,0.0,0.0,57734.25,0.0,39175
929,0.0,19388.31,0.0,0.0,0.0,1783.07,11914.72,1288.7,6563.2,0.0,50600.33,0.0,40938
930,0.0,19388.31,0.0,0.0,0.0,1783.07,9277.85,39.75,12871.02,0.0,36610.09,0.0,43360
931,0.0,19388.31,0.0,0.0,4691.82,1783.07,7578.43,0.0,11272.37,0.0,24357.51,0.0,44714
932,0.0,19388.31,0.0,0.0,13032.82,1783.07,6569.4,0.0,2823.4,0.0,21288.6,0.0,43597
933,0.0,19388.31,0.0,0.0,8341.01,1783.07,6569.4,0.0,6032.22,0.0,14731.85,0.0,42114
934,0.0,19388.31,0.0,0.0,0.0,1783.07,6569.4,0.0,12493.22,0.0,1152.26,0.0,40234
935,0.0,19388.31,0.0,0.0,8341.01,1783.07,7578.43,0.0,756.18,0.0,330.32,0.0,37847
936,0.0,19388.31,0.0,0.0,5634.79,1783.07,8685.83,0.0,0.0,0.0,330.32,0.0,35492
937,0.0,19388.31,0.0,0.0,3611.77,1783.07,9277.85,0.0,0.0,0.0,330.32,0.0,34061
938,0.0,19388.31,0.0,0.0,0.0,1783.07,11914.72,0.0,303.9,0.0,0.0,0.0,33390
939,0.0,17591.49,0.0,0.0,0.0,1783.07,13402.44,0.0,0.0,0.0,0.0,0.0,32777
940,0.0,16805.31,0.0,0.0,0.0,1783.07,14190.63,0.0,0.0,0.0,0.0,0.0,32779
941,0.0,19388.31,0.0,0.0,0.0,1783.07,15858.5,0.0,0.0,3627.88,3337.65,0.0,33402
942,0.0,15221.75,0.0,0.0,0.0,1783.07,17652.19,0.0,0.0,0.0,3337.65,0.0,34657
943,0.0,13971.61,0.0,0.0,0.0,1783.07,21635.33,0.0,0.0,0.0,3337.65,0.0,37390
944,0.0,17991.08,0.0,0.0,0.0,1783.07,27403.48,0.0,0.0,7024.63,9800.3,0.0,40153
945,0.0,13144.0,0.0,0.0,0.0,1783.07,32694.0,344.15,0.0,7505.22,16705.11,0.0,40460
946,0.0,12603.44,0.0,0.0,0.0,1783.07,37080.24,824.71,0.0,12290.46,28012.33,0.0,40001
947,0.0,7756.36,0.0,0.0,0.0,1783.07,37080.24,1332.21,0.0,8674.87,35993.21,0.0,39277
948,0.0,12603.44,0.0,0.0,0.0,1783.07,34115.28,1532.59,0.0,11929.38,46968.25,0.0,38105
949,0.0,7756.36,0.0,0.0,0.0,1783.07,34115.28,2085.01,0.0,8155.72,54471.51,0.0,37584
950,0.0,2909.28,0.0,0.0,0.0,1783.07,34115.28,4466.52,0.0,5533.15,59562.01,0.0,37741
951,0.0,0.0,0.0,0.0,0.0,1783.07,34115.28,4109.21,0.0,2739.56,62082.41,0.0,37268
952,0.0,4847.08,0.0,0.0,0.0,1783.07,35577.17,2598.83,0.0,6200.15,67786.55,0.0,38606
953,0.0,0.0,0.0,0.0,0.0,1783.07,38625.05,1193.81,0.0,963.93,68673.36,0.0,40638
954,0.0,3449.84,0.0,0.0,0.0,1783.07,38625.05,40.17,0.0,1205.14,69782.09,0.0,42693
955,0.0,8296.92,0.0,0.0,0.0,1783.07,37080.24,0.0,0.0,3623.23,73115.46,0.0,43537
956,0.0,13144.0,0.0,0.0,0.0,1783.07,32694.0,0.0,0.0,5163.07,77865.48,0.0,42458
957,0.0,13144.0,0.0,0.0,0.0,1783.07,28668.06,0.0,0.0,2320.13,80000.0,0.0,41275
958,0.0,14029.01,0.0,0.0,0.0,1783.07,23833.93,0.0,0.0,0.0,80000.0,0.0,39646
959,0.0,14926.29,0.0,0.0,0.0,1783.07,20588.64,0.0,0.0,0.0,80000.0,0.0,37298
960,0.0,16074.61,0.0,0.0,0.0,1783.07,16739.33,0.0,0.0,0.0,80000.0,0.0,34597
961,0.0,19388.31,0.0,0.0,139.9,1783.07,11914.72,0.0,0.0,0.0,80000.0,0.0,33226
962,0.0,19388.31,0.0,0.0,0.0,1783.07,7578.43,0.0,3478.19,0.0,76219.36,0.0,32228
963,0.0,19388.31,0.0,0.0,2135.86,1783.07,5230.28,0.0,3323.48,0.0,72606.88,0.0,31861
964,0.0,19388.31,0.0,0.0,0.0,1783.07,3746.37,0.0,6906.25,0.0,65100.09,0.0,31824
965,0.0,19388.31,0.0,0.0,0.0,1783.07,3123.37,0.0,7889.25,0.0,56524.82,0.0,32184
966,0.0,19388.31,0.0,0.0,4691.82,1783.07,2573.58,0.0,5202.22,0.0,50870.23,0.0,33639
967,0.0,19388.31,0.0,0.0,13032.82,1783.07,2092.42,0.0,253.38,0.0,50594.82,0.0,36550
968,0.0,19388.31,0.0,0.0,4691.82,1783.07,1489.34,0.0,12341.46,0.0,37180.19,0.0,39694
969,0.0,19388.31,0.0,0.0,13032.82,1783.07,0.0,2185.42,4965.38,0.0,31783.04,0.0,41355
970,0.0,19388.31,0.0,0.0,4691.82,1783.07,0.0,6147.97,8817.84,0.0,22198.44,0.0,40829
971,0.0,19388.31,0.0,0.0,13032.82,1783.07,0.0,6121.3,141.5,0.0,22044.64,0.0,40467
972,0.0,19388.31,0.0,0.0,7780.71,1783.07,0.0,12181.91,0.0,0.0,22044.64,0.0,41134
973,0.0,19388.31,0.0,0.0,2058.76,1783.07,1489.34,16368.52,0.0,0.0,22044.64,0.0,41088
974,0.0,19388.31,0.0,0.0,7290.11,1783.07,2324.71,9685.81,0.0,0.0,22044.64,0.0,40472
975,0.0,19388.31,0.0,0.0,0.0,1783.07,4086.75,3216.48,12103.39,0.0,8888.78,0.0,40578
976,0.0,19388.31,0.0,0.0,8341.01,1783.07,7061.9,2264.03,1815.68,0.0,6915.21,0.0,40654
977,0.0,19388.31,0.0,0.0,8033.58,1783.07,11914.72,1098.32,0.0,0.0,6915.21,0.0,42218
978,0.0,19388.31,0.0,0.0,0.0,1783.07,16739.33,63.29,6362.0,0.0,0.0,0.0,44336
979,0.0,19388.31,0.0,0.0,4074.35,1783.07,19576.27,0.0,0.0,0.0,0.0,0.0,44822
980,0.0,19031.04,0.0,0.0,0.0,1783.07,22716.9,0.0,0.0,0.0,0.0,0.0,43531
981,0.0,14183.96,0.0,0.0,0.0,1783.07,28668.06,0.0,0.0,2521.09,2319.4,0.0,42114
982,0.0,19031.04,0.0,0.0,0.0,1783.07,35577.17,0.0,0.0,16563.28,17557.61,0.0,39828
983,0.0,14183.96,0.0,0.0,0.0,1783.07,38625.05,0.0,0.0,17089.08,33279.57,0.0,37503
984,0.0,10287.1,0.0,0.0,0.0,1783.07,35577.17,0.0,0.0,12352.34,44643.72,0.0,35295
985,0.0,15134.18,0.0,0.0,0.0,1783.07,26176.65,0.0,0.0,9255.9,53159.15,0.0,33838
986,0.0,13742.75,0.0,0.0,0.0,1783.07,17652.19,0.0,0.0,0.0,53159.15,0.0,33178
987,0.0,17355.49,0.0,0.0,0.0,1783.07,13402.44,0.0,0.0,0.0,53159.15,0.0,32541
988,0.0,19388.31,0.0,0.0,0.0,1783.07,6569.4,0.0,4463.22,0.0,48307.82,0.0,32204
989,0.0,15652.28,0.0,0.0,0.0,1783.07,0.0,0.0,15131.65,0.0,31860.37,0.0,32567
990,0.0,10805.2,0.0,0.0,0.0,1783.07,1159.73,0.0,20000.0,0.0,10121.24,0.0,33748
991,0.0,5958.12,0.0,0.0,0.0,1783.07,19576.27,0.0,9311.54,0.0,0.0,0.0,36629
992,0.0,1111.04,0.0,0.0,0.0,1783.07,36624.89,0.0,0.0,0.0,0.0,0.0,39519
993,0.0,0.0,0.0,0.0,0.0,1783.07,44950.51,6325.47,0.0,12486.05,11487.16,0.0,40573
994,0.0,0.0,0.0,0.0,0.0,1783.07,44950.51,13502.4,0.0,18960.97,28931.25,0.0,41275
995,0.0,0.0,0.0,0.0,0.0,1783.07,44950.51,14635.43,0.0,20000.0,47331.25,0.0,41369
996,0.0,0.0,0.0,0.0,0.0,1783.07,44923.49,14807.45,0.0,20000.0,65731.25,0.0,41514
997,0.0,0.0,0.0,0.0,0.0,0.0,24365.66,17151.34,0.0,0.0,65731.25,0.0,41517
998,0.0,0.0,0.0,0.0,0.0,1783.07,14679.25,25280.68,0.0,0.0,65731.25,0.0,41743
999,0.0,0.0,0.0,0.0,0.0,0.0,40067.51,1460.49,0.0,0.0,65731.25,0.0,41528
1000,0.0,0.0,0.0,0.0,0.0,1783.07,44950.51,8525.04,0.0,13633.61,78274.17,0.0,41625
1001,0.0,0.0,0.0,0.0,0.0,1783.07,42489.44,68.39,0.0,1875.9,80000.0,0.0,42465
1002,0.0,0.0,0.0,0.0,0.0,1783.07,41613.75,4.19,0.0,0.0,80000.0,0.0,43401
1003,0.0,0.0,0.0,0.0,0.0,1783.07,41075.93,0.0,0.0,0.0,80000.0,0.0,42859
1004,0.0,0.0,0.0,0.0,0.0,0.0,41766.0,0.0,0.0,0.0,80000.0,0.0,41766
1005,0.0,0.0,0.0,0.0,0.0,815.81,40212.19,0.0,0.0,0.0,80000.0,0.0,41028
1006,0.0,4847.08,0.0,0.0,0.0,1783.07,31312.75,0.0,1253.1,0.0,78637.93,0.0,39196
1007,0.0,9694.16,0.0,0.0,0.0,1783.07,26176.65,0.0,0.0,547.87,79141.97,0.0,37106
1008,0.0,13588.93,0.0,0.0,0.0,1783.07,20588.64,0.0,0.0,932.64,80000.0,0.0,35028
1009,0.0,16498.81,0.0,0.0,0.0,1783.07,15009.12,0.0,0.0,0.0,80000.0,0.0,33291
1010,0.0,19388.31,0.0,0.0,1337.44,1783.07,9896.18,0.0,0.0,0.0,80000.0,0.0,32405
1011,0.0,19388.31,0.0,0.0,0.0,1783.07,6100.34,0.0,4471.28,0.0,75139.91,0.0,31743
1012,0.0,19388.31,0.0,0.0,0.0,1783.07,3746.37,0.0,6827.25,0.0,67718.99,0.0,31745
1013,0.0,19388.31,0.0,0.0,0.0,1783.07,2092.42,0.0,8724.2,0.0,58236.16,0.0,31988
1014,0.0,19388.31,0.0,0.0,0.0,1783.07,0.0,0.0,11741.62,0.0,45473.53,0.0,32913
1015,0.0,19388.31,0.0,0.0,0.0,1783.07,0.0,0.0,13178.62,0.0,31148.94,0.0,34350
1016,0.0,19388.31,0.0,0.0,2190.95,1783.07,0.0,0.0,13199.67,0.0,16801.47,0.0,36562
1017,0.0,19388.31,0.0,0.0,0.0,1783.07,1317.67,4955.46,10607.49,0.0,5271.6,0.0,38052
1018,0.0,19388.31,0.0,0.0,0.0,1783.07,2839.61,10508.14,4849.87,0.0,0.0,0.0,39369
1019,0.0,19388.31,0.0,0.0,2444.05,1783.07,6569.4,10121.17,0.0,0.0,0.0,0.0,40306
1020,0.0,14541.24,0.0,0.0,0.0,1783.07,13402.44,11486.49,0.0,1433.24,1318.58,0.0,39780
1021,0.0,17991.08,0.0,0.0,0.0,1783.07,21635.33,7586.12,0.0,9527.6,10083.97,0.0,39468
1022,0.0,13144.0,0.0,0.0,0.0,1783.07,28668.06,5055.17,0.0,9422.3,18752.49,0.0,39228
1023,0.0,8296.92,0.0,0.0,0.0,1783.07,34115.28,5790.13,0.0,10736.4,28629.98,0.0,39249
1024,0.0,5734.99,0.0,0.0,0.0,1783.07,38625.05,7356.44,0.0,13978.55,41490.24,0.0,39521
1025,0.0,10582.07,0.0,0.0,0.0,1783.07,35577.17,3580.08,0.0,10344.38,51007.07,0.0,41178
1026,0.0,13144.0,0.0,0.0,0.0,1783.07,29970.96,240.44,0.0,1393.46,52289.06,0.0,43745
1027,0.0,14550.87,0.0,0.0,0.0,1783.07,28668.06,0.0,0.0,0.0,52289.06,0.0,45002
1028,0.0,13685.87,0.0,0.0,0.0,1783.07,28668.06,0.0,0.0,0.0,52289.06,0.0,44137
1029,0.0,18532.95,0.0,0.0,0.0,1783.07,27403.48,0.0,0.0,4438.5,56372.48,0.0,43281
1030,0.0,17259.04,0.0,0.0,0.0,1783.07,22716.9,0.0,0.0,0.0,56372.48,0.0,41759
1031,0.0,19388.31,0.0,0.0,0.0,1783.07,17652.19,0.0,1470.43,0.0,54774.18,0.0,40294
1032,0.0,19388.31,0.0,0.0,0.0,1783.07,14190.63,0.0,3420.99,0.0,51055.71,0.0,38783
1033,0.0,19388.31,0.0,0.0,0.0,1783.07,11214.04,0.0,5055.58,0.0,45560.52,0.0,37441
1034,0.0,19388.31,0.0,0.0,0.0,1783.07,9896.18,0.0,5607.44,0.0,39465.47,0.0,36675
1035,0.0,19388.31,0.0,0.0,0.0,1783.07,9277.85,0.0,5969.77,0.0,32976.6,0.0,36419
1036,0.0,19388.31,0.0,0.0,0.0,1783.07,9277.85,0.0,5715.77,0.0,26763.81,0.0,36165
1037,0.0,19388.31,0.0,0.0,0.0,1783.07,9896.18,0.0,5538.44,0.0,20743.76,0.0,36606
1038,0.0,19388.31,0.0,0.0,0.0,1783.07,12644.0,0.0,3136.62,0.0,17334.39,0.0,36952
1039,0.0,19388.31,0.0,0.0,0.0,1783.07,15858.5,0.0,1363.12,0.0,15852.74,0.0,38393
1040,0.0,16593.38,0.0,0.0,0.0,1783.07,17652.19,0.0,3919.37,0.0,11592.55,0.0,39948
1041,0.0,11746.3,0.0,0.0,0.0,1783.07,16739.33,4755.24,5344.07,0.0,5783.78,0.0,40368
1042,0.0,6899.22,0.0,0.0,0.0,1783.07,16739.33,9904.31,5321.08,0.0,0.0,0.0,40647
1043,0.0,2052.14,0.0,0.0,0.0,1783.07,26176.65,10289.15,0.0,0.0,0.0,0.0,40301
1044,0.0,0.0,0.0,0.0,0.0,1783.07,43515.71,11536.47,0.0,16525.25,15203.23,0.0,40310
1045,0.0,0.0,0.0,0.0,0.0,0.0,40067.51,20293.49,0.0,20000.0,33603.23,0.0,40361
1046,0.0,0.0,0.0,0.0,0.0,1783.07,40067.51,13753.37,0.0,15484.94,47849.37,0.0,40119
1047,0.0,0.0,0.0,0.0,0.0,1783.07,40067.51,15041.59,0.0,17391.17,63849.25,0.0,39501
1048,0.0,0.0,0.0,0.0,0.0,1783.07,40067.51,12963.92,0.0,14423.49,77118.86,0.0,40391
1049,0.0,0.0,0.0,0.0,0.0,1783.07,41055.43,108.51,0.0,0.0,77118.86,0.0,42947
1050,0.0,0.0,0.0,0.0,0.0,1783.07,44950.51,7.01,0.0,1000.58,78039.39,0.0,45740
1051,0.0,0.0,0.0,0.0,0.0,1783.07,44950.51,0.0,28.43,0.0,78008.49,0.0,46762
1052,0.0,0.0,0.0,0.0,0.0,0.0,24981.0,0.0,20000.0,0.0,56269.36,0.0,44981
1053,0.0,0.0,0.0,0.0,0.0,1783.07,42113.93,0.0,0.0,0.0,56269.36,0.0,43897
1054,0.0,0.0,0.0,0.0,0.0,1783.07,44387.95,0.0,0.0,3429.01,59424.05,0.0,42742
1055,0.0,0.0,0.0,0.0,0.0,1783.07,44950.51,0.0,0.0,5703.57,64671.34,0.0,41030
1056,0.0,0.0,0.0,0.0,0.0,1783.07,40067.51,0.0,0.0,2333.57,66818.23,0.0,39517
1057,0.0,0.0,0.0,0.0,0.0,0.0,44950.51,0.0,0.0,6880.51,73148.29,0.0,38070
1058,0.0,0.0,0.0,0.0,0.0,0.0,44950.51,0.0,0.0,7447.51,80000.0,0.0,37503
1059,0.0,0.0,0.0,0.0,0.0,0.0,37644.0,0.0,0.0,0.0,80000.0,0.0,37644
1060,0.0,0.0,0.0,0.0,0.0,1783.07,35954.93,0.0,0.0,0.0,80000.0,0.0,37738
1061,0.0,0.0,0.0,0.0,0.0,0.0,38179.0,0.0,0.0,0.0,80000.0,0.0,38179
1062,0.0,2267.76,0.0,0.0,0.0,1783.07,35577.17,0.0,0.0,0.0,80000.0,0.0,39628
1063,0.0,7114.84,0.0,0.0,0.0,1783.07,31312.75,0.0,2305.34,0.0,77494.19,0.0,42516
1064,0.0,11961.92,0.0,0.0,0.0,1783.07,27403.48,0.0,4280.53,0.0,72841.44,0.0,45429
1065,0.0,15672.91,0.0,0.0,0.0,1783.07,23833.93,4040.1,0.0,0.0,72841.44,0.0,45330
1066,0.0,13463.51,0.0,0.0,0.0,1783.07,20588.64,8403.79,0.0,0.0,72841.44,0.0,44239
1067,0.0,12582.26,0.0,0.0,0.0,1783.07,18597.64,10240.03,0.0,0.0,72841.44,0.0,43203
1068,0.0,12779.37,0.0,0.0,0.0,1783.07,17652.19,10047.38,0.0,0.0,72841.44,0.0,42262
1069,0.0,8689.03,0.0,0.0,0.0,1783.07,16739.33,13947.36,545.22,0.0,72248.81,0.0,41704
1070,0.0,9694.16,0.0,0.0,0.0,1783.07,15858.5,14140.14,0.0,251.86,72480.52,0.0,41224
1071,0.0,14541.24,0.0,0.0,0.0,1783.07,12644.0,19806.04,0.0,8173.34,80000.0,0.0,40601
1072,0.0,19388.31,0.0,0.0,0.0,1783.07,8685.83,3759.46,7794.33,0.0,71527.91,0.0,41411
1073,0.0,19388.31,0.0,0.0,4895.62,1783.07,5654.16,1939.82,10603.02,0.0,60002.89,0.0,44264
1074,0.0,19388.31,0.0,0.0,4691.82,1783.07,4828.13,176.27,16390.4,0.0,42187.24,0.0,47258
1075,0.0,19388.31,0.0,0.0,13032.82,1783.07,5654.16,0.0,8393.64,0.0,33063.72,0.0,48252
1076,0.0,19388.31,0.0,0.0,8341.01,1783.07,8119.55,0.0,9873.06,0.0,22332.13,0.0,47505
1077,0.0,19388.31,0.0,0.0,0.0,1783.07,11214.04,0.0,13527.58,0.0,7628.24,0.0,45913
1078,0.0,19388.31,0.0,0.0,8341.01,1783.07,14190.63,0.0,523.99,0.0,7058.69,0.0,44227
1079,0.0,19388.31,0.0,0.0,0.0,1783.07,14190.63,0.0,6493.99,0.0,0.0,0.0,41856
1080,0.0,19388.31,0.0,0.0,5298.18,1783.07,13402.44,0.0,0.0,0.0,0.0,0.0,39872
1081,0.0,19388.31,0.0,0.0,1924.5,1783.07,15009.12,0.0,0.0,0.0,0.0,0.0,38105
1082,0.0,17991.08,0.0,0.0,0.0,1783.07,19576.27,0.0,0.0,1951.42,1795.3,0.0,37399
1083,0.0,13144.0,0.0,0.0,0.0,1783.07,27403.48,0.0,0.0,5099.55,6486.89,0.0,37231
1084,0.0,13144.0,0.0,0.0,0.0,1783.07,35577.17,0.0,0.0,13439.24,18850.99,0.0,37065
1085,0.0,10119.09,0.0,0.0,0.0,1783.07,38625.05,0.0,0.0,13075.21,30880.18,0.0,37452
1086,0.0,5272.01,0.0,0.0,0.0,1783.07,40212.19,0.0,0.0,8486.27,38687.55,0.0,38781
1087,0.0,10119.09,0.0,0.0,0.0,1783.07,37080.24,0.0,0.0,7152.4,45267.75,0.0,41830
1088,0.0,13144.0,0.0,0.0,0.0,1783.07,31312.75,0.0,0.0,1396.82,46552.82,0.0,44843
1089,0.0,17991.08,0.0,0.0,0.0,1783.07,27403.48,125.22,0.0,2088.85,48474.57,0.0,45214
1090,0.0,19388.31,0.0,0.0,0.0,1783.07,26176.65,327.46,0.0,4308.48,52438.37,0.0,43367
1091,0.0,19388.31,0.0,0.0,0.0,1783.07,26176.65,3070.32,0.0,8235.35,60014.89,0.0,42183
1092,0.0,19388.31,0.0,0.0,0.0,1783.07,24986.99,1146.4,0.0,6034.77,65566.87,0.0,41270
1093,0.0,19388.31,0.0,0.0,0.0,1783.07,22716.9,3698.02,0.0,7186.3,72178.27,0.0,40400
1094,0.0,19388.31,0.0,0.0,0.0,1783.07,21635.33,4262.24,0.0,7270.95,78867.54,0.0,39798
1095,0.0,14541.24,0.0,0.0,0.0,1783.07,20588.64,3723.99,0.0,1230.93,80000.0,0.0,39406
1096,0.0,16201.95,0.0,0.0,0.0,1783.07,18597.64,3402.34,0.0,0.0,80000.0,0.0,39985
1097,0.0,19388.31,0.0,0.0,3782.08,1783.07,15858.5,1681.04,0.0,0.0,80000.0,0.0,42493
1098,0.0,19388.31,0.0,0.0,5181.88,1783.07,13402.44,124.59,5926.71,0.0,73557.93,0.0,45807
1099,0.0,19388.31,0.0,0.0,13032.82,1783.07,10541.38,0.0,1823.41,0.0,71575.96,0.0,46569
1100,0.0,19388.31,0.0,0.0,13032.82,1783.07,8685.83,0.0,2383.96,0.0,68984.69,0.0,45274
1101,0.0,19388.31,0.0,0.0,13032.82,1783.07,8685.83,0.0,688.96,0.0,68235.82,0.0,43579
1102,0.0,19388.31,0.0,0.0,10848.44,1783.07,9896.18,0.0,0.0,0.0,68235.82,0.0,41916
1103,0.0,19388.31,0.0,0.0,7177.58,1783.07,11214.04,0.0,0.0,0.0,68235.82,0.0,39563
1104,0.0,19388.31,0.0,0.0,4803.58,1783.07,11214.04,0.0,0.0,0.0,68235.82,0.0,37189
1105,0.0,19388.31,0.0,0.0,3873.23,1783.07,10541.38,0.0,0.0,0.0,68235.82,0.0,35586
1106,0.0,19388.31,0.0,0.0,4527.77,1783.07,9277.85,0.0,0.0,0.0,68235.82,0.0,34977
1107,0.0,19388.31,0.0,0.0,4043.77,1783.07,9277.85,0.0,0.0,0.0,68235.82,0.0,34493
1108,0.0,19388.31,0.0,0.0,3957.77,1783.07,9277.85,0.0,0.0,0.0,68235.82,0.0,34407
1109,0.0,19388.31,0.0,0.0,2946.23,1783.07,10541.38,0.0,0.0,0.0,68235.82,0.0,34659
1110,0.0,19388.31,0.0,0.0,3375.58,1783.07,11214.04,0.0,0.0,0.0,68235.82,0.0,35761
1111,0.0,19388.31,0.0,0.0,5701.58,1783.07,11214.04,0.0,0.0,0.0,68235.82,0.0,38087
1112,0.0,19388.31,0.0,0.0,7704.19,1783.07,11914.72,61.71,0.0,0.0,68235.82,0.0,40852
1113,0.0,19388.31,0.0,0.0,6798.06,1783.07,12644.0,1320.56,0.0,0.0,68235.82,0.0,41934
1114,0.0,19388.31,0.0,0.0,2389.02,1783.07,15009.12,2866.48,0.0,0.0,68235.82,0.0,41436
1115,0.0,19388.31,0.0,0.0,0.0,1783.07,15858.5,6396.29,0.0,3180.16,71161.57,0.0,40246
1116,0.0,19388.31,0.0,0.0,0.0,1783.07,15009.12,5476.99,0.0,2133.49,73124.39,0.0,39524
1117,0.0,19388.31,0.0,0.0,0.0,1783.07,13402.44,10477.19,0.0,6798.01,79378.56,0.0,38253
1118,0.0,19388.31,0.0,0.0,0.0,1783.07,10541.38,6952.72,0.0,675.48,80000.0,0.0,37990
1119,0.0,19388.31,0.0,0.0,5501.12,1783.07,8685.83,3062.66,0.0,0.0,80000.0,0.0,38421
1120,0.0,19388.31,0.0,0.0,7299.79,1783.07,8685.83,2616.0,0.0,0.0,80000.0,0.0,39773
1121,0.0,19388.31,0.0,0.0,10815.12,1783.07,8119.55,1361.95,0.0,0.0,80000.0,0.0,41468
1122,0.0,19388.31,0.0,0.0,13032.82,1783.07,7061.9,125.19,1474.7,0.0,78397.07,0.0,42866
1123,0.0,19388.31,0.0,0.0,6063.23,1783.07,6100.34,0.0,9504.05,0.0,68066.58,0.0,42839
1124,0.0,19388.31,0.0,0.0,13032.82,1783.07,4447.15,0.0,2874.65,0.0,64941.96,0.0,41526
1125,0.0,19388.31,0.0,0.0,13032.82,1783.07,2573.58,0.0,3537.22,0.0,61097.16,0.0,40315
1126,0.0,19388.31,0.0,0.0,13032.82,1783.07,1489.34,0.0,2861.46,0.0,57986.88,0.0,38555
1127,0.0,19388.31,0.0,0.0,13032.82,1783.07,1159.73,0.0,983.06,0.0,56918.33,0.0,36347
1128,0.0,19388.31,0.0,0.0,11523.31,1783.07,1675.31,0.0,0.0,0.0,56918.33,0.0,34370
1129,0.0,19388.31,0.0,0.0,9066.04,1783.07,2573.58,0.0,0.0,0.0,56918.33,0.0,32811
1130,0.0,19388.31,0.0,0.0,8720.04,1783.07,2573.58,0.0,0.0,0.0,56918.33,0.0,32465
1131,0.0,19388.31,0.0,0.0,8270.04,1783.07,2573.58,0.0,0.0,0.0,56918.33,0.0,32015
1132,0.0,19388.31,0.0,0.0,8289.04,1783.07,2573.58,0.0,0.0,0.0,56918.33,0.0,32034
1133,0.0,19388.31,0.0,0.0,9040.91,1783.07,2324.71,0.0,0.0,0.0,56918.33,0.0,32537
1134,0.0,19388.31,0.0,0.0,10617.2,1783.07,2092.42,0.0,0.0,0.0,56918.33,0.0,33881
1135,0.0,19388.31,0.0,0.0,13032.82,1783.07,1675.31,0.0,1381.49,0.0,55416.71,0.0,37261
1136,0.0,19388.31,0.0,0.0,13032.82,1783.07,1489.34,62.03,3334.42,0.0,51792.34,0.0,39090
1137,0.0,19388.31,0.0,0.0,13032.82,1783.07,1317.67,1150.98,3630.14,0.0,47846.53,0.0,40303
1138,0.0,19388.31,0.0,0.0,13032.82,1783.07,0.0,2481.83,4795.97,0.0,42633.52,0.0,41482
1139,0.0,19388.31,0.0,0.0,13032.82,1783.07,0.0,3904.84,2673.95,0.0,39727.05,0.0,40783
1140,0.0,19388.31,0.0,0.0,12394.92,1783.07,0.0,8042.69,0.0,0.0,39727.05,0.0,41609
1141,0.0,19388.31,0.0,0.0,13032.82,1783.07,0.0,5300.83,2936.96,0.0,36534.7,0.0,42442
1142,0.0,19388.31,0.0,0.0,13032.82,1783.07,0.0,8231.14,61.66,0.0,36467.69,0.0,42497
1143,0.0,19388.31,0.0,0.0,13032.82,1783.07,0.0,3100.52,5047.27,0.0,30981.52,0.0,42352
1144,0.0,19388.31,0.0,0.0,9417.81,1783.07,0.0,11766.81,0.0,0.0,30981.52,0.0,42356
1145,0.0,19388.31,0.0,0.0,13032.82,1783.07,0.0,6549.6,2885.2,0.0,27845.43,0.0,43639
1146,0.0,19388.31,0.0,0.0,13032.82,1783.07,0.0,772.39,9829.41,0.0,17161.29,0.0,44806
1147,0.0,19388.31,0.0,0.0,13032.82,1783.07,1876.14,0.0,8958.66,0.0,7423.62,0.0,45039
1148,0.0,19388.31,0.0,0.0,13032.82,1783.07,4447.15,0.0,5787.65,0.0,1132.7,0.0,44439
1149,0.0,19388.31,0.0,0.0,13032.82,1783.07,8685.83,0.0,584.96,0.0,496.87,0.0,43475
1150,0.0,19388.31,0.0,0.0,8501.9,1783.07,11914.72,0.0,0.0,0.0,496.87,0.0,41588
1151,0.0,19388.31,0.0,0.0,5639.62,1783.07,12644.0,0.0,0.0,0.0,496.87,0.0,39455
1152,0.0,19388.31,0.0,0.0,0.0,1783.07,15858.5,0.0,457.12,0.0,0.0,0.0,37487
1153,0.0,14541.24,0.0,0.0,0.0,1783.07,20588.64,0.0,0.0,530.94,488.47,0.0,36382
1154,0.0,13144.0,0.0,0.0,0.0,1783.07,20588.64,0.0,0.0,95.71,576.52,0.0,35420
1155,0.0,13896.66,0.0,0.0,0.0,1783.07,19576.27,0.0,0.0,0.0,576.52,0.0,35256
1156,0.0,13144.0,0.0,0.0,0.0,1783.07,20588.64,0.0,0.0,316.71,867.89,0.0,35199
1157,0.0,10112.01,0.0,0.0,0.0,1783.07,23833.93,0.0,0.0,0.0,867.89,0.0,35729
1158,0.0,7935.45,0.0,0.0,0.0,1783.07,27403.48,0.0,0.0,0.0,867.89,0.0,37122
1159,0.0,9072.87,0.0,0.0,0.0,1783.07,28668.06,0.0,0.0,0.0,867.89,0.0,39524
1160,0.0,11769.9,0.0,0.0,0.0,1783.07,28668.06,225.9,0.0,641.93,1458.46,0.0,41805
1161,0.0,7475.04,0.0,0.0,0.0,1783.07,28668.06,3665.04,1341.79,0.0,0.0,0.0,42933
1162,0.0,2627.96,0.0,0.0,0.0,1783.07,31312.75,7207.22,0.0,0.0,0.0,0.0,42931
1163,0.0,0.0,0.0,0.0,0.0,608.8,32694.0,29252.2,0.0,20000.0,18400.0,0.0,42555
1164,0.0,0.0,0.0,0.0,0.0,0.0,29367.49,32776.51,0.0,20000.0,36800.0,0.0,42144
1165,0.0,0.0,0.0,0.0,0.0,1783.07,22716.9,34794.53,0.0,17221.49,52643.77,0.0,42073
1166,0.0,0.0,0.0,0.0,0.0,1783.07,16739.33,33646.68,0.0,10959.07,62726.12,0.0,41210
1167,0.0,4847.08,0.0,0.0,0.0,1783.07,10351.92,29848.51,0.0,6628.57,68824.41,0.0,40202
1168,0.0,9694.16,0.0,0.0,0.0,1783.07,17652.19,23247.97,0.0,12147.38,80000.0,0.0,40230
1169,0.0,14541.24,0.0,0.0,0.0,0.0,18597.64,8357.12,0.0,0.0,80000.0,0.0,41496
1170,0.0,19388.31,0.0,0.0,759.52,1783.07,17652.19,1951.97,1466.94,0.0,78405.5,0.0,43002
1171,0.0,19388.31,0.0,0.0,639.99,1783.07,16739.33,0.0,5916.3,0.0,71974.73,0.0,44467
1172,0.0,19388.31,0.0,0.0,8980.99,1783.07,14190.63,0.0,0.0,0.0,71974.73,0.0,44343
1173,0.0,19388.31,0.0,0.0,9839.62,1783.07,12644.0,0.0,0.0,0.0,71974.73,0.0,43655
1174,0.0,19388.31,0.0,0.0,9728.58,1783.07,11214.04,0.0,0.0,0.0,71974.73,0.0,42114
1175,0.0,19388.31,0.0,0.0,9787.77,1783.07,9277.85,0.0,0.0,0.0,71974.73,0.0,40237
1176,0.0,19388.31,0.0,0.0,9078.19,1783.07,7578.43,0.0,0.0,0.0,71974.73,0.0,37828
1177,0.0,19388.31,0.0,0.0,8556.22,1783.07,6569.4,0.0,0.0,0.0,71974.73,0.0,36297
1178,0.0,19388.31,0.0,0.0,8023.28,1783.07,6100.34,0.0,0.0,0.0,71974.73,0.0,35295
1179,0.0,19388.31,0.0,0.0,7629.28,1783.07,6100.34,0.0,0.0,0.0,71974.73,0.0,34901
1180,0.0,19388.31,0.0,0.0,6396.22,1783.07,6569.4,0.0,0.0,0.0,71974.73,0.0,34137
1181,0.0,19388.31,0.0,0.0,6477.22,1783.07,6569.4,0.0,0.0,0.0,71974.73,0.0,34218
1182,0.0,19388.31,0.0,0.0,8006.46,1783.07,5654.16,0.0,0.0,0.0,71974.73,0.0,34832
1183,0.0,19388.31,0.0,0.0,10311.47,1783.07,4447.15,0.0,0.0,0.0,71974.73,0.0,35930
1184,0.0,19388.31,0.0,0.0,12542.4,1783.07,3746.37,148.85,0.0,0.0,71974.73,0.0,37609
1185,0.0,19388.31,0.0,0.0,12109.04,1783.07,2839.61,2425.97,0.0,0.0,71974.73,0.0,38546
1186,0.0,19388.31,0.0,0.0,10040.84,1783.07,2324.71,5214.07,0.0,0.0,71974.73,0.0,38751
1187,0.0,19388.31,0.0,0.0,6077.28,1783.07,1675.31,9781.04,0.0,0.0,71974.73,0.0,38705
1188,0.0,19388.31,0.0,0.0,1490.34,1783.07,1317.67,15207.6,0.0,0.0,71974.73,0.0,39187
1189,0.0,19388.31,0.0,0.0,4144.68,1783.07,1489.34,12376.6,0.0,0.0,71974.73,0.0,39182
1190,0.0,19388.31,0.0,0.0,199.31,1783.07,1675.31,15638.01,0.0,0.0,71974.73,0.0,38684
1191,0.0,19388.31,0.0,0.0,2464.64,1783.07,1675.31,2693.84,10646.83,0.0,60402.09,0.0,38652
1192,0.0,19388.31,0.0,0.0,10805.65,1783.07,1159.73,5951.24,0.0,0.0,60402.09,0.0,39088
1193,0.0,19388.31,0.0,0.0,9463.42,1783.07,0.0,9885.2,0.0,0.0,60402.09,0.0,40520
1194,0.0,19388.31,0.0,0.0,4691.82,1783.07,0.0,1101.36,16065.45,0.0,42939.65,0.0,43030
1195,0.0,19388.31,0.0,0.0,13032.82,1783.07,0.0,0.0,10707.8,0.0,31300.74,0.0,44912
1196,0.0,19388.31,0.0,0.0,13032.82,1783.07,1159.73,0.0,8621.06,0.0,21930.02,0.0,43985
1197,0.0,19388.31,0.0,0.0,13032.82,1783.07,1489.34,0.0,6907.46,0.0,14421.92,0.0,42601
1198,0.0,19388.31,0.0,0.0,13032.82,1783.07,1876.14,0.0,5007.66,0.0,8978.81,0.0,41088
1199,0.0,19388.31,0.0,0.0,13032.82,1783.07,2092.42,0.0,3400.38,0.0,5282.75,0.0,39697
1200,0.0,19388.31,0.0,0.0,13032.82,1783.07,2324.71,0.0,1191.09,0.0,3988.08,0.0,37720
1201,0.0,19388.31,0.0,0.0,12963.2,1783.07,2092.42,0.0,0.0,0.0,3988.08,0.0,36227
1202,0.0,19388.31,0.0,0.0,11824.2,1783.07,2092.42,0.0,0.0,0.0,3988.08,0.0,35088
1203,0.0,19388.31,0.0,0.0,11003.91,1783.07,2324.71,0.0,0.0,0.0,3988.08,0.0,34500
1204,0.0,19388.31,0.0,0.0,10279.04,1783.07,2573.58,0.0,0.0,0.0,3988.08,0.0,34024
1205,0.0,19388.31,0.0,0.0,10478.04,1783.07,2573.58,0.0,0.0,0.0,3988.08,0.0,34223
1206,0.0,19388.31,0.0,0.0,10658.04,1783.07,2573.58,0.0,0.0,0.0,3988.08,0.0,34403
1207,0.0,19388.31,0.0,0.0,10973.25,1783.07,3123.37,0.0,0.0,0.0,3988.08,0.0,35268
1208,0.0,19388.31,0.0,0.0,10884.15,1783.07,3425.44,813.03,0.0,0.0,3988.08,0.0,36294
1209,0.0,19388.31,0.0,0.0,2686.21,1783.07,2839.61,10460.3,52.49,0.0,3931.03,0.0,37210
1210,0.0,19388.31,0.0,0.0,11027.22,1783.07,2324.71,3320.69,0.0,0.0,3931.03,0.0,37844
1211,0.0,19388.31,0.0,0.0,8618.38,1783.07,2092.42,5740.82,0.0,0.0,3931.03,0.0,37623
1212,0.0,19388.31,0.0,0.0,8341.01,1783.07,1876.14,1895.93,3616.55,0.0,0.0,0.0,36901
1213,0.0,18100.54,0.0,0.0,0.0,1783.07,1317.67,31908.17,0.0,16383.45,15072.78,0.0,36726
1214,0.0,19388.31,0.0,0.0,0.0,1783.07,0.0,30600.16,0.0,15680.54,29498.88,0.0,36091
1215,0.0,19388.31,0.0,0.0,0.0,1783.07,0.0,26743.64,0.0,12656.02,41142.41,0.0,35259
1216,0.0,19388.31,0.0,0.0,0.0,1783.07,0.0,20542.27,0.0,6240.65,46883.81,0.0,35473
1217,0.0,19388.31,0.0,0.0,2774.71,1783.07,1159.73,11806.18,0.0,0.0,46883.81,0.0,36912
1218,0.0,19388.31,0.0,0.0,4563.81,1783.07,1876.14,1841.86,9424.81,0.0,36639.46,0.0,38878
1219,0.0,19388.31,0.0,0.0,12904.82,1783.07,2573.58,0.0,3658.22,0.0,32663.13,0.0,40308
1220,0.0,19388.31,0.0,0.0,13032.82,1783.07,3123.37,0.0,2616.42,0.0,29819.19,0.0,39944
1221,0.0,19388.31,0.0,0.0,4691.82,1783.07,3425.44,0.0,9275.37,0.0,19737.27,0.0,38564
1222,0.0,19388.31,0.0,0.0,13032.82,1783.07,2839.61,0.0,136.18,0.0,19589.25,0.0,37180
1223,0.0,19388.31,0.0,0.0,12555.91,1783.07,2324.71,0.0,0.0,0.0,19589.25,0.0,36052
1224,0.0,19388.31,0.0,0.0,11558.48,1783.07,1876.14,0.0,0.0,0.0,19589.25,0.0,34606
1225,0.0,19388.31,0.0,0.0,10698.31,1783.07,1675.31,0.0,0.0,0.0,19589.25,0.0,33545
1226,0.0,19388.31,0.0,0.0,8341.01,1783.07,1876.14,0.0,1383.47,0.0,18085.47,0.0,32772
1227,0.0,19388.31,0.0,0.0,0.0,1783.07,2324.71,0.0,8996.91,0.0,8306.22,0.0,32493
1228,0.0,19388.31,0.0,0.0,7593.25,1783.07,3123.37,0.0,0.0,0.0,8306.22,0.0,31888
1229,0.0,19388.31,0.0,0.0,6493.47,1783.07,4447.15,0.0,0.0,0.0,8306.22,0.0,32112
1230,0.0,19388.31,0.0,0.0,4667.72,1783.07,7061.9,0.0,0.0,0.0,8306.22,0.0,32901
1231,0.0,19388.31,0.0,0.0,3203.44,1783.07,9896.18,0.0,0.0,0.0,8306.22,0.0,34271
1232,0.0,19388.31,0.0,0.0,0.0,1783.07,8685.83,391.13,5383.66,0.0,2454.42,0.0,35632
1233,0.0,19388.31,0.0,0.0,2949.16,1783.07,6569.4,5634.06,0.0,0.0,2454.42,0.0,36324
1234,0.0,19388.31,0.0,0.0,704.79,1783.07,8119.55,6391.28,0.0,0.0,2454.42,0.0,36387
1235,0.0,19388.31,0.0,0.0,0.0,1783.07,12644.0,17179.6,0.0,14880.98,16144.92,0.0,36114
1236,0.0,17847.85,0.0,0.0,0.0,1783.07,15858.5,19711.58,0.0,20000.0,34544.92,0.0,35201
1237,0.0,16052.41,0.0,0.0,0.0,1783.07,16739.33,20441.19,0.0,20000.0,52944.92,0.0,35016
1238,0.0,19388.31,0.0,0.0,0.0,1783.07,15858.5,6258.32,0.0,8498.2,60763.26,0.0,34790
1239,0.0,19388.31,0.0,0.0,0.0,1783.07,16739.33,7208.41,0.0,10326.12,70263.29,0.0,34793
1240,0.0,19388.31,0.0,0.0,0.0,1783.07,14190.63,9053.41,0.0,8644.42,78216.15,0.0,35771
1241,0.0,19388.31,0.0,0.0,340.65,1783.07,11214.04,4848.93,0.0,0.0,78216.15,0.0,37575
1242,0.0,19388.31,0.0,0.0,0.0,1783.07,9277.85,733.37,8733.4,0.0,68723.33,0.0,39916
1243,0.0,19388.31,0.0,0.0,0.0,1783.07,9277.85,0.0,10273.77,0.0,57556.19,0.0,40723
1244,0.0,19388.31,0.0,0.0,8341.01,1783.07,9277.85,0.0,1040.76,0.0,56424.93,0.0,39831
1245,0.0,19388.31,0.0,0.0,9117.79,1783.07,8685.83,0.0,0.0,0.0,56424.93,0.0,38975
1246,0.0,19388.31,0.0,0.0,1701.33,1783.07,7061.9,0.0,7926.38,0.0,47809.3,0.0,37861
1247,0.0,19388.31,0.0,0.0,10042.34,1783.07,5230.28,0.0,0.0,0.0,47809.3,0.0,36444
1248,0.0,19388.31,0.0,0.0,8880.49,1783.07,4828.13,0.0,0.0,0.0,47809.3,0.0,34880
1249,0.0,19388.31,0.0,0.0,8297.87,1783.07,4086.75,0.0,0.0,0.0,47809.3,0.0,33556
1250,0.0,19388.31,0.0,0.0,7933.18,1783.07,3425.44,0.0,0.0,0.0,47809.3,0.0,32530
1251,0.0,19388.31,0.0,0.0,7356.25,1783.07,3746.37,0.0,0.0,0.0,47809.3,0.0,32274
1252,0.0,19388.31,0.0,0.0,7404.87,1783.07,4086.75,0.0,0.0,0.0,47809.3,0.0,32663
1253,0.0,19388.31,0.0,0.0,8507.25,1783.07,3746.37,0.0,0.0,0.0,47809.3,0.0,33425
1254,0.0,19388.31,0.0,0.0,10494.04,1783.07,2573.58,0.0,0.0,0.0,47809.3,0.0,34239
1255,0.0,19388.31,0.0,0.0,2153.03,1783.07,2324.71,0.0,11406.88,0.0,35410.52,0.0,37056
1256,0.0,19388.31,0.0,0.0,10494.04,1783.07,1876.14,232.75,6551.69,0.0,28289.11,0.0,40326
1257,0.0,19388.31,0.0,0.0,13032.82,1783.07,0.0,2505.94,4596.85,0.0,23292.53,0.0,41307
1258,0.0,19388.31,0.0,0.0,13032.82,1783.07,0.0,4659.33,2768.46,0.0,20283.33,0.0,41632
1259,0.0,19388.31,0.0,0.0,10080.03,1783.07,0.0,7296.81,3074.78,0.0,16941.18,0.0,41623
1260,0.0,19388.31,0.0,0.0,1739.02,1783.07,2092.42,16622.18,0.0,0.0,16941.18,0.0,41625
1261,0.0,19388.31,0.0,0.0,0.0,1783.07,5230.28,20368.69,0.0,5311.35,21827.62,0.0,41459
1262,0.0,19388.31,0.0,0.0,0.0,1783.07,8119.55,20011.99,0.0,7407.92,28642.9,0.0,41895
1263,0.0,19388.31,0.0,0.0,0.0,1783.07,10541.38,12911.43,0.0,2180.19,30648.68,0.0,42444
1264,0.0,19388.31,0.0,0.0,0.0,1783.07,12644.0,15262.9,0.0,6101.28,36261.85,0.0,42977
1265,0.0,19388.31,0.0,0.0,0.0,1783.07,14190.63,8652.02,0.0,387.03,36617.92,0.0,43627
1266,0.0,19388.31,0.0,0.0,5235.08,1783.07,15858.5,1748.04,0.0,0.0,36617.92,0.0,44013
1267,0.0,19388.31,0.0,0.0,4582.43,1783.07,17652.19,0.0,0.0,0.0,36617.92,0.0,43406
1268,0.0,19388.31,0.0,0.0,4683.29,1783.07,16739.33,0.0,0.0,0.0,36617.92,0.0,42594
1269,0.0,19388.31,0.0,0.0,7613.62,1783.07,12644.0,0.0,0.0,0.0,36617.92,0.0,41429
1270,0.0,19388.31,0.0,0.0,9726.79,1783.07,8685.83,0.0,0.0,0.0,36617.92,0.0,39584
1271,0.0,19388.31,0.0,0.0,9238.22,1783.07,6569.4,0.0,0.0,0.0,36617.92,0.0,36979
1272,0.0,19388.31,0.0,0.0,897.22,1783.07,6100.34,0.0,6010.07,0.0,30085.24,0.0,34179
1273,0.0,19388.31,0.0,0.0,5652.28,1783.07,6100.34,0.0,0.0,0.0,30085.24,0.0,32924
1274,0.0,19388.31,0.0,0.0,4842.22,1783.07,6569.4,0.0,0.0,0.0,30085.24,0.0,32583
1275,0.0,19388.31,0.0,0.0,3980.72,1783.07,7061.9,0.0,0.0,0.0,30085.24,0.0,32214
1276,0.0,19388.31,0.0,0.0,3977.72,1783.07,7061.9,0.0,0.0,0.0,30085.24,0.0,32211
1277,0.0,19388.31,0.0,0.0,4582.72,1783.07,7061.9,0.0,0.0,0.0,30085.24,0.0,32816
1278,0.0,19388.31,0.0,0.0,6489.72,1783.07,7061.9,0.0,0.0,0.0,30085.24,0.0,34723
1279,0.0,19388.31,0.0,0.0,8585.19,1783.07,7578.43,0.0,0.0,0.0,30085.24,0.0,37335
1280,0.0,19388.31,0.0,0.0,244.18,1783.07,7061.9,1234.99,10936.55,0.0,18197.69,0.0,40649
1281,0.0,19388.31,0.0,0.0,3239.59,1783.07,6100.34,11305.69,0.0,0.0,18197.69,0.0,41817
1282,0.0,19388.31,0.0,0.0,0.0,1783.07,5230.28,20567.32,0.0,4981.98,22781.11,0.0,41987
1283,0.0,19388.31,0.0,0.0,0.0,1783.07,4447.15,26942.04,0.0,10879.57,32790.31,0.0,41681
1284,0.0,19388.31,0.0,0.0,0.0,1783.07,4086.75,31066.65,0.0,15075.78,46660.03,0.0,41249
1285,0.0,19388.31,0.0,0.0,0.0,1783.07,4447.15,32428.41,0.0,16926.94,62232.81,0.0,41120
1286,0.0,19388.31,0.0,0.0,0.0,1783.07,4447.15,25659.5,0.0,10636.03,72017.96,0.0,40642
1287,0.0,19388.31,0.0,0.0,0.0,1783.07,4086.75,20006.06,0.0,4797.19,76431.38,0.0,40467
1288,0.0,19388.31,0.0,0.0,0.0,1783.07,4086.75,19742.81,0.0,3878.94,80000.0,0.0,41122
1289,0.0,19388.31,0.0,0.0,6232.25,1783.07,4447.15,10616.23,0.0,0.0,80000.0,0.0,42467
1290,0.0,19388.31,0.0,0.0,13032.82,1783.07,5654.16,2079.43,3013.21,0.0,76724.77,0.0,44951
1291,0.0,19388.31,0.0,0.0,13032.82,1783.07,6569.4,0.0,5497.4,0.0,70749.34,0.0,46271
1292,0.0,19388.31,0.0,0.0,13032.82,1783.07,6569.4,0.0,5019.4,0.0,65293.47,0.0,45793
1293,0.0,19388.31,0.0,0.0,13032.82,1783.07,6100.34,0.0,4605.46,0.0,60287.54,0.0,44910
1294,0.0,19388.31,0.0,0.0,13032.82,1783.07,6100.34,0.0,2933.46,0.0,57099.0,0.0,43238
1295,0.0,19388.31,0.0,0.0,13032.82,1783.07,6100.34,0.0,787.46,0.0,56243.06,0.0,41092
1296,0.0,19388.31,0.0,0.0,13032.82,1783.07,6100.34,0.0,0.0,1306.54,57445.08,0.0,38998
1297,0.0,19388.31,0.0,0.0,13032.82,1783.07,6100.34,0.0,0.0,2563.54,59803.54,0.0,37741
1298,0.0,19388.31,0.0,0.0,13032.82,1783.07,6100.34,0.0,0.0,3080.54,62637.64,0.0,37224
1299,0.0,19388.31,0.0,0.0,13032.82,1783.07,6569.4,0.0,0.0,3897.6,66223.44,0.0,36876
1300,0.0,19388.31,0.0,0.0,13032.82,1783.07,6100.34,0.0,0.0,4116.54,70010.65,0.0,36188
1301,0.0,19388.31,0.0,0.0,13032.82,1783.07,5654.16,0.0,0.0,3192.36,72947.63,0.0,36666
1302,0.0,19388.31,0.0,0.0,13032.82,1783.07,5230.28,0.0,0.0,1414.48,74248.95,0.0,38020
1303,0.0,19388.31,0.0,0.0,13032.82,1783.07,4828.13,0.0,2571.66,0.0,71453.66,0.0,41604
1304,0.0,19388.31,0.0,0.0,13032.82,1783.07,4447.15,81.12,5434.53,0.0,65546.56,0.0,44167
1305,0.0,19388.31,0.0,0.0,13032.82,1783.07,4086.75,868.29,4352.75,0.0,60815.31,0.0,43512
1306,0.0,19388.31,0.0,0.0,13032.82,1783.07,3746.37,2323.86,1590.57,0.0,59086.43,0.0,41865
1307,0.0,19388.31,0.0,0.0,13032.82,1783.07,3425.44,3547.42,0.0,350.06,59408.49,0.0,40827
1308,0.0,19388.31,0.0,0.0,13032.82,1783.07,3123.37,1833.6,650.82,0.0,58701.08,0.0,39812
1309,0.0,19388.31,0.0,0.0,13032.82,1783.07,2324.71,13945.56,0.0,11345.47,69138.91,0.0,39129
1310,0.0,19388.31,0.0,0.0,13032.82,1783.07,1489.34,6142.24,0.0,2992.79,71892.27,0.0,38843
1311,0.0,19388.31,0.0,0.0,13032.82,1783.07,1159.73,1868.77,990.3,0.0,70815.86,0.0,38223
1312,0.0,19388.31,0.0,0.0,13032.82,1783.07,0.0,1352.53,3113.26,0.0,67431.88,0.0,38670
1313,0.0,19388.31,5470.0,0.0,13032.82,1783.07,0.0,727.72,1041.08,0.0,66300.28,0.0,41443
1314,0.0,19388.31,5470.0,0.0,13032.82,1783.07,0.0,137.24,4035.56,0.0,61913.8,0.0,43847
1315,0.0,19388.31,0.0,0.0,13032.82,1783.07,0.0,0.0,10846.8,0.0,50123.8,0.0,45051
1316,0.0,19388.31,5470.0,0.0,13032.82,1783.07,0.0,0.0,6139.8,0.0,43450.11,0.0,45814
1317,0.0,19388.31,0.0,0.0,13032.82,1783.07,0.0,0.0,10633.8,0.0,31891.64,0.0,44838
1318,0.0,19388.31,5470.0,0.0,13032.82,1783.07,0.0,0.0,3187.8,0.0,28426.65,0.0,42862
1319,0.0,19388.31,5470.0,0.0,13032.82,1783.07,0.0,0.0,621.8,0.0,27750.78,0.0,40296
1320,0.0,19388.31,4140.8,0.0,13032.82,1783.07,0.0,0.0,0.0,0.0,27750.78,0.0,38345
1321,0.0,19388.31,2419.8,0.0,13032.82,1783.07,0.0,0.0,0.0,0.0,27750.78,0.0,36624
1322,0.0,19388.31,1727.8,0.0,13032.82,1783.07,0.0,0.0,0.0,0.0,27750.78,0.0,35932
1323,0.0,19388.31,1480.8,0.0,13032.82,1783.07,0.0,0.0,0.0,0.0,27750.78,0.0,35685
1324,0.0,19388.31,1653.8,0.0,13032.82,1783.07,0.0,0.0,0.0,0.0,27750.78,0.0,35858
1325,0.0,19388.31,2352.8,0.0,13032.82,1783.07,0.0,0.0,0.0,0.0,27750.78,0.0,36557
1326,0.0,19388.31,0.0,0.0,13032.82,1783.07,0.0,0.0,3882.8,0.0,23530.35,0.0,38087
1327,0.0,19388.31,5470.0,0.0,13032.82,1783.07,0.0,0.0,1528.8,0.0,21868.62,0.0,41203
1328,0.0,19388.31,5470.0,0.0,13032.82,1783.07,0.0,195.34,3912.46,0.0,17615.95,0.0,43782
1329,0.0,19388.31,998.56,0.0,13032.82,1783.07,0.0,2202.02,7403.22,0.0,9568.97,0.0,44808
1330,0.0,19388.31,5470.0,0.0,13032.82,1783.07,0.0,2832.45,3134.35,0.0,6162.07,0.0,45641
1331,0.0,19388.31,0.0,0.0,13032.82,1783.07,0.0,5733.69,5669.11,0.0,0.0,0.0,45607
1332,0.0,19388.31,0.0,0.0,13032.82,1783.07,0.0,15674.17,0.0,5072.37,4666.58,0.0,44806
1333,0.0,19388.31,0.0,0.0,13032.82,1783.07,0.0,14501.82,0.0,5106.02,9364.12,0.0,43600
1334,0.0,19388.31,0.0,0.0,13032.82,1783.07,1317.67,4033.12,3196.0,0.0,5890.21,0.0,42751
1335,0.0,19388.31,0.0,0.0,13032.82,1783.07,2324.71,7153.72,0.0,1981.63,7713.31,0.0,41701
1336,0.0,19388.31,0.0,0.0,13032.82,1783.07,3123.37,15893.85,0.0,11093.42,17919.26,0.0,42128
1337,0.0,19388.31,0.0,0.0,13032.82,1783.07,3746.37,8786.29,0.0,3445.86,21089.45,0.0,43291
1338,0.0,19388.31,0.0,0.0,13032.82,1783.07,4447.15,1990.19,4478.46,0.0,16221.55,0.0,45120
1339,0.0,19388.31,0.0,0.0,13032.82,1783.07,5230.28,0.0,6418.52,0.0,9244.9,0.0,45853
1340,0.0,19388.31,0.0,0.0,13032.82,1783.07,6100.34,0.0,5124.46,0.0,3674.84,0.0,45429
1341,0.0,19388.31,0.0,0.0,13032.82,1783.07,7061.9,0.0,3362.89,0.0,19.52,0.0,44629
1342,0.0,19388.31,0.0,0.0,13032.82,1783.07,8685.83,0.0,17.96,0.0,0.0,0.0,42908
1343,0.0,19388.31,0.0,0.0,9317.23,1783.07,10541.38,0.0,0.0,0.0,0.0,0.0,41030
1344,0.0,19388.31,0.0,0.0,5842.9,1783.07,11914.72,0.0,0.0,0.0,0.0,0.0,38929
1345,0.0,19388.31,0.0,0.0,1999.99,1783.07,14190.63,0.0,0.0,0.0,0.0,0.0,37362
1346,0.0,19388.31,0.0,0.0,629.99,1783.07,14190.63,0.0,0.0,0.0,0.0,0.0,35992
1347,0.0,19388.31,0.0,0.0,0.0,1783.07,14190.63,0.0,0.0,443.01,407.57,0.0,34919
1348,0.0,19388.31,0.0,0.0,0.0,1783.07,14190.63,0.0,0.0,362.01,740.61,0.0,35000
1349,0.0,19388.31,0.0,0.0,85.99,1783.07,14190.63,0.0,0.0,0.0,740.61,0.0,35448
1350,0.0,19388.31,0.0,0.0,744.99,1783.07,14190.63,0.0,0.0,0.0,740.61,0.0,36107
1351,0.0,19388.31,0.0,0.0,3582.18,1783.07,13402.44,0.0,0.0,0.0,740.61,0.0,38156
1352,0.0,19388.31,0.0,0.0,1063.49,1783.07,14190.63,2181.14,681.36,0.0,0.0,0.0,39288
1353,0.0,14541.24,0.0,0.0,0.0,1783.07,15009.12,13478.21,0.0,5096.63,4688.9,0.0,39715
1354,0.0,9694.16,0.0,0.0,0.0,1783.07,15009.12,23501.21,0.0,10655.55,14492.01,0.0,39332
1355,0.0,4847.08,0.0,0.0,0.0,1783.07,15009.12,30453.93,0.0,13243.2,26675.75,0.0,38850
1356,0.0,0.0,0.0,0.0,0.0,1783.07,15858.5,24331.11,0.0,3768.67,30142.93,0.0,38204
1357,0.0,0.0,0.0,0.0,0.0,1783.07,15858.5,32192.84,0.0,11648.4,40859.46,0.0,38186
1358,0.0,0.0,0.0,0.0,0.0,1783.07,15009.12,22934.28,0.0,1485.47,42226.09,0.0,38241
1359,0.0,4847.08,0.0,0.0,0.0,1783.07,14190.63,9097.06,8266.17,0.0,33241.12,0.0,38184
1360,0.0,7183.1,0.0,0.0,0.0,1783.07,13402.44,18365.59,0.0,2650.2,35679.31,0.0,38084
1361,0.0,12030.18,0.0,0.0,0.0,1783.07,12644.0,10588.73,2270.03,0.0,33211.89,0.0,39316
1362,0.0,16877.26,0.0,0.0,0.0,1783.07,11914.72,2534.51,8042.44,0.0,24470.1,0.0,41152
1363,0.0,19388.31,0.0,0.0,0.0,1783.07,12644.0,0.0,8125.62,0.0,15637.91,0.0,41941
1364,0.0,19388.31,0.0,0.0,0.0,1783.07,14190.63,0.0,5725.99,0.0,9414.0,0.0,41088
1365,0.0,19388.31,0.0,0.0,0.0,1783.07,15858.5,0.0,2861.12,0.0,6304.08,0.0,39891
1366,0.0,15596.42,0.0,0.0,0.0,1783.07,18597.64,0.0,2962.87,0.0,3083.57,0.0,38940
1367,0.0,10749.34,0.0,0.0,0.0,1783.07,22716.9,0.0,2290.7,0.0,593.68,0.0,37540
1368,0.0,5902.26,0.0,0.0,0.0,1783.07,27403.48,0.0,546.19,0.0,0.0,0.0,35635
1369,0.0,1055.18,0.0,0.0,0.0,1783.07,31312.75,0.0,0.0,0.0,0.0,0.0,34151
1370,0.0,0.0,0.0,0.0,0.0,1783.07,31311.93,0.0,0.0,0.0,0.0,0.0,33095
1371,0.0,0.0,0.0,0.0,0.0,1783.07,31189.6,0.0,0.0,364.67,335.5,0.0,32608
1372,0.0,0.0,0.0,0.0,0.0,1783.07,31312.75,0.0,0.0,660.82,943.45,0.0,32435
1373,0.0,0.0,0.0,0.0,0.0,1783.07,29970.96,0.0,867.97,0.0,0.0,0.0,32622
1374,0.0,0.0,0.0,0.0,0.0,1783.07,31408.93,0.0,0.0,0.0,0.0,0.0,33192
1375,0.0,0.0,0.0,0.0,0.0,1783.07,32695.93,0.0,0.0,0.0,0.0,0.0,34479
1376,0.0,0.0,0.0,0.0,0.0,1783.07,31340.49,2091.44,0.0,0.0,0.0,0.0,35215
1377,0.0,0.0,0.0,0.0,0.0,1783.07,35516.76,12223.63,0.0,13245.46,12185.82,0.0,36278
1378,0.0,0.0,0.0,0.0,0.0,0.0,21231.77,16368.23,0.0,0.0,12185.82,0.0,37600
1379,0.0,0.0,0.0,0.0,0.0,0.0,36834.51,20437.49,0.0,20000.0,30585.82,0.0,37272
1380,0.0,0.0,0.0,0.0,0.0,1783.07,6569.67,28705.27,0.0,0.0,30585.82,0.0,37058
1381,0.0,0.0,0.0,0.0,0.0,0.0,25385.11,31559.89,0.0,20000.0,48985.82,0.0,36945
1382,0.0,0.0,0.0,0.0,0.0,0.0,6645.92,30363.08,0.0,0.0,48985.82,0.0,37009
1383,0.0,0.0,0.0,0.0,0.0,1783.07,29431.16,25748.77,0.0,20000.0,67385.82,0.0,36963
1384,0.0,0.0,0.0,0.0,0.0,0.0,20983.0,16130.0,0.0,0.0,67385.82,0.0,37113
1385,0.0,0.0,0.0,0.0,0.0,0.0,30424.64,8730.36,0.0,0.0,67385.82,0.0,39155
1386,0.0,0.0,0.0,0.0,0.0,1783.07,37865.18,2029.75,0.0,0.0,67385.82,0.0,41678
1387,0.0,0.0,0.0,0.0,0.0,1783.07,21264.93,0.0,20000.0,0.0,45646.69,0.0,43048
1388,0.0,0.0,0.0,0.0,0.0,0.0,42509.0,0.0,0.0,0.0,45646.69,0.0,42509
1389,0.0,0.0,0.0,0.0,0.0,1783.07,39837.93,0.0,0.0,0.0,45646.69,0.0,41621
1390,0.0,0.0,0.0,0.0,0.0,0.0,19962.0,0.0,20000.0,0.0,23907.56,0.0,39962
1391,0.0,0.0,0.0,0.0,0.0,1783.07,36277.93,0.0,0.0,0.0,23907.56,0.0,38061
1392,0.0,0.0,0.0,0.0,0.0,1783.07,34626.93,0.0,0.0,0.0,23907.56,0.0,36410
1393,0.0,0.0,0.0,0.0,0.0,0.0,35522.0,0.0,0.0,0.0,23907.56,0.0,35522
1394,0.0,0.0,0.0,0.0,0.0,1783.07,44950.51,0.0,0.0,11444.57,34436.57,0.0,35289
1395,0.0,0.0,0.0,0.0,0.0,1783.07,44950.51,0.0,0.0,11405.57,44929.69,0.0,35328
1396,0.0,0.0,0.0,0.0,0.0,0.0,44950.51,0.0,0.0,9488.51,53659.12,0.0,35462
1397,0.0,0.0,0.0,0.0,0.0,1783.07,34222.93,0.0,0.0,0.0,53659.12,0.0,36006
1398,0.0,0.0,0.0,0.0,0.0,0.0,17888.0,0.0,20000.0,0.0,31919.99,0.0,37888
1399,0.0,0.0,0.0,0.0,0.0,0.0,21404.0,0.0,20000.0,0.0,10180.86,0.0,41404
1400,0.0,0.0,0.0,0.0,0.0,0.0,43720.07,31.93,0.0,0.0,10180.86,0.0,43752
1401,0.0,0.0,0.0,0.0,0.0,1783.07,44950.51,11418.8,0.0,15890.37,24800.0,0.0,42262
1402,0.0,0.0,0.0,0.0,0.0,0.0,42149.72,18723.28,0.0,20000.0,43200.0,0.0,40873
1403,0.0,0.0,0.0,0.0,0.0,0.0,40036.0,0.0,0.0,0.0,43200.0,0.0,40036
1404,0.0,0.0,0.0,0.0,0.0,1783.07,12496.35,25168.59,0.0,0.0,43200.0,0.0,39448
1405,0.0,0.0,0.0,0.0,0.0,0.0,32740.37,26753.63,0.0,20000.0,61600.0,0.0,39494
1406,0.0,0.0,0.0,0.0,0.0,0.0,15378.21,24249.79,0.0,0.0,61600.0,0.0,39628
1407,0.0,0.0,0.0,0.0,0.0,0.0,40073.0,0.0,0.0,0.0,61600.0,0.0,40073
1408,0.0,0.0,0.0,0.0,0.0,0.0,40160.99,20924.01,0.0,20000.0,80000.0,0.0,41085
1409,0.0,0.0,0.0,0.0,0.0,0.0,30142.88,12472.12,0.0,0.0,80000.0,0.0,42615
1410,0.0,4847.08,0.0,0.0,0.0,0.0,28608.99,0.0,11684.94,0.0,67298.98,0.0,45141
1411,0.0,9694.16,0.0,0.0,0.0,1783.07,42963.84,0.0,0.0,8315.06,74948.84,0.0,46126
1412,0.0,14541.24,0.0,0.0,0.0,0.0,35681.15,0.0,0.0,5490.39,80000.0,0.0,44732
1413,0.0,19388.31,0.0,0.0,8341.01,1783.07,0.0,0.0,14509.61,0.0,64228.68,0.0,44022
1414,0.0,19388.31,0.0,0.0,13032.82,1783.07,0.0,0.0,8652.8,0.0,54823.47,0.0,42857
1415,0.0,19388.31,0.0,0.0,13032.82,1783.07,0.0,0.0,5829.8,0.0,48486.74,0.0,40034
1416,0.0,19388.31,0.0,0.0,13032.82,1783.07,0.0,0.0,3706.8,0.0,44457.61,0.0,37911
1417,0.0,19388.31,0.0,0.0,13032.82,1659.24,0.0,0.0,1558.62,0.0,42763.46,0.0,35639
1418,0.0,19388.31,0.0,0.0,12635.71,1659.24,1159.73,0.0,0.0,0.0,42763.46,0.0,34843
1419,0.0,19388.31,0.0,0.0,12389.1,1659.24,1489.34,0.0,0.0,0.0,42763.46,0.0,34926
1420,0.0,19388.31,0.0,0.0,12157.14,1659.24,1675.31,0.0,0.0,0.0,42763.46,0.0,34880
1421,0.0,19388.31,0.0,0.0,12688.14,1659.24,1675.31,0.0,0.0,0.0,42763.46,0.0,35411
1422,0.0,19388.31,0.0,0.0,13032.82,1659.24,1876.14,0.0,347.48,0.0,42385.76,0.0,36304
1423,0.0,19388.31,0.0,0.0,13032.82,1659.24,1876.14,0.0,2434.48,0.0,39739.59,0.0,38391
1424,0.0,19388.31,0.0,0.0,13032.82,1659.24,1675.31,142.23,5432.08,0.0,33835.15,0.0,41330
1425,0.0,19388.31,0.0,0.0,13032.82,1659.24,0.0,1047.35,7720.27,0.0,25443.56,0.0,42848
1426,0.0,19388.31,0.0,0.0,13032.82,1659.24,0.0,5396.41,2644.21,0.0,22569.42,0.0,42121
1427,0.0,19388.31,0.0,0.0,12332.27,1659.24,0.0,8884.18,0.0,0.0,22569.42,0.0,42264
1428,0.0,19388.31,0.0,0.0,13032.82,1659.24,0.0,11118.79,0.0,3186.17,25500.69,0.0,42013
1429,0.0,19388.31,0.0,0.0,13032.82,1659.24,0.0,12149.32,0.0,5545.7,30602.74,0.0,40684
1430,0.0,19388.31,0.0,0.0,12581.94,1659.24,0.0,13907.87,0.0,7070.37,37107.48,0.0,40467
1431,0.0,19388.31,0.0,0.0,4240.93,1659.24,0.0,29669.55,0.0,14119.04,50096.99,0.0,40839
1432,0.0,19388.31,0.0,0.0,12581.94,1659.24,0.0,13920.16,0.0,7303.65,56816.36,0.0,40246
1433,0.0,19388.31,0.0,0.0,13032.82,1659.24,0.0,14321.3,0.0,6965.68,63224.78,0.0,41436
1434,0.0,19388.31,0.0,0.0,13032.82,1659.24,0.0,3943.43,4473.19,0.0,58362.62,0.0,42497
1435,0.0,19388.31,0.0,0.0,13032.82,1659.24,0.0,0.0,9327.62,0.0,48223.9,0.0,43408
1436,0.0,19388.31,0.0,0.0,13032.82,1659.24,0.0,0.0,8702.62,0.0,38764.53,0.0,42783
1437,0.0,19388.31,0.0,0.0,13032.82,1659.24,0.0,0.0,8379.62,0.0,29656.25,0.0,42460
1438,0.0,19388.31,0.0,0.0,13032.82,1659.24,0.0,0.0,6585.62,0.0,22497.97,0.0,40666
1439,0.0,19388.31,0.0,0.0,13032.82,1659.24,1317.67,0.0,3583.95,0.0,18602.37,0.0,38982
1440,0.0,19388.31,0.0,0.0,13032.82,1659.24,1876.14,0.0,879.48,0.0,17646.42,0.0,36836
1441,0.0,19388.31,0.0,0.0,11843.3,1659.24,1876.14,0.0,0.0,0.0,17646.42,0.0,34767
1442,0.0,19388.31,0.0,0.0,11621.1,1659.24,1489.34,0.0,0.0,0.0,17646.42,0.0,34158
1443,0.0,19388.31,0.0,0.0,12967.44,1659.24,0.0,0.0,0.0,0.0,17646.42,0.0,34015
1444,0.0,19388.31,0.0,0.0,12893.44,1659.24,0.0,0.0,0.0,0.0,17646.42,0.0,33941
1445,0.0,19388.31,0.0,0.0,12778.44,1659.24,0.0,0.0,0.0,0.0,17646.42,0.0,33826
1446,0.0,19388.31,0.0,0.0,13032.82,1659.24,0.0,0.0,1097.62,0.0,16453.35,0.0,35178
1447,0.0,19388.31,0.0,0.0,13032.82,1659.24,0.0,0.0,4365.62,0.0,11708.11,0.0,38446
1448,0.0,19388.31,0.0,0.0,13032.82,1659.24,1489.34,55.03,5677.24,0.0,5537.2,0.0,41302
1449,0.0,19388.31,0.0,0.0,13032.82,1659.24,2573.58,353.5,4550.54,0.0,590.95,0.0,41558
1450,0.0,19388.31,0.0,0.0,13032.82,1659.24,4828.13,551.81,543.68,0.0,0.0,0.0,40004
1451,0.0,19388.31,0.0,0.0,9303.02,1659.24,7061.9,780.52,0.0,0.0,0.0,0.0,38193
1452,0.0,19388.31,0.0,0.0,6051.48,1659.24,8685.83,1252.13,0.0,0.0,0.0,0.0,37037
1453,0.0,19388.31,0.0,0.0,3997.8,1659.24,9896.18,1765.47,0.0,0.0,0.0,0.0,36707
1454,0.0,19388.31,0.0,0.0,4467.74,1659.24,11214.04,1354.66,0.0,0.0,0.0,0.0,38084
1455,0.0,19388.31,0.0,0.0,3570.72,1659.24,11214.04,3439.68,0.0,0.0,0.0,0.0,39272
1456,0.0,19388.31,0.0,0.0,6850.42,1659.24,9896.18,2292.84,0.0,0.0,0.0,0.0,40087
1457,0.0,19388.31,0.0,0.0,7341.76,1659.24,9277.85,14050.61,0.0,9504.78,8744.4,0.0,42213
1458,0.0,19388.31,0.0,0.0,10519.98,1659.24,11914.72,147.74,0.0,0.0,8744.4,0.0,43630
1459,0.0,19388.31,0.0,0.0,8479.32,1659.24,15009.12,0.0,0.0,0.0,8744.4,0.0,44536
1460,0.0,19388.31,0.0,0.0,6552.95,1659.24,15858.5,0.0,0.0,0.0,8744.4,0.0,43459
1461,0.0,19388.31,0.0,0.0,4953.95,1659.24,15858.5,0.0,0.0,0.0,8744.4,0.0,41860
1462,0.0,19388.31,0.0,0.0,5302.0,1659.24,13402.44,0.0,0.0,0.0,8744.4,0.0,39752
1463,0.0,19388.31,0.0,0.0,5490.4,1659.24,11214.04,0.0,0.0,0.0,8744.4,0.0,37752
1464,0.0,19388.31,0.0,0.0,6884.01,1659.24,7578.43,0.0,0.0,0.0,8744.4,0.0,35510
1465,0.0,19388.31,0.0,0.0,8684.3,1659.24,4447.15,0.0,0.0,0.0,8744.4,0.0,34179
1466,0.0,19388.31,0.0,0.0,9724.07,1659.24,3123.37,0.0,0.0,0.0,8744.4,0.0,33895
1467,0.0,19388.31,0.0,0.0,8924.07,1659.24,3746.37,0.0,0.0,0.0,8744.4,0.0,33718
1468,0.0,19388.31,0.0,0.0,8405.31,1659.24,4828.13,0.0,0.0,0.0,8744.4,0.0,34281
1469,0.0,19388.31,0.0,0.0,8662.17,1659.24,5230.28,0.0,0.0,0.0,8744.4,0.0,34940
1470,0.0,19388.31,0.0,0.0,11408.69,1659.24,4086.75,0.0,0.0,0.0,8744.4,0.0,36543
1471,0.0,19388.31,0.0,0.0,13032.82,1659.24,3425.44,0.0,1718.18,0.0,6876.8,0.0,39224
1472,0.0,19388.31,0.0,0.0,13032.82,1659.24,3425.44,375.36,3718.83,0.0,2834.6,0.0,41600
1473,0.0,19388.31,0.0,0.0,13032.82,1659.24,3746.37,1905.42,2607.83,0.0,0.0,0.0,42340
1474,0.0,19388.31,0.0,0.0,7828.98,1659.24,5230.28,7341.18,0.0,0.0,0.0,0.0,41448
1475,0.0,19388.31,0.0,0.0,5943.99,1659.24,6569.4,7386.06,0.0,0.0,0.0,0.0,40947
1476,0.0,19388.31,0.0,0.0,0.0,1659.24,7578.43,18165.18,0.0,7064.17,6499.04,0.0,39727
1477,0.0,19388.31,0.0,0.0,0.0,1659.24,7578.43,14446.9,0.0,4148.89,10316.01,0.0,38924
1478,0.0,14541.24,0.0,0.0,0.0,702.03,7578.43,35375.3,0.0,20000.0,28716.01,0.0,38197
1479,0.0,15803.2,0.0,0.0,0.0,1659.24,9277.85,31417.71,0.0,20000.0,47116.01,0.0,38158
1480,0.0,19388.31,0.0,0.0,0.0,1659.24,11914.72,24803.92,0.0,18953.2,64552.95,0.0,38813
1481,0.0,19388.31,0.0,0.0,0.0,1659.24,15009.12,4400.46,0.0,1.14,64554.0,0.0,40456
1482,0.0,19388.31,0.0,0.0,783.13,1659.24,16739.33,4323.98,0.0,0.0,64554.0,0.0,42894
1483,0.0,19388.31,0.0,0.0,0.0,1659.24,20588.64,0.0,3656.8,0.0,60579.21,0.0,45293
1484,0.0,19388.31,0.0,0.0,706.52,1659.24,23833.93,0.0,0.0,0.0,60579.21,0.0,45588
1485,0.0,19388.31,0.0,0.0,0.0,1659.24,23833.93,0.0,0.0,116.48,60686.38,0.0,44765
1486,0.0,19388.31,0.0,0.0,610.12,1659.24,21635.33,0.0,0.0,0.0,60686.38,0.0,43293
1487,0.0,19388.31,0.0,0.0,2381.26,1659.24,17652.19,0.0,0.0,0.0,60686.38,0.0,41081
1488,0.0,19388.31,0.0,0.0,3431.62,1659.24,11914.72,0.0,2242.1,0.0,58249.32,0.0,38636
1489,0.0,19388.31,0.0,0.0,0.0,1659.24,8119.55,0.0,8171.89,0.0,49366.82,0.0,37339
1490,0.0,19388.31,0.0,0.0,8341.01,1659.24,6569.4,0.0,53.04,0.0,49309.17,0.0,36011
1491,0.0,19388.31,0.0,0.0,0.0,1659.24,5654.16,0.0,8919.29,0.0,39614.29,0.0,35621
1492,0.0,19388.31,0.0,0.0,8341.01,1659.24,4828.13,0.0,1355.3,0.0,38141.14,0.0,35572
1493,0.0,19388.31,0.0,0.0,8341.01,1659.24,4086.75,0.0,2728.69,0.0,35175.17,0.0,36204
1494,0.0,19388.31,0.0,0.0,0.0,1659.24,3746.37,0.0,12591.07,0.0,21489.22,0.0,37385
1495,0.0,19388.31,0.0,0.0,4691.82,1659.24,3425.44,0.0,10896.19,0.0,9645.54,0.0,40061
1496,0.0,19388.31,0.0,0.0,13032.82,1659.24,3123.37,374.21,4352.04,0.0,4915.06,0.0,41930
1497,0.0,19388.31,0.0,0.0,8341.01,1659.24,3123.37,4976.2,4521.86,0.0,0.0,0.0,42010
1498,0.0,19388.31,0.0,0.0,0.0,1659.24,2839.61,24358.41,0.0,7374.58,6784.62,0.0,40871
1499,0.0,19388.31,0.0,0.0,0.0,1659.24,2324.71,31155.75,0.0,15256.01,20820.14,0.0,39272
1500,0.0,16918.09,0.0,0.0,0.0,1659.24,1675.31,35361.59,0.0,17177.22,36623.19,0.0,38437
1501,0.0,13144.0,0.0,0.0,0.0,1659.24,1317.67,36724.89,0.0,15010.81,50433.13,0.0,37835
1502,0.0,13144.0,0.0,0.0,0.0,1659.24,1159.73,35037.79,0.0,14092.76,63398.47,0.0,36908
1503,0.0,17991.08,0.0,0.0,0.0,1659.24,1159.73,31089.93,0.0,14781.98,76997.89,0.0,37118
1504,0.0,14541.24,0.0,0.0,0.0,1659.24,0.0,24528.68,0.0,3263.16,80000.0,0.0,37466
1505,0.0,19388.31,0.0,0.0,2504.37,1659.24,0.0,15273.07,0.0,0.0,80000.0,0.0,38825
1506,0.0,19388.31,0.0,0.0,5352.03,1659.24,0.0,4460.39,10421.03,0.0,68672.8,0.0,41281
1507,0.0,19388.31,0.0,0.0,4691.82,1659.24,0.0,0.0,17313.63,0.0,49853.64,0.0,43053
1508,0.0,19388.31,0.0,0.0,13032.82,1659.24,0.0,0.0,8811.62,0.0,40275.79,0.0,42892
1509,0.0,19388.31,0.0,0.0,13032.82,1659.24,0.0,0.0,7987.62,0.0,31593.59,0.0,42068
1510,0.0,19388.31,0.0,0.0,13032.82,1659.24,1159.73,0.0,5406.89,0.0,25716.54,0.0,40647
1511,0.0,19388.31,0.0,0.0,4691.82,1659.24,1489.34,0.0,11347.29,0.0,13382.53,0.0,38576
1512,0.0,19388.31,0.0,0.0,13032.82,1659.24,1876.14,0.0,508.48,0.0,12829.84,0.0,36465
1513,0.0,19388.31,0.0,0.0,12097.3,1659.24,1876.14,0.0,0.0,0.0,12829.84,0.0,35021
1514,0.0,19388.31,0.0,0.0,11299.3,1659.24,1876.14,0.0,0.0,0.0,12829.84,0.0,34223
1515,0.0,19388.31,0.0,0.0,9664.86,1659.24,2573.58,0.0,0.0,0.0,12829.84,0.0,33286
1516,0.0,19388.31,0.0,0.0,8905.83,1659.24,2839.61,0.0,0.0,0.0,12829.84,0.0,32793
1517,0.0,19388.31,0.0,0.0,9780.74,1659.24,2324.71,0.0,0.0,0.0,12829.84,0.0,33153
1518,0.0,19388.31,0.0,0.0,1439.73,1659.24,2092.42,0.0,9253.3,0.0,2771.91,0.0,33833
1519,0.0,19388.31,0.0,0.0,9780.74,1659.24,2092.42,0.0,1945.29,0.0,657.46,0.0,34866
1520,0.0,19388.31,0.0,0.0,8341.01,1659.24,1675.31,4005.27,604.87,0.0,0.0,0.0,35674
1521,0.0,19388.31,0.0,0.0,0.0,1659.24,1159.73,14945.6,0.0,795.89,732.22,0.0,36357
1522,0.0,19388.31,0.0,0.0,0.0,1659.24,0.0,24445.19,0.0,8552.75,8600.75,0.0,36940
1523,0.0,19388.31,0.0,0.0,0.0,1659.24,0.0,31204.56,0.0,15812.12,23147.9,0.0,36440
1524,0.0,15955.92,0.0,0.0,0.0,1659.24,0.0,35250.97,0.0,17010.14,38797.23,0.0,35856
1525,0.0,17557.48,0.0,0.0,0.0,1659.24,0.0,36445.27,0.0,20000.0,57197.23,0.0,35662
1526,0.0,18838.96,0.0,0.0,0.0,1659.24,0.0,34861.8,0.0,20000.0,75597.23,0.0,35360
1527,0.0,19388.31,0.0,0.0,0.0,1659.24,0.0,19280.07,0.0,4785.62,80000.0,0.0,35542
1528,0.0,18190.09,0.0,0.0,0.0,1659.24,0.0,16797.66,0.0,0.0,80000.0,0.0,36647
1529,0.0,19388.31,0.0,0.0,0.0,1659.24,0.0,6783.68,10365.76,0.0,68732.87,0.0,38197
1530,0.0,19388.31,0.0,0.0,5477.94,1659.24,0.0,2854.69,10069.81,0.0,57787.43,0.0,39450
1531,0.0,19388.31,0.0,0.0,8341.01,1659.24,1317.67,0.0,10198.76,0.0,46701.81,0.0,40905
1532,0.0,19388.31,0.0,0.0,0.0,1659.24,1675.31,0.0,17294.14,0.0,27903.84,0.0,40017
1533,0.0,19388.31,0.0,0.0,8341.01,1659.24,2324.71,0.0,6896.73,0.0,20407.39,0.0,38610
1534,0.0,19388.31,0.0,0.0,8341.01,1659.24,3425.44,0.0,4101.0,0.0,15949.78,0.0,36915
1535,0.0,19388.31,0.0,0.0,0.0,1659.24,4086.75,0.0,10027.69,0.0,5050.11,0.0,35162
1536,0.0,19388.31,0.0,0.0,6441.29,1659.24,5654.16,0.0,0.0,0.0,5050.11,0.0,33143
1537,0.0,19388.31,0.0,0.0,0.0,1659.24,6100.34,0.0,4646.11,0.0,0.0,0.0,31794
1538,0.0,19388.31,0.0,0.0,4271.29,1659.24,5654.16,0.0,0.0,0.0,0.0,0.0,30973
1539,0.0,19388.31,0.0,0.0,736.61,1659.24,8685.83,0.0,0.0,0.0,0.0,0.0,30470
1540,0.0,14541.24,0.0,0.0,0.0,1659.24,14190.63,0.0,0.0,357.1,328.54,0.0,30034
1541,0.0,9694.16,0.0,0.0,0.0,1659.24,19576.27,0.0,0.0,1165.67,1400.95,0.0,29764
1542,0.0,4847.08,0.0,0.0,0.0,1659.24,23833.93,0.0,0.0,255.25,1635.78,0.0,30085
1543,0.0,2837.85,0.0,0.0,0.0,1659.24,24986.99,0.0,1504.92,0.0,0.0,0.0,30989
1544,0.0,2136.66,0.0,0.0,0.0,1659.24,26176.65,1592.45,0.0,0.0,0.0,0.0,31565
1545,0.0,0.0,0.0,0.0,0.0,1659.24,31312.75,6248.55,0.0,6926.54,6372.42,0.0,32294
1546,0.0,0.0,0.0,0.0,0.0,1659.24,34951.85,15133.91,0.0,20000.0,24772.42,0.0,31745
1547,0.0,0.0,0.0,0.0,0.0,0.0,9828.87,21545.13,0.0,0.0,24772.42,0.0,31374
1548,0.0,0.0,0.0,0.0,0.0,1659.24,4014.14,25894.62,0.0,0.0,24772.42,0.0,31568
1549,0.0,0.0,0.0,0.0,0.0,0.0,5627.59,25764.41,0.0,0.0,24772.42,0.0,31392
1550,0.0,0.0,0.0,0.0,0.0,1659.24,22752.68,26577.08,0.0,20000.0,43172.42,0.0,30989
1551,0.0,0.0,0.0,0.0,0.0,1659.24,29204.81,20640.95,0.0,20000.0,61572.42,0.0,31505
1552,0.0,0.0,0.0,0.0,0.0,0.0,29565.63,15460.84,0.0,12510.46,73082.04,0.0,32516
1553,0.0,0.0,0.0,0.0,0.0,0.0,25653.21,8730.79,0.0,0.0,73082.04,0.0,34384
1554,0.0,0.0,0.0,0.0,0.0,1659.24,35602.02,24.74,0.0,0.0,73082.04,0.0,37286
1555,0.0,0.0,0.0,0.0,0.0,1659.24,31312.75,0.0,5954.01,0.0,66610.3,0.0,38926
1556,0.0,0.0,0.0,0.0,0.0,1659.24,16957.76,0.0,20000.0,0.0,44871.17,0.0,38617
1557,0.0,0.0,0.0,0.0,0.0,0.0,18027.0,0.0,20000.0,0.0,23132.04,0.0,38027
1558,0.0,0.0,0.0,0.0,0.0,1659.24,34115.28,0.0,1281.47,0.0,21739.13,0.0,37056
1559,0.0,0.0,0.0,0.0,0.0,0.0,15342.0,0.0,20000.0,0.0,0.0,0.0,35342
1560,0.0,0.0,0.0,0.0,0.0,0.0,33838.0,0.0,0.0,0.0,0.0,0.0,33838
1561,0.0,0.0,0.0,0.0,0.0,1659.24,44950.51,0.0,0.0,14095.75,12968.09,0.0,32514
1562,0.0,0.0,0.0,0.0,0.0,1659.24,44950.51,0.0,0.0,15057.75,26821.22,0.0,31552
1563,0.0,0.0,0.0,0.0,0.0,1659.24,44950.51,0.0,0.0,15482.75,41065.35,0.0,31127
1564,0.0,0.0,0.0,0.0,0.0,1659.24,29606.76,0.0,0.0,0.0,41065.35,0.0,31266
1565,0.0,0.0,0.0,0.0,0.0,0.0,32135.0,0.0,0.0,0.0,41065.35,0.0,32135
1566,0.0,0.0,0.0,0.0,0.0,0.0,33083.0,0.0,0.0,0.0,41065.35,0.0,33083
1567,0.0,0.0,0.0,0.0,0.0,1659.24,44950.51,0.0,0.0,11014.75,51198.92,0.0,35595
1568,0.0,0.0,0.0,0.0,0.0,0.0,38812.05,67.95,0.0,0.0,51198.92,0.0,38880
1569,0.0,0.0,0.0,0.0,0.0,1659.24,34784.69,15478.6,0.0,11305.53,61600.0,0.0,40617
1570,0.0,0.0,0.0,0.0,0.0,1659.24,14366.67,24787.09,0.0,0.0,61600.0,0.0,40813
1571,0.0,0.0,0.0,0.0,0.0,1659.24,8272.05,31193.71,0.0,0.0,61600.0,0.0,41125
1572,0.0,0.0,0.0,0.0,0.0,0.0,6812.61,35200.39,0.0,0.0,61600.0,0.0,42013
1573,0.0,0.0,0.0,0.0,0.0,1659.24,4057.8,36322.96,0.0,0.0,61600.0,0.0,42040
1574,0.0,0.0,0.0,0.0,0.0,0.0,6712.74,34790.26,0.0,0.0,61600.0,0.0,41503
1575,0.0,0.0,0.0,0.0,0.0,0.0,30284.49,30685.51,0.0,20000.0,80000.0,0.0,40970
1576,0.0,4847.08,0.0,0.0,0.0,1659.24,10701.03,24300.65,0.0,0.0,80000.0,0.0,41508
1577,0.0,9694.16,0.0,0.0,0.0,1659.24,27403.48,3715.12,0.0,0.0,80000.0,0.0,42472
1578,0.0,14541.24,0.0,0.0,0.0,1659.24,22716.9,4488.62,0.0,0.0,80000.0,0.0,43406
1579,0.0,19388.31,0.0,0.0,0.0,1659.24,17652.19,0.0,4856.26,0.0,74721.46,0.0,43556
1580,0.0,19388.31,0.0,0.0,1961.2,1659.24,12644.0,0.0,7988.24,0.0,66038.59,0.0,43641
1581,0.0,19388.31,0.0,0.0,10302.21,1659.24,9896.18,0.0,1113.06,0.0,64828.74,0.0,42359
1582,0.0,19388.31,0.0,0.0,11763.89,1659.24,8119.55,0.0,0.0,0.0,64828.74,0.0,40931
1583,0.0,19388.31,0.0,0.0,11365.05,1659.24,6569.4,0.0,0.0,0.0,64828.74,0.0,38982
1584,0.0,19388.31,0.0,0.0,10083.17,1659.24,5230.28,0.0,0.0,0.0,64828.74,0.0,36361
1585,0.0,19388.31,0.0,0.0,9282.69,1659.24,4086.75,0.0,0.0,0.0,64828.74,0.0,34417
1586,0.0,19388.31,0.0,0.0,9092.01,1659.24,3425.44,0.0,0.0,0.0,64828.74,0.0,33565
1587,0.0,19388.31,0.0,0.0,8670.01,1659.24,3425.44,0.0,0.0,0.0,64828.74,0.0,33143
1588,0.0,19388.31,0.0,0.0,8894.01,1659.24,3425.44,0.0,0.0,0.0,64828.74,0.0,33367
1589,0.0,19388.31,0.0,0.0,9373.07,1659.24,3746.37,0.0,0.0,0.0,64828.74,0.0,34167
1590,0.0,19388.31,0.0,0.0,10573.69,1659.24,4086.75,0.0,0.0,0.0,64828.74,0.0,35708
1591,0.0,19388.31,0.0,0.0,12469.31,1659.24,4828.13,0.0,0.0,0.0,64828.74,0.0,38345
1592,0.0,19388.31,0.0,0.0,4128.3,1659.24,6100.34,1007.81,7772.99,0.0,56379.83,0.0,40057
1593,0.0,19388.31,0.0,0.0,9104.72,1659.24,7061.9,3363.82,0.0,0.0,56379.83,0.0,40578
1594,0.0,19388.31,0.0,0.0,8528.55,1659.24,6100.34,4255.56,0.0,0.0,56379.83,0.0,39932
1595,0.0,19388.31,0.0,0.0,759.07,1659.24,5654.16,11500.22,0.0,0.0,56379.83,0.0,38961
1596,0.0,19388.31,0.0,0.0,5102.34,1659.24,6569.4,4979.71,0.0,0.0,56379.83,0.0,37699
1597,0.0,19388.31,0.0,0.0,0.0,1659.24,7578.43,8692.43,0.0,76.42,56450.14,0.0,37242
1598,0.0,19388.31,0.0,0.0,0.0,1659.24,8685.83,7437.6,0.0,20.99,56469.45,0.0,37150
1599,0.0,19388.31,0.0,0.0,0.0,1659.24,13402.44,8540.67,0.0,6131.67,62110.59,0.0,36859
1600,0.0,19388.31,0.0,0.0,0.0,1659.24,20588.64,3617.52,0.0,7545.72,69052.65,0.0,37708
1601,0.0,19388.31,0.0,0.0,0.0,1659.24,24986.99,588.32,0.0,7112.86,75596.48,0.0,39510
1602,0.0,19388.31,0.0,0.0,0.0,1659.24,24986.99,342.89,0.0,4786.43,80000.0,0.0,41591
1603,0.0,19388.31,0.0,0.0,1315.8,1659.24,20588.64,0.0,0.0,0.0,80000.0,0.0,42952
1604,0.0,19388.31,0.0,0.0,3482.43,1659.24,15009.12,0.0,3573.89,0.0,76115.33,0.0,43113
1605,0.0,19388.31,0.0,0.0,10920.06,1659.24,10541.38,0.0,0.0,0.0,76115.33,0.0,42509
1606,0.0,19388.31,0.0,0.0,12339.01,1659.24,7578.43,0.0,0.0,0.0,76115.33,0.0,40965
1607,0.0,19388.31,0.0,0.0,11502.29,1659.24,5654.16,0.0,0.0,0.0,76115.33,0.0,38204
1608,0.0,19388.31,0.0,0.0,9620.31,1659.24,4828.13,0.0,0.0,0.0,76115.33,0.0,35496
1609,0.0,19388.31,0.0,0.0,8573.3,1659.24,4447.15,0.0,0.0,0.0,76115.33,0.0,34068
1610,0.0,19388.31,0.0,0.0,7263.31,1659.24,4828.13,0.0,0.0,0.0,76115.33,0.0,33139
1611,0.0,19388.31,0.0,0.0,6001.29,1659.24,5654.16,0.0,0.0,0.0,76115.33,0.0,32703
1612,0.0,19388.31,0.0,0.0,5245.54,1659.24,7061.9,0.0,0.0,0.0,76115.33,0.0,33355
1613,0.0,19388.31,0.0,0.0,4141.61,1659.24,8685.83,0.0,0.0,0.0,76115.33,0.0,33875
1614,0.0,19388.31,0.0,0.0,4527.59,1659.24,9277.85,0.0,0.0,0.0,76115.33,0.0,34853
1615,0.0,19388.31,0.0,0.0,5706.06,1659.24,10541.38,0.0,0.0,0.0,76115.33,0.0,37295
1616,0.0,19388.31,0.0,0.0,9247.09,1659.24,9277.85,207.5,0.0,0.0,76115.33,0.0,39780
1617,0.0,19388.31,0.0,0.0,8772.38,1659.24,8685.83,1634.23,0.0,0.0,76115.33,0.0,40140
1618,0.0,19388.31,0.0,0.0,9478.08,1659.24,7578.43,1273.93,0.0,0.0,76115.33,0.0,39378
1619,0.0,19388.31,0.0,0.0,10017.72,1659.24,6100.34,1663.39,0.0,0.0,76115.33,0.0,38829
1620,0.0,19388.31,0.0,0.0,4420.85,1659.24,4828.13,7910.46,0.0,0.0,76115.33,0.0,38207
1621,0.0,19388.31,0.0,0.0,0.0,1659.24,3425.44,11005.3,1985.71,0.0,73956.96,0.0,37464
1622,0.0,19388.31,0.0,0.0,0.0,1659.24,2092.42,20387.55,0.0,6568.53,80000.0,0.0,36959
1623,0.0,19388.31,0.0,0.0,2701.27,1659.24,1317.67,11232.5,0.0,0.0,80000.0,0.0,36299
1624,0.0,19388.31,0.0,0.0,7426.72,1659.24,0.0,7831.72,0.0,0.0,80000.0,0.0,36306
1625,0.0,19388.31,0.0,0.0,10147.94,1659.24,0.0,6383.5,0.0,0.0,80000.0,0.0,37579
1626,0.0,19388.31,0.0,0.0,13032.82,1659.24,0.0,392.8,5329.82,0.0,74206.71,0.0,39803
1627,0.0,19388.31,0.0,0.0,13032.82,1659.24,0.0,0.0,7510.62,0.0,66043.0,0.0,41591
1628,0.0,19388.31,0.0,0.0,13032.82,1659.24,0.0,0.0,7726.62,0.0,57644.5,0.0,41807
1629,0.0,19388.31,0.0,0.0,13032.82,1659.24,0.0,0.0,6679.62,0.0,50384.04,0.0,40760
1630,0.0,19388.31,0.0,0.0,13032.82,1659.24,1159.73,0.0,4144.89,0.0,45878.73,0.0,39385
1631,0.0,19388.31,0.0,0.0,13032.82,1659.24,1675.31,0.0,1786.31,0.0,43937.08,0.0,37542
1632,0.0,19388.31,0.0,0.0,11814.74,1659.24,2324.71,0.0,0.0,0.0,43937.08,0.0,35187
1633,0.0,19388.31,0.0,0.0,10336.86,1659.24,2573.58,0.0,0.0,0.0,43937.08,0.0,33958
1634,0.0,19388.31,0.0,0.0,8990.83,1659.24,2839.61,0.0,0.0,0.0,43937.08,0.0,32878
1635,0.0,19388.31,0.0,0.0,8656.83,1659.24,2839.61,0.0,0.0,0.0,43937.08,0.0,32544
1636,0.0,19388.31,0.0,0.0,8852.83,1659.24,2839.61,0.0,0.0,0.0,43937.08,0.0,32740
1637,0.0,19388.31,0.0,0.0,9442.83,1659.24,2839.61,0.0,0.0,0.0,43937.08,0.0,33330
1638,0.0,19388.31,0.0,0.0,11097.86,1659.24,2573.58,0.0,0.0,0.0,43937.08,0.0,34719
1639,0.0,19388.31,0.0,0.0,13032.82,1659.24,2324.71,0.0,1023.91,0.0,42824.13,0.0,37429
1640,0.0,19388.31,0.0,0.0,13032.82,1659.24,2092.42,84.43,3353.77,0.0,39178.73,0.0,39611
1641,0.0,19388.31,0.0,0.0,13032.82,1659.24,1876.14,1794.93,1769.55,0.0,37255.31,0.0,39521
1642,0.0,19388.31,0.0,0.0,12204.42,1659.24,1876.14,2782.88,0.0,0.0,37255.31,0.0,37911
1643,0.0,19388.31,0.0,0.0,7129.18,1659.24,2324.71,6069.56,0.0,0.0,37255.31,0.0,36571
1644,0.0,19388.31,0.0,0.0,0.0,1659.24,2839.61,12421.98,0.0,485.15,37701.65,0.0,35824
1645,0.0,19388.31,0.0,0.0,2761.75,1659.24,2839.61,9336.08,0.0,0.0,37701.65,0.0,35985
1646,0.0,19388.31,0.0,0.0,9104.57,1659.24,2573.58,2971.29,0.0,0.0,37701.65,0.0,35697
1647,0.0,19388.31,0.0,0.0,6050.86,1659.24,1876.14,6473.44,0.0,0.0,37701.65,0.0,35448
1648,0.0,19388.31,0.0,0.0,8092.88,1659.24,1317.67,5639.89,0.0,0.0,37701.65,0.0,36098
1649,0.0,19388.31,0.0,0.0,11954.7,1659.24,1159.73,3927.02,0.0,0.0,37701.65,0.0,38089
1650,0.0,19388.31,0.0,0.0,13032.82,1659.24,1317.67,955.08,4305.87,0.0,33021.35,0.0,40659
1651,0.0,19388.31,0.0,0.0,13032.82,1659.24,1489.34,0.0,6316.28,0.0,26155.83,0.0,41886
1652,0.0,19388.31,0.0,0.0,13032.82,1659.24,1675.31,0.0,6517.31,0.0,19071.79,0.0,42273
1653,0.0,19388.31,0.0,0.0,13032.82,1659.24,1675.31,0.0,5985.31,0.0,12566.02,0.0,41741
1654,0.0,19388.31,0.0,0.0,13032.82,1659.24,1876.14,0.0,4614.48,0.0,7550.28,0.0,40571
1655,0.0,19388.31,0.0,0.0,13032.82,1659.24,2324.71,0.0,1962.91,0.0,5416.68,0.0,38368
1656,0.0,19388.31,0.0,0.0,12250.07,1659.24,3123.37,0.0,0.0,0.0,5416.68,0.0,36421
1657,0.0,19388.31,0.0,0.0,9798.07,1659.24,3746.37,0.0,0.0,0.0,5416.68,0.0,34592
1658,0.0,19388.31,0.0,0.0,9037.01,1659.24,3425.44,0.0,0.0,0.0,5416.68,0.0,33510
1659,0.0,19388.31,0.0,0.0,9738.86,1659.24,2573.58,0.0,0.0,0.0,5416.68,0.0,33360
1660,0.0,19388.31,0.0,0.0,9630.74,1659.24,2324.71,0.0,0.0,0.0,5416.68,0.0,33003
1661,0.0,19388.31,0.0,0.0,9918.86,1659.24,2573.58,0.0,0.0,0.0,5416.68,0.0,33540
1662,0.0,19388.31,0.0,0.0,11080.83,1659.24,2839.61,0.0,0.0,0.0,5416.68,0.0,34968
1663,0.0,19388.31,0.0,0.0,13032.82,1659.24,2324.71,0.0,1367.91,0.0,3929.81,0.0,37773
1664,0.0,19388.31,0.0,0.0,13032.82,1659.24,1317.67,4491.38,340.57,0.0,3559.63,0.0,40230
1665,0.0,19388.31,0.0,0.0,6381.83,1659.24,0.0,14193.61,0.0,0.0,3559.63,0.0,41623
1666,0.0,19388.31,0.0,0.0,2582.2,1659.24,0.0,17495.24,0.0,0.0,3559.63,0.0,41125
1667,0.0,19388.31,0.0,0.0,0.0,1659.24,0.0,20809.12,0.0,1147.68,4615.5,0.0,40709
1668,0.0,19388.31,0.0,0.0,8072.15,1659.24,0.0,25287.67,0.0,12973.37,16551.0,0.0,41434
1669,0.0,19388.31,0.0,0.0,0.0,1659.24,0.0,27549.47,0.0,7062.03,23048.06,0.0,41535
1670,0.0,19388.31,0.0,0.0,1463.45,1659.24,0.0,18758.99,0.0,0.0,23048.06,0.0,41270
1671,0.0,19388.31,0.0,0.0,4691.82,1659.24,0.0,24511.61,0.0,8731.98,31081.48,0.0,41519
1672,0.0,19388.31,0.0,0.0,13032.82,1659.24,0.0,6388.26,1239.36,0.0,29734.35,0.0,41708
1673,0.0,19388.31,0.0,0.0,8129.24,1659.24,0.0,13650.2,0.0,0.0,29734.35,0.0,42827
1674,0.0,19388.31,0.0,0.0,13032.82,1659.24,0.0,4290.66,5103.96,0.0,24186.57,0.0,43475
1675,0.0,19388.31,0.0,0.0,13032.82,1659.24,1489.34,0.0,7967.28,0.0,15526.48,0.0,43537
1676,0.0,19388.31,0.0,0.0,13032.82,1659.24,2092.42,0.0,6412.2,0.0,8556.7,0.0,42585
1677,0.0,19388.31,0.0,0.0,13032.82,1659.24,2324.71,0.0,5127.91,0.0,2982.88,0.0,41533
1678,0.0,19388.31,0.0,0.0,13032.82,1659.24,3123.37,0.0,2744.25,0.0,0.0,0.0,39948
1679,0.0,19388.31,0.0,0.0,12116.31,1659.24,4828.13,0.0,0.0,0.0,0.0,0.0,37992
1680,0.0,19388.31,0.0,0.0,6155.89,1659.24,8119.55,0.0,0.0,0.0,0.0,0.0,35323
1681,0.0,19388.31,0.0,0.0,702.72,1659.24,11914.72,0.0,0.0,0.0,0.0,0.0,33665
1682,0.0,15427.26,0.0,0.0,0.0,1659.24,15858.5,0.0,0.0,0.0,0.0,0.0,32945
1683,0.0,12150.11,0.0,0.0,0.0,1659.24,18597.64,0.0,0.0,0.0,0.0,0.0,32407
1684,0.0,7631.86,0.0,0.0,0.0,1659.24,22716.9,0.0,0.0,0.0,0.0,0.0,32008
1685,0.0,3222.28,0.0,0.0,0.0,1659.24,27403.48,0.0,0.0,0.0,0.0,0.0,32285
1686,0.0,100.01,0.0,0.0,0.0,1659.24,31312.75,0.0,0.0,0.0,0.0,0.0,33072
1687,0.0,0.0,0.0,0.0,0.0,1659.24,34115.28,0.0,0.0,993.53,914.04,0.0,34781
1688,0.0,0.0,0.0,0.0,0.0,1659.24,37080.24,208.33,0.0,3227.82,3883.63,0.0,35720
1689,0.0,222.45,0.0,0.0,0.0,1659.24,38625.05,1825.68,0.0,4820.42,8318.42,0.0,37512
1690,0.0,0.0,0.0,0.0,0.0,1659.24,38625.05,3090.36,0.0,5255.66,13153.63,0.0,38119
1691,0.0,0.0,0.0,0.0,0.0,1659.24,37080.24,3350.9,0.0,4139.38,16961.85,0.0,37951
1692,0.0,0.0,0.0,0.0,0.0,1659.24,34115.28,6563.59,0.0,4263.12,20883.92,0.0,38075
1693,0.0,0.0,0.0,0.0,0.0,1659.24,31312.75,19354.22,0.0,14555.21,34274.71,0.0,37771
1694,0.0,0.0,0.0,0.0,0.0,1659.24,31312.75,22295.97,0.0,17902.97,50745.44,0.0,37365
1695,0.0,0.0,0.0,0.0,0.0,1659.24,34115.28,10960.14,0.0,9549.67,59531.14,0.0,37185
1696,0.0,0.0,0.0,0.0,0.0,1659.24,35577.17,15828.61,0.0,15467.03,73760.8,0.0,37598
1697,0.0,4847.08,0.0,0.0,0.0,1659.24,32694.0,6187.48,0.0,6735.81,79957.74,0.0,38652
1698,0.0,9694.16,0.0,0.0,0.0,1659.24,28668.06,267.47,0.0,45.93,80000.0,0.0,40243
1699,0.0,12458.28,0.0,0.0,0.0,1659.24,27403.48,0.0,0.0,0.0,80000.0,0.0,41521
1700,0.0,12825.28,0.0,0.0,0.0,1659.24,27403.48,0.0,0.0,0.0,80000.0,0.0,41888
1701,0.0,11831.28,0.0,0.0,0.0,1659.24,27403.48,0.0,0.0,0.0,80000.0,0.0,40894
1702,0.0,10514.28,0.0,0.0,0.0,1659.24,27403.48,0.0,0.0,0.0,80000.0,0.0,39577
1703,0.0,8897.28,0.0,0.0,0.0,1659.24,27403.48,0.0,0.0,0.0,80000.0,0.0,37960
1704,0.0,7381.28,0.0,0.0,0.0,1659.24,27403.48,0.0,0.0,0.0,80000.0,0.0,36444
1705,0.0,5189.69,0.0,0.0,0.0,1659.24,28668.06,0.0,0.0,0.0,80000.0,0.0,35517
1706,0.0,4195.69,0.0,0.0,0.0,1659.24,28668.06,0.0,0.0,0.0,80000.0,0.0,34523
1707,0.0,6110.11,0.0,0.0,0.0,1659.24,26176.65,0.0,0.0,0.0,80000.0,0.0,33946
1708,0.0,9308.86,0.0,0.0,0.0,1659.24,22716.9,0.0,0.0,0.0,80000.0,0.0,33685
1709,0.0,12980.49,0.0,0.0,0.0,1659.24,19576.27,0.0,0.0,0.0,80000.0,0.0,34216
1710,0.0,16431.43,0.0,0.0,0.0,1659.24,16739.33,0.0,0.0,0.0,80000.0,0.0,34830
1711,0.0,19388.31,0.0,0.0,0.0,1659.24,14190.63,0.0,181.82,0.0,79802.37,0.0,35420
1712,0.0,19388.31,0.0,0.0,0.0,1659.24,13402.44,428.98,1369.02,0.0,78314.31,0.0,36248
1713,0.0,19388.31,0.0,0.0,0.0,1659.24,13402.44,2971.77,86.23,0.0,78220.59,0.0,37508
1714,0.0,19388.31,0.0,0.0,0.0,1659.24,14190.63,1345.51,1323.3,0.0,76782.21,0.0,37907
1715,0.0,16574.83,0.0,0.0,0.0,1659.24,15858.5,4584.43,0.0,0.0,76782.21,0.0,38677
1716,0.0,12948.48,0.0,0.0,0.0,1659.24,16739.33,7290.95,0.0,0.0,76782.21,0.0,38638
1717,0.0,13632.02,0.0,0.0,0.0,1659.24,17652.19,5108.55,0.0,0.0,76782.21,0.0,38052
1718,0.0,12126.09,0.0,0.0,0.0,1659.24,18597.64,5065.02,0.0,0.0,76782.21,0.0,37448
1719,0.0,16141.38,0.0,0.0,0.0,1659.24,17652.19,2687.19,0.0,0.0,76782.21,0.0,38140
1720,0.0,19388.31,0.0,0.0,0.0,1659.24,16739.33,1599.39,0.0,197.28,76963.71,0.0,39189
1721,0.0,15764.92,0.0,0.0,0.0,1659.24,15858.5,11153.66,0.0,3300.32,80000.0,0.0,41136
1722,0.0,19388.31,0.0,0.0,376.25,1659.24,13402.44,4031.29,2850.47,0.0,76901.67,0.0,41708
1723,0.0,19388.31,0.0,0.0,0.0,1659.24,10541.38,0.0,10262.06,0.0,65747.25,0.0,41851
1724,0.0,19388.31,0.0,0.0,8341.01,1659.24,8685.83,0.0,2870.6,0.0,62627.03,0.0,40945
1725,0.0,19388.31,0.0,0.0,0.0,1659.24,8119.55,0.0,10335.89,0.0,51392.37,0.0,39503
1726,0.0,19388.31,0.0,0.0,8341.01,1659.24,8119.55,0.0,155.89,0.0,51222.93,0.0,37664
1727,0.0,19388.31,0.0,0.0,6921.89,1659.24,8119.55,0.0,0.0,0.0,51222.93,0.0,36089
1728,0.0,19388.31,0.0,0.0,6049.01,1659.24,7578.43,0.0,0.0,0.0,51222.93,0.0,34675
1729,0.0,19388.31,0.0,0.0,6652.05,1659.24,6569.4,0.0,0.0,0.0,51222.93,0.0,34269
1730,0.0,19388.31,0.0,0.0,6903.29,1659.24,5654.16,0.0,0.0,0.0,51222.93,0.0,33605
1731,0.0,19388.31,0.0,0.0,6824.29,1659.24,5654.16,0.0,0.0,0.0,51222.93,0.0,33526
1732,0.0,19388.31,0.0,0.0,7412.17,1659.24,5230.28,0.0,0.0,0.0,51222.93,0.0,33690
1733,0.0,19388.31,0.0,0.0,8351.17,1659.24,5230.28,0.0,0.0,0.0,51222.93,0.0,34629
1734,0.0,19388.31,0.0,0.0,10187.29,1659.24,5654.16,0.0,0.0,0.0,51222.93,0.0,36889
1735,0.0,19388.31,0.0,0.0,12052.05,1659.24,6569.4,0.0,0.0,0.0,51222.93,0.0,39669
1736,0.0,19388.31,0.0,0.0,12510.03,1659.24,7061.9,246.5,0.0,0.0,51222.93,0.0,40866
1737,0.0,19388.31,0.0,0.0,4169.03,1659.24,6569.4,1485.51,7052.51,0.0,43557.15,0.0,40324
1738,0.0,19388.31,0.0,0.0,6891.09,1659.24,6569.4,4929.96,0.0,0.0,43557.15,0.0,39438
1739,0.0,19388.31,0.0,0.0,7468.22,1659.24,6100.34,3463.89,0.0,0.0,43557.15,0.0,38080
1740,0.0,19388.31,0.0,0.0,5053.83,1659.24,6569.4,4867.22,0.0,0.0,43557.15,0.0,37538
1741,0.0,19388.31,0.0,0.0,2535.75,1659.24,8119.55,5558.14,0.0,0.0,43557.15,0.0,37261
1742,0.0,19388.31,0.0,0.0,0.0,1659.24,8119.55,4608.97,3108.92,0.0,40177.89,0.0,36885
1743,0.0,19388.31,0.0,0.0,5060.75,1659.24,6569.4,4620.3,0.0,0.0,40177.89,0.0,37298
1744,0.0,19388.31,0.0,0.0,9811.32,1659.24,4828.13,2772.99,0.0,0.0,40177.89,0.0,38460
1745,0.0,19388.31,0.0,0.0,11636.33,1659.24,3123.37,4371.74,0.0,0.0,40177.89,0.0,40179
1746,0.0,19388.31,0.0,0.0,4691.82,1659.24,2573.58,2860.57,9358.48,0.0,30005.63,0.0,40532
1747,0.0,19388.31,0.0,0.0,13032.82,1659.24,2092.42,0.0,5314.2,0.0,24229.32,0.0,41487
1748,0.0,19388.31,0.0,0.0,13032.82,1659.24,1317.67,0.0,5749.95,0.0,17979.38,0.0,41148
1749,0.0,19388.31,0.0,0.0,13032.82,1659.24,0.0,0.0,5339.62,0.0,12175.44,0.0,39420
1750,0.0,19388.31,0.0,0.0,13032.82,1659.24,0.0,0.0,3279.62,0.0,8610.64,0.0,37360
1751,0.0,19388.31,0.0,0.0,13032.82,1659.24,0.0,0.0,1879.62,0.0,6567.57,0.0,35960
1752,0.0,19388.31,0.0,0.0,11835.71,1659.24,1159.73,0.0,0.0,0.0,6567.57,0.0,34043
1753,0.0,19388.31,0.0,0.0,9376.86,1659.24,2573.58,0.0,0.0,0.0,6567.57,0.0,32998
1754,0.0,19388.31,0.0,0.0,7378.07,1659.24,3746.37,0.0,0.0,0.0,6567.57,0.0,32172
1755,0.0,19388.31,0.0,0.0,0.0,1659.24,5230.28,0.0,6042.17,0.0,0.0,0.0,32320
1756,0.0,19388.31,0.0,0.0,2953.61,1659.24,8685.83,0.0,0.0,0.0,0.0,0.0,32687
1757,0.0,18038.13,0.0,0.0,0.0,1659.24,14190.63,0.0,0.0,0.0,0.0,0.0,33888
1758,0.0,18863.15,0.0,0.0,0.0,1659.24,18597.64,0.0,0.0,2893.04,2661.59,0.0,36227
1759,0.0,15670.43,0.0,0.0,0.0,1659.24,21635.33,0.0,0.0,0.0,2661.59,0.0,38965
1760,0.0,10823.35,0.0,0.0,0.0,1659.24,24986.99,712.75,2448.67,0.0,0.0,0.0,40631
1761,0.0,5976.27,0.0,0.0,0.0,1659.24,27403.48,6705.28,0.0,1390.28,1279.06,0.0,40354
1762,0.0,1129.2,0.0,0.0,0.0,1659.24,28668.06,13305.51,0.0,4366.02,5295.79,0.0,40396
1763,0.0,0.0,0.0,0.0,0.0,1659.24,27403.48,21480.3,0.0,10588.02,15036.77,0.0,39955
1764,0.0,0.0,0.0,0.0,0.0,1659.24,21635.33,27652.48,0.0,10948.05,25108.98,0.0,39999
1765,0.0,0.0,0.0,0.0,0.0,1659.24,15858.5,29858.96,0.0,7525.7,32032.62,0.0,39851
1766,0.0,0.0,0.0,0.0,0.0,1659.24,12644.0,35894.48,0.0,10177.72,41396.12,0.0,40020
1767,0.0,0.0,0.0,0.0,0.0,1659.24,9896.18,31849.95,0.0,3196.37,44336.77,0.0,40209
1768,0.0,4619.57,0.0,0.0,0.0,1659.24,8685.83,25484.35,0.0,0.0,44336.77,0.0,40449
1769,0.0,8296.92,0.0,0.0,0.0,1659.24,9277.85,16356.63,4994.35,0.0,38908.13,0.0,40585
1770,0.0,13144.0,0.0,0.0,0.0,1659.24,11914.72,5640.02,8236.01,0.0,29955.95,0.0,40594
1771,0.0,17991.08,0.0,0.0,0.0,1659.24,15858.5,0.0,5752.18,0.0,23703.57,0.0,41261
1772,0.0,13144.0,0.0,0.0,0.0,1659.24,19576.27,0.0,6805.49,0.0,16306.31,0.0,41185
1773,0.0,10329.78,0.0,0.0,0.0,1659.24,21635.33,0.0,6113.65,0.0,9661.03,0.0,39738
1774,0.0,5482.7,0.0,0.0,0.0,1659.24,24986.99,0.0,5506.07,0.0,3676.17,0.0,37635
1775,0.0,6539.28,0.0,0.0,0.0,1659.24,27403.48,0.0,0.0,0.0,3676.17,0.0,35602
1776,0.0,1692.2,0.0,0.0,0.0,1659.24,27403.48,0.0,3382.08,0.0,0.0,0.0,34137
1777,0.0,3970.28,0.0,0.0,0.0,1659.24,27403.48,0.0,0.0,0.0,0.0,0.0,33033
1778,0.0,737.8,0.0,0.0,0.0,1659.24,29970.96,0.0,0.0,0.0,0.0,0.0,32368
1779,0.0,0.0,0.0,0.0,0.0,0.0,32119.0,0.0,0.0,0.0,0.0,0.0,32119
1780,0.0,0.0,0.0,0.0,0.0,1659.24,30796.76,0.0,0.0,0.0,0.0,0.0,32456
1781,0.0,0.0,0.0,0.0,0.0,1659.24,44950.51,0.0,0.0,13147.75,12095.93,0.0,33462
1782,0.0,0.0,0.0,0.0,0.0,0.0,36290.0,0.0,0.0,0.0,12095.93,0.0,36290
1783,0.0,0.0,0.0,0.0,0.0,1659.24,37292.76,0.0,0.0,0.0,12095.93,0.0,38952
1784,0.0,0.0,0.0,0.0,0.0,0.0,40067.51,0.0,0.0,98.51,12186.55,0.0,39969
1785,0.0,0.0,0.0,0.0,0.0,0.0,40067.51,13636.76,0.0,13710.27,24800.0,0.0,39994
1786,0.0,0.0,0.0,0.0,0.0,0.0,14987.75,24720.25,0.0,0.0,24800.0,0.0,39708
1787,0.0,0.0,0.0,0.0,0.0,1659.24,26111.85,30737.91,0.0,20000.0,43200.0,0.0,38509
1788,0.0,0.0,0.0,0.0,0.0,0.0,9301.02,28000.98,0.0,0.0,43200.0,0.0,37302
1789,0.0,0.0,0.0,0.0,0.0,0.0,27001.45,29198.55,0.0,20000.0,61600.0,0.0,36200
1790,0.0,0.0,0.0,0.0,0.0,1659.24,31312.75,2554.01,0.0,0.0,61600.0,0.0,35526
1791,0.0,0.0,0.0,0.0,0.0,1659.24,28668.06,25281.69,0.0,20000.0,80000.0,0.0,35609
1792,0.0,0.0,0.0,0.0,0.0,0.0,16083.32,20787.68,0.0,0.0,80000.0,0.0,36871
1793,0.0,0.0,0.0,0.0,0.0,1659.24,22716.9,14072.86,0.0,0.0,80000.0,0.0,38449
1794,0.0,4847.08,0.0,0.0,0.0,1659.24,17652.19,5179.97,9936.52,0.0,69199.43,0.0,39275
1795,0.0,9694.16,0.0,0.0,0.0,1659.24,12644.0,0.0,15800.6,0.0,52024.87,0.0,39798
1796,0.0,14541.24,0.0,0.0,0.0,1659.24,9896.18,0.0,12887.34,0.0,38016.88,0.0,38984
1797,0.0,19388.31,0.0,0.0,0.0,1659.24,8685.83,0.0,7947.61,0.0,29378.18,0.0,37681
1798,0.0,19388.31,0.0,0.0,0.0,1659.24,8119.55,0.0,6589.89,0.0,22215.25,0.0,35757
1799,0.0,19388.31,0.0,0.0,0.0,1659.24,7578.43,0.0,4889.01,0.0,16901.11,0.0,33515
1800,0.0,19388.31,0.0,0.0,0.0,1659.24,7578.43,0.0,3477.01,0.0,13121.74,0.0,32103
1801,0.0,14541.24,0.0,0.0,0.0,1659.24,8685.83,0.0,6510.69,0.0,6044.91,0.0,31397
1802,0.0,19388.31,0.0,0.0,0.0,1659.24,9277.85,0.0,672.59,0.0,5313.83,0.0,30998
1803,0.0,15874.6,0.0,0.0,0.0,1659.24,11914.72,0.0,1549.43,0.0,3629.67,0.0,30998
1804,0.0,11027.53,0.0,0.0,0.0,1659.24,15858.5,0.0,2662.74,0.0,735.39,0.0,31208
1805,0.0,11095.49,0.0,0.0,0.0,1659.24,19576.27,0.0,0.0,0.0,735.39,0.0,32331
1806,0.0,6254.55,0.0,0.0,0.0,1659.24,26176.65,0.0,676.56,0.0,0.0,0.0,34767
1807,0.0,1407.47,0.0,0.0,0.0,1659.24,34115.28,0.0,0.0,0.0,0.0,0.0,37182
1808,0.0,0.0,0.0,0.0,0.0,0.0,35843.92,1878.08,0.0,0.0,0.0,0.0,37722
1809,0.0,0.0,0.0,0.0,0.0,1659.24,17803.81,17183.95,0.0,0.0,0.0,0.0,36647
1810,0.0,0.0,0.0,0.0,0.0,0.0,29545.61,25620.39,0.0,20000.0,18400.0,0.0,35166
1811,0.0,0.0,0.0,0.0,0.0,1659.24,8731.81,32196.32,0.0,8217.37,25959.98,0.0,34370
1812,0.0,0.0,0.0,0.0,0.0,1659.24,4195.86,27802.9,0.0,0.0,25959.98,0.0,33658
1813,0.0,0.0,0.0,0.0,0.0,0.0,20010.09,32980.91,0.0,20000.0,44359.98,0.0,32991
1814,0.0,0.0,0.0,0.0,0.0,0.0,34429.19,18199.81,0.0,20000.0,62759.98,0.0,32629
1815,0.0,0.0,0.0,0.0,0.0,0.0,6674.62,26226.38,0.0,0.0,62759.98,0.0,32901
1816,0.0,0.0,0.0,0.0,0.0,0.0,14063.34,19582.66,0.0,0.0,62759.98,0.0,33646
1817,0.0,0.0,0.0,0.0,0.0,1659.24,38625.05,13828.85,0.0,18739.15,80000.0,0.0,35374
1818,0.0,0.0,0.0,0.0,0.0,1659.24,34115.28,99.47,0.0,0.0,80000.0,0.0,35874
1819,0.0,4847.08,0.0,0.0,0.0,1659.24,27403.48,0.0,3079.2,0.0,76653.05,0.0,36989
1820,0.0,4536.29,0.0,0.0,0.0,1659.24,21635.33,0.0,9663.14,0.0,66149.64,0.0,37494
1821,0.0,9383.37,0.0,0.0,0.0,1659.24,17652.19,0.0,7846.2,0.0,57621.16,0.0,36541
1822,0.0,14230.45,0.0,0.0,0.0,1659.24,15858.5,0.0,2778.81,0.0,54600.71,0.0,34527
1823,0.0,9383.37,0.0,0.0,0.0,1659.24,14190.63,0.0,7393.76,0.0,46564.02,0.0,32627
1824,0.0,10196.57,0.0,0.0,0.0,1659.24,15009.12,0.0,4297.07,0.0,41893.29,0.0,31162
1825,0.0,5349.49,0.0,0.0,0.0,1659.24,16739.33,0.0,6564.94,0.0,34757.49,0.0,30313
1826,0.0,10196.57,0.0,0.0,0.0,1659.24,17652.19,0.0,0.0,0.0,34757.49,0.0,29508
1827,0.0,5349.49,0.0,0.0,0.0,1659.24,17652.19,0.0,4704.08,0.0,29644.36,0.0,29365
1828,0.0,6881.49,0.0,0.0,0.0,1659.24,17652.19,0.0,3158.08,0.0,26211.67,0.0,29351
1829,0.0,11728.57,0.0,0.0,0.0,1659.24,17652.19,0.0,0.0,0.0,26211.67,0.0,31040
1830,0.0,6881.49,0.0,0.0,0.0,1659.24,18597.64,0.0,6563.62,0.0,19077.3,0.0,33702
1831,0.0,4847.08,0.0,0.0,0.0,1659.24,19576.27,0.0,10036.41,0.0,8168.16,0.0,36119
1832,0.0,0.0,0.0,0.0,0.0,1659.24,21635.33,6567.7,7462.73,0.0,56.5,0.0,37325
1833,0.0,4847.08,0.0,0.0,0.0,1659.24,23833.93,7763.78,51.98,0.0,0.0,0.0,38156
1834,0.0,0.0,0.0,0.0,0.0,1659.24,24986.99,26327.9,0.0,15570.12,14324.51,0.0,37404
1835,0.0,0.0,0.0,0.0,0.0,0.0,25176.8,31662.2,0.0,20000.0,32724.51,0.0,36839
1836,0.0,0.0,0.0,0.0,0.0,0.0,20064.84,36271.16,0.0,20000.0,51124.51,0.0,36336
1837,0.0,0.0,0.0,0.0,0.0,0.0,18261.92,37426.08,0.0,20000.0,69524.51,0.0,35688
1838,0.0,0.0,0.0,0.0,0.0,0.0,15890.68,28975.07,0.0,9692.74,78441.84,0.0,35173
1839,0.0,0.0,0.0,0.0,0.0,1659.24,26176.65,7399.11,0.0,0.0,78441.84,0.0,35235
1840,0.0,3828.2,0.0,0.0,0.0,1659.24,23833.93,8456.29,0.0,1693.65,80000.0,0.0,36084
1841,0.0,8675.28,0.0,0.0,0.0,0.0,19996.52,8167.2,0.0,0.0,80000.0,0.0,36839
1842,0.0,13522.36,0.0,0.0,0.0,1659.24,18597.64,2491.76,0.0,0.0,80000.0,0.0,36271
1843,0.0,18369.43,0.0,0.0,0.0,1659.24,16739.33,0.0,94.0,0.0,79897.83,0.0,36862
1844,0.0,19388.31,0.0,0.0,0.0,1659.24,15858.5,0.0,0.0,111.05,80000.0,0.0,36795
1845,0.0,19388.31,0.0,0.0,1232.01,1659.24,13402.44,0.0,168.99,0.0,79816.31,0.0,35851
1846,0.0,19388.31,0.0,0.0,0.0,1659.24,10541.38,0.0,2920.06,0.0,76642.33,0.0,34509
1847,0.0,19388.31,0.0,0.0,2736.61,1659.24,8685.83,0.0,0.0,0.0,76642.33,0.0,32470
1848,0.0,19388.31,0.0,0.0,0.0,1659.24,6569.4,0.0,2770.05,0.0,73631.41,0.0,30387
1849,0.0,19388.31,0.0,0.0,0.0,1659.24,4447.15,0.0,4130.3,0.0,69141.96,0.0,29625
1850,0.0,19388.31,0.0,0.0,0.0,1659.24,3123.37,0.0,4991.07,0.0,63716.88,0.0,29162
1851,0.0,19388.31,0.0,0.0,5198.03,1659.24,2092.42,0.0,0.0,0.0,63716.88,0.0,28338
1852,0.0,19388.31,0.0,0.0,0.0,1659.24,1675.31,0.0,6028.14,0.0,57164.56,0.0,28751
1853,0.0,19388.31,0.0,0.0,7061.1,1659.24,1489.34,0.0,0.0,0.0,57164.56,0.0,29598
1854,0.0,19388.31,0.0,0.0,2755.44,1659.24,1159.73,0.0,6183.28,0.0,50443.61,0.0,31146
1855,0.0,19388.31,0.0,0.0,11096.44,1659.24,0.0,0.0,0.0,0.0,50443.61,0.0,32144
1856,0.0,19388.31,0.0,0.0,7092.53,1659.24,0.0,6216.92,0.0,0.0,50443.61,0.0,34357
1857,0.0,19388.31,0.0,0.0,4662.9,1659.24,0.0,10113.54,0.0,0.0,50443.61,0.0,35824
1858,0.0,19388.31,0.0,0.0,3110.08,1659.24,0.0,12473.37,0.0,0.0,50443.61,0.0,36631
1859,0.0,19388.31,0.0,0.0,1858.17,1659.24,0.0,6197.94,8597.33,0.0,41098.69,0.0,37701
1860,0.0,19388.31,0.0,0.0,10199.18,1659.24,0.0,6309.27,0.0,0.0,41098.69,0.0,37556
1861,0.0,19388.31,0.0,0.0,8306.86,1659.24,0.0,7671.58,0.0,0.0,41098.69,0.0,37026
1862,0.0,19388.31,0.0,0.0,10731.59,1659.24,0.0,4369.85,0.0,0.0,41098.69,0.0,36149
1863,0.0,19388.31,0.0,0.0,10200.62,1659.24,0.0,4798.82,0.0,0.0,41098.69,0.0,36047
1864,0.0,19388.31,0.0,0.0,10422.83,1659.24,0.0,4971.62,0.0,0.0,41098.69,0.0,36442
1865,0.0,19388.31,0.0,0.0,12641.2,1659.24,0.0,3475.24,0.0,0.0,41098.69,0.0,37164
1866,0.0,19388.31,0.0,0.0,4691.82,1659.24,0.0,444.74,10146.88,0.0,30069.47,0.0,36331
1867,0.0,19388.31,0.0,0.0,13032.82,1659.24,0.0,0.0,2562.62,0.0,27284.01,0.0,36643
1868,0.0,19388.31,0.0,0.0,4691.82,1659.24,0.0,0.0,10423.63,0.0,15953.98,0.0,36163
1869,0.0,19388.31,0.0,0.0,13032.82,1659.24,0.0,0.0,1159.62,0.0,14693.52,0.0,35240
1870,0.0,19388.31,0.0,0.0,12510.44,1659.24,0.0,0.0,0.0,0.0,14693.52,0.0,33558
1871,0.0,19388.31,0.0,0.0,10755.44,1659.24,0.0,0.0,0.0,0.0,14693.52,0.0,31803
1872,0.0,19388.31,0.0,0.0,9507.44,1659.24,0.0,0.0,0.0,0.0,14693.52,0.0,30555
1873,0.0,19388.31,0.0,0.0,8395.44,1659.24,0.0,0.0,0.0,0.0,14693.52,0.0,29443
1874,0.0,19388.31,0.0,0.0,8077.44,1659.24,0.0,0.0,0.0,0.0,14693.52,0.0,29125
1875,0.0,19388.31,0.0,0.0,8042.44,1659.24,0.0,0.0,0.0,0.0,14693.52,0.0,29090
1876,0.0,19388.31,0.0,0.0,6699.77,1659.24,1317.67,0.0,0.0,0.0,14693.52,0.0,29065
1877,0.0,19388.31,0.0,0.0,0.0,1659.24,1876.14,0.0,6459.3,0.0,7672.54,0.0,29383
1878,0.0,19388.31,0.0,0.0,0.0,1659.24,2324.71,0.0,7058.74,0.0,0.0,0.0,30431
1879,0.0,19388.31,0.0,0.0,8206.86,1659.24,2573.58,0.0,0.0,0.0,0.0,0.0,31828
1880,0.0,19388.31,0.0,0.0,3171.51,1659.24,2324.71,6798.23,0.0,0.0,0.0,0.0,33342
1881,0.0,19186.58,0.0,0.0,0.0,1659.24,2324.71,17631.3,0.0,6668.83,6135.32,0.0,34133
1882,0.0,14339.5,0.0,0.0,0.0,1659.24,2324.71,26360.09,0.0,10368.54,15674.38,0.0,34315
1883,0.0,9492.42,0.0,0.0,0.0,1659.24,2092.42,32333.37,0.0,11672.45,26413.04,0.0,33905
1884,0.0,4645.34,0.0,0.0,0.0,1659.24,2573.58,36048.38,0.0,12170.55,37609.94,0.0,32756
1885,0.0,9492.42,0.0,0.0,0.0,1659.24,2839.61,29647.9,0.0,11771.18,48439.42,0.0,31868
1886,0.0,13144.0,0.0,0.0,0.0,1659.24,2839.61,15161.75,0.0,2067.6,50341.62,0.0,30737
1887,0.0,17991.08,0.0,0.0,0.0,1659.24,2573.58,27859.1,0.0,19216.0,68020.34,0.0,30867
1888,0.0,19388.31,0.0,0.0,0.0,1659.24,1489.34,22449.47,0.0,13021.37,80000.0,0.0,31965
1889,0.0,16899.81,0.0,0.0,0.0,1659.24,1159.73,13696.21,0.0,0.0,80000.0,0.0,33415
1890,0.0,19388.31,0.0,0.0,0.0,1659.24,1489.34,2813.97,9301.14,0.0,69890.07,0.0,34652
1891,0.0,19388.31,0.0,0.0,3705.56,1659.24,1876.14,0.0,9992.74,0.0,59028.4,0.0,36622
1892,0.0,19388.31,0.0,0.0,4691.82,1659.24,1489.34,0.0,10156.29,0.0,47988.96,0.0,37385
1893,0.0,19388.31,0.0,0.0,13032.82,1659.24,1489.34,0.0,727.28,0.0,47198.44,0.0,36297
1894,0.0,19388.31,0.0,0.0,8341.01,1659.24,2092.42,0.0,3358.02,0.0,43548.41,0.0,34839
1895,0.0,19388.31,0.0,0.0,0.0,1659.24,1489.34,0.0,10306.1,0.0,32346.13,0.0,32843
1896,0.0,19388.31,0.0,0.0,8341.01,1659.24,1159.73,0.0,694.7,0.0,31591.01,0.0,31243
1897,0.0,19388.31,0.0,0.0,7697.1,1659.24,1489.34,0.0,0.0,0.0,31591.01,0.0,30234
1898,0.0,19388.31,0.0,0.0,0.0,1659.24,1489.34,0.0,8067.1,0.0,22822.42,0.0,30604
1899,0.0,19388.31,0.0,0.0,7977.1,1659.24,1489.34,0.0,0.0,0.0,22822.42,0.0,30514
1900,0.0,19388.31,0.0,0.0,7917.14,1659.24,1675.31,0.0,0.0,0.0,22822.42,0.0,30640
1901,0.0,19388.31,0.0,0.0,8341.01,1659.24,1489.34,0.0,1119.1,0.0,21606.01,0.0,31997
1902,0.0,19388.31,0.0,0.0,0.0,1659.24,1317.67,0.0,12669.77,0.0,7834.53,0.0,35035
1903,0.0,19388.31,0.0,0.0,8341.01,1659.24,1317.67,0.0,7207.76,0.0,0.0,0.0,37914
1904,0.0,19388.31,0.0,0.0,8328.47,1659.24,1489.34,7255.63,0.0,0.0,0.0,0.0,38121
1905,0.0,19388.31,0.0,0.0,0.0,1659.24,1489.34,18205.83,0.0,4904.72,4512.34,0.0,35838
1906,0.0,19388.31,0.0,0.0,0.0,1659.24,1489.34,23505.85,0.0,11302.74,14910.87,0.0,34740
1907,0.0,19388.31,0.0,0.0,0.0,1659.24,1489.34,27200.03,0.0,16064.93,29690.6,0.0,33672
1908,0.0,14607.34,0.0,0.0,0.0,1659.24,1489.34,29291.22,0.0,13507.15,42117.18,0.0,33540
1909,0.0,19388.31,0.0,0.0,0.0,1659.24,1675.31,25043.62,0.0,14270.48,55246.02,0.0,33496
1910,0.0,19388.31,0.0,0.0,0.0,1659.24,1317.67,23812.93,0.0,13042.16,67244.81,0.0,33136
1911,0.0,19388.31,0.0,0.0,0.0,1659.24,1159.73,25188.05,0.0,13864.33,80000.0,0.0,33531
1912,0.0,15192.89,0.0,0.0,0.0,1659.24,0.0,17598.87,0.0,0.0,80000.0,0.0,34451
1913,0.0,19388.31,0.0,0.0,0.0,1659.24,0.0,12419.66,3313.79,0.0,76398.06,0.0,36781
1914,0.0,19388.31,0.0,0.0,4200.54,1659.24,0.0,5090.12,7757.78,0.0,67965.68,0.0,38096
1915,0.0,19388.31,0.0,0.0,0.0,1659.24,0.0,0.0,17924.44,0.0,48482.59,0.0,38972
1916,0.0,19388.31,0.0,0.0,8341.01,1659.24,0.0,0.0,9671.44,0.0,37970.16,0.0,39060
1917,0.0,19388.31,0.0,0.0,8341.01,1659.24,0.0,0.0,8135.44,0.0,29127.3,0.0,37524
1918,0.0,19388.31,0.0,0.0,0.0,1659.24,1675.31,0.0,12962.14,0.0,15038.02,0.0,35685
1919,0.0,19388.31,0.0,0.0,8341.01,1659.24,3123.37,0.0,1231.06,0.0,13699.9,0.0,33743
1920,0.0,19388.31,0.0,0.0,0.0,1659.24,4086.75,0.0,7187.69,0.0,5887.19,0.0,32322
1921,0.0,19388.31,0.0,0.0,4455.29,1659.24,5654.16,0.0,0.0,0.0,5887.19,0.0,31157
1922,0.0,19388.31,0.0,0.0,2340.01,1659.24,7578.43,0.0,0.0,0.0,5887.19,0.0,30966
1923,0.0,19388.31,0.0,0.0,1285.61,1659.24,8685.83,0.0,0.0,0.0,5887.19,0.0,31019
1924,0.0,19388.31,0.0,0.0,1156.59,1659.24,9277.85,0.0,0.0,0.0,5887.19,0.0,31482
1925,0.0,19388.31,0.0,0.0,1286.27,1659.24,9896.18,0.0,0.0,0.0,5887.19,0.0,32230
1926,0.0,19388.31,0.0,0.0,0.0,1659.24,11214.04,0.0,2759.4,0.0,2887.85,0.0,35021
1927,0.0,19388.31,0.0,0.0,0.0,1659.24,14190.63,0.0,2656.82,0.0,0.0,0.0,37895
1928,0.0,14541.24,0.0,0.0,0.0,0.0,21244.83,2567.93,0.0,0.0,0.0,0.0,38354
1929,0.0,9694.16,0.0,0.0,0.0,0.0,22229.92,4914.92,0.0,0.0,0.0,0.0,36839
1930,0.0,4847.08,0.0,0.0,0.0,0.0,34429.19,8684.17,0.0,12789.44,11766.29,0.0,35171
1931,0.0,0.0,0.0,0.0,0.0,1659.24,27584.46,5745.3,0.0,0.0,11766.29,0.0,34989
1932,0.0,0.0,0.0,0.0,0.0,0.0,36742.67,6700.65,0.0,8316.33,19417.31,0.0,35127
1933,0.0,0.0,0.0,0.0,0.0,0.0,25392.59,10329.41,0.0,0.0,19417.31,0.0,35722
1934,0.0,0.0,0.0,0.0,0.0,1659.24,44950.51,8001.87,0.0,19016.62,36912.6,0.0,35595
1935,0.0,0.0,0.0,0.0,0.0,1659.24,44950.51,60.03,0.0,10781.77,46831.83,0.0,35888
1936,0.0,0.0,0.0,0.0,0.0,1659.24,44950.51,4088.33,0.0,14069.08,59775.39,0.0,36629
1937,0.0,0.0,0.0,0.0,0.0,1659.24,44950.51,4216.82,0.0,13104.57,71831.59,0.0,37722
1938,0.0,0.0,0.0,0.0,0.0,1659.24,44950.51,445.95,0.0,8878.7,80000.0,0.0,38177
1939,0.0,0.0,0.0,0.0,0.0,1659.24,37513.76,0.0,0.0,0.0,80000.0,0.0,39173
1940,0.0,0.0,0.0,0.0,0.0,0.0,39152.0,0.0,0.0,0.0,80000.0,0.0,39152
1941,0.0,0.0,0.0,0.0,0.0,1659.24,35954.76,0.0,0.0,0.0,80000.0,0.0,37614
1942,0.0,4847.08,0.0,0.0,0.0,1659.24,28668.06,0.0,213.62,0.0,79767.81,0.0,35388
1943,0.0,5508.41,0.0,0.0,0.0,1659.24,21635.33,0.0,4117.02,0.0,75292.78,0.0,32920
1944,0.0,10355.49,0.0,0.0,0.0,1659.24,19576.27,0.0,0.0,0.0,75292.78,0.0,31591
1945,0.0,5508.41,0.0,0.0,0.0,1659.24,19576.27,0.0,3747.08,0.0,71219.87,0.0,30491
1946,0.0,8028.12,0.0,0.0,0.0,1659.24,20588.64,0.0,0.0,0.0,71219.87,0.0,30276
1947,0.0,3181.04,0.0,0.0,0.0,1659.24,21635.33,0.0,4130.39,0.0,66730.31,0.0,30606
1948,0.0,4376.77,0.0,0.0,0.0,1659.24,24986.99,0.0,0.0,0.0,66730.31,0.0,31023
1949,0.0,3008.28,0.0,0.0,0.0,1659.24,27403.48,0.0,0.0,0.0,66730.31,0.0,32071
1950,0.0,4589.69,0.0,0.0,0.0,1659.24,28668.06,0.0,0.0,0.0,66730.31,0.0,34917
1951,0.0,1212.01,0.0,0.0,0.0,1659.24,27403.48,104.71,6943.56,0.0,59182.96,0.0,37323
1952,0.0,6059.08,0.0,0.0,0.0,1659.24,27403.48,3775.04,779.15,0.0,58336.06,0.0,39676
1953,0.0,1212.01,0.0,0.0,0.0,1659.24,27403.48,8018.96,1541.31,0.0,56660.72,0.0,39835
1954,0.0,0.0,0.0,0.0,0.0,1659.24,28668.06,14510.11,0.0,5066.41,61321.82,0.0,39771
1955,0.0,0.0,0.0,0.0,0.0,1659.24,29970.96,8997.07,0.0,1041.28,62279.8,0.0,39586
1956,0.0,0.0,0.0,0.0,0.0,1659.24,31312.75,5432.27,0.0,225.27,62487.04,0.0,38179
1957,0.0,3159.05,0.0,0.0,0.0,1659.24,29970.96,10363.41,0.0,7280.67,69185.26,0.0,37872
1958,0.0,8006.13,0.0,0.0,0.0,1659.24,28668.06,5410.11,0.0,5871.55,74587.08,0.0,37872
1959,0.0,12853.21,0.0,0.0,0.0,1659.24,23833.93,5446.23,0.0,5883.61,80000.0,0.0,37909
1960,0.0,17700.29,0.0,0.0,0.0,1659.24,16739.33,3010.14,0.0,0.0,80000.0,0.0,39109
1961,0.0,19388.31,0.0,0.0,0.0,1659.24,11214.04,2100.29,6400.11,0.0,73043.35,0.0,40762
1962,0.0,19388.31,0.0,0.0,4352.09,1659.24,7061.9,917.71,7869.74,0.0,64489.29,0.0,41249
1963,0.0,19388.31,0.0,0.0,12693.1,1659.24,5654.16,0.0,2373.19,0.0,61909.74,0.0,41768
1964,0.0,19388.31,0.0,0.0,4691.82,1659.24,5230.28,0.0,9836.35,0.0,51218.05,0.0,40806
1965,0.0,19388.31,0.0,0.0,13032.82,1659.24,5230.28,0.0,351.34,0.0,50836.16,0.0,39662
1966,0.0,19388.31,0.0,0.0,12259.31,1659.24,4828.13,0.0,0.0,0.0,50836.16,0.0,38135
1967,0.0,19388.31,0.0,0.0,9639.31,1659.24,4828.13,0.0,0.0,0.0,50836.16,0.0,35515
1968,0.0,19388.31,0.0,0.0,8012.31,1659.24,4828.13,0.0,0.0,0.0,50836.16,0.0,33888
1969,0.0,19388.31,0.0,0.0,5982.31,1659.24,4828.13,0.0,0.0,0.0,50836.16,0.0,31858
1970,0.0,19388.31,0.0,0.0,4427.29,1659.24,5654.16,0.0,0.0,0.0,50836.16,0.0,31129
1971,0.0,19388.31,0.0,0.0,2551.54,1659.24,7061.9,0.0,0.0,0.0,50836.16,0.0,30661
1972,0.0,19388.31,0.0,0.0,1985.89,1659.24,8119.55,0.0,0.0,0.0,50836.16,0.0,31153
1973,0.0,19388.31,0.0,0.0,3212.89,1659.24,8119.55,0.0,0.0,0.0,50836.16,0.0,32380
1974,0.0,19388.31,0.0,0.0,6335.01,1659.24,7578.43,0.0,0.0,0.0,50836.16,0.0,34961
1975,0.0,19388.31,0.0,0.0,9723.54,1659.24,7061.9,0.0,0.0,0.0,50836.16,0.0,37833
1976,0.0,19388.31,0.0,0.0,1382.53,1659.24,6100.34,2647.04,7578.53,0.0,42598.62,0.0,38756
1977,0.0,19388.31,0.0,0.0,4414.23,1659.24,4447.15,8570.07,0.0,0.0,42598.62,0.0,38479
1978,0.0,19388.31,0.0,0.0,1068.42,1659.24,2839.61,12921.41,0.0,0.0,42598.62,0.0,37877
1979,0.0,19388.31,0.0,0.0,0.0,1659.24,1876.14,17977.68,0.0,3063.37,45416.93,0.0,37838
1980,0.0,19388.31,0.0,0.0,0.0,1659.24,1489.34,15069.07,0.0,365.97,45753.62,0.0,37240
1981,0.0,19388.31,0.0,0.0,1615.58,1659.24,1489.34,12845.52,0.0,0.0,45753.62,0.0,36998
1982,0.0,19388.31,0.0,0.0,5596.79,1659.24,1489.34,8806.31,0.0,0.0,45753.62,0.0,36940
1983,0.0,19388.31,0.0,0.0,8884.49,1659.24,1317.67,5457.28,0.0,0.0,45753.62,0.0,36707
1984,0.0,19388.31,0.0,0.0,2912.33,1659.24,0.0,13575.11,0.0,0.0,45753.62,0.0,37535
1985,0.0,19388.31,0.0,0.0,10130.35,1659.24,0.0,7315.09,0.0,0.0,45753.62,0.0,38493
1986,0.0,19388.31,0.0,0.0,4691.82,1659.24,0.0,2175.16,10451.47,0.0,34393.33,0.0,38366
1987,0.0,19388.31,0.0,0.0,13032.82,1659.24,0.0,0.0,4831.62,0.0,29141.56,0.0,38912
1988,0.0,19388.31,0.0,0.0,13032.82,1659.24,0.0,0.0,4995.62,0.0,23711.54,0.0,39076
1989,0.0,19388.31,0.0,0.0,4691.82,1659.24,0.0,0.0,11832.63,0.0,10849.99,0.0,37572
1990,0.0,19388.31,0.0,0.0,13032.82,1659.24,1317.67,0.0,360.95,0.0,10457.66,0.0,35759
1991,0.0,19388.31,0.0,0.0,10617.03,1659.24,2092.42,0.0,0.0,0.0,10457.66,0.0,33757
1992,0.0,19388.31,0.0,0.0,7528.07,1659.24,3123.37,0.0,0.0,0.0,10457.66,0.0,31699
1993,0.0,19388.31,0.0,0.0,5337.3,1659.24,4447.15,0.0,0.0,0.0,10457.66,0.0,30832
1994,0.0,19388.31,0.0,0.0,2956.29,1659.24,5654.16,0.0,0.0,0.0,10457.66,0.0,29658
1995,0.0,19388.31,0.0,0.0,2062.05,1659.24,6569.4,0.0,0.0,0.0,10457.66,0.0,29679
1996,0.0,19388.31,0.0,0.0,2749.05,1659.24,6569.4,0.0,0.0,0.0,10457.66,0.0,30366
1997,0.0,19388.31,0.0,0.0,4748.29,1659.24,5654.16,0.0,0.0,0.0,10457.66,0.0,31450
1998,0.0,19388.31,0.0,0.0,7105.11,1659.24,6100.34,0.0,0.0,0.0,10457.66,0.0,34253
1999,0.0,19388.31,0.0,0.0,0.0,1659.24,6569.4,0.0,9621.05,0.0,0.0,0.0,37238
2000,0.0,19388.31,0.0,0.0,7642.98,1659.24,7578.43,2646.04,0.0,0.0,0.0,0.0,38915
2001,0.0,19388.31,0.0,0.0,4098.3,1659.24,8119.55,5658.6,0.0,0.0,0.0,0.0,38924
2002,0.0,17837.05,0.0,0.0,0.0,1659.24,9277.85,9630.85,0.0,0.0,0.0,0.0,38405
2003,0.0,14398.7,0.0,0.0,0.0,1659.24,10541.38,12904.18,0.0,1029.5,947.14,0.0,38474
2004,0.0,19245.78,0.0,0.0,0.0,1659.24,11914.72,14307.23,0.0,8961.97,9192.16,0.0,38165
2005,0.0,19388.31,0.0,0.0,0.0,1659.24,11914.72,18161.28,0.0,13362.56,21485.71,0.0,37761
2006,0.0,19388.31,0.0,0.0,0.0,1659.24,10541.38,20172.61,0.0,13995.55,34361.62,0.0,37766
2007,0.0,19388.31,0.0,0.0,0.0,1659.24,9277.85,18195.29,0.0,10862.7,44355.3,0.0,37658
2008,0.0,19388.31,0.0,0.0,0.0,1659.24,8119.55,7583.88,1596.01,0.0,42620.51,0.0,38347
2009,0.0,19388.31,0.0,0.0,0.0,1659.24,8119.55,6566.94,3463.95,0.0,38855.34,0.0,39198
2010,0.0,19388.31,0.0,0.0,0.0,1659.24,8685.83,411.48,8405.13,0.0,29719.33,0.0,38550
2011,0.0,19388.31,0.0,0.0,0.0,1659.24,9277.85,0.0,8866.59,0.0,20081.74,0.0,39192
2012,0.0,19388.31,0.0,0.0,0.0,1659.24,9896.18,0.0,7805.27,0.0,11597.75,0.0,38749
2013,0.0,19388.31,0.0,0.0,0.0,1659.24,9896.18,0.0,6137.27,0.0,4926.81,0.0,37081
2014,0.0,19388.31,0.0,0.0,0.0,1659.24,9896.18,0.0,4008.27,0.0,570.0,0.0,34952
2015,0.0,19388.31,0.0,0.0,0.0,1659.24,11214.04,0.0,524.4,0.0,0.0,0.0,32786
2016,0.0,15372.13,0.0,0.0,0.0,1659.24,14190.63,0.0,0.0,0.0,0.0,0.0,31222
2017,0.0,10525.05,0.0,0.0,0.0,1659.24,18597.64,0.0,0.0,577.94,531.7,0.0,30204
2018,0.0,5931.26,0.0,0.0,0.0,1659.24,21635.33,0.0,489.17,0.0,0.0,0.0,29715
2019,0.0,1674.11,0.0,0.0,0.0,1659.24,26176.65,0.0,0.0,0.0,0.0,0.0,29510
2020,0.0,0.0,0.0,0.0,0.0,1659.24,29970.96,0.0,0.0,1935.2,1780.39,0.0,29695
2021,0.0,0.0,0.0,0.0,0.0,1659.24,31312.75,0.0,0.0,2780.99,4338.9,0.0,30191
2022,0.0,0.0,0.0,0.0,0.0,1659.24,29970.96,0.0,101.8,0.0,4228.25,0.0,31732
2023,0.0,0.0,0.0,0.0,0.0,1659.24,28332.98,296.99,3448.78,0.0,479.58,0.0,33738
2024,0.0,0.0,0.0,0.0,0.0,1659.24,26176.65,7476.11,0.0,0.0,479.58,0.0,35312
2025,0.0,0.0,0.0,0.0,0.0,1659.24,24986.99,17784.38,0.0,8251.61,8071.06,0.0,36179
2026,0.0,0.0,0.0,0.0,0.0,1659.24,21635.33,26005.89,0.0,12641.46,19701.2,0.0,36659
2027,0.0,0.0,0.0,0.0,0.0,1659.24,19576.27,31738.0,0.0,16261.51,34661.79,0.0,36712
2028,0.0,0.0,0.0,0.0,0.0,0.0,15734.62,35188.78,0.0,14739.4,48222.05,0.0,36184
2029,0.0,0.0,0.0,0.0,0.0,1659.24,15734.62,36260.23,0.0,18478.09,65221.89,0.0,35176
2030,0.0,0.0,0.0,0.0,0.0,1659.24,0.0,34750.36,0.0,1792.6,66871.08,0.0,34617
2031,0.0,0.0,0.0,0.0,0.0,0.0,3666.28,31031.72,0.0,0.0,66871.08,0.0,34698
2032,0.0,0.0,0.0,0.0,0.0,0.0,24426.63,25173.94,0.0,14270.56,80000.0,0.0,35330
2033,0.0,0.0,0.0,0.0,0.0,1659.24,17705.16,16869.59,0.0,0.0,80000.0,0.0,36234
2034,0.0,0.0,0.0,0.0,0.0,0.0,34115.28,2367.72,0.0,0.0,80000.0,0.0,36483
2035,0.0,2609.76,0.0,0.0,0.0,1659.24,32694.0,0.0,0.0,0.0,80000.0,0.0,36963
2036,0.0,0.0,0.0,0.0,0.0,1659.24,31312.75,0.0,3611.01,0.0,76074.99,0.0,36583
2037,0.0,1131.76,0.0,0.0,0.0,1659.24,32694.0,0.0,0.0,0.0,76074.99,0.0,35485
2038,0.0,0.0,0.0,0.0,0.0,1659.24,32694.0,0.0,217.76,0.0,75838.3,0.0,34571
2039,0.0,1378.8,0.0,0.0,0.0,1659.24,29970.96,0.0,0.0,0.0,75838.3,0.0,33009
2040,0.0,4916.77,0.0,0.0,0.0,1659.24,24986.99,0.0,0.0,0.0,75838.3,0.0,31563
2041,0.0,2012.35,0.0,0.0,0.0,1659.24,21635.33,0.0,5398.08,0.0,69970.82,0.0,30705
2042,0.0,6859.43,0.0,0.0,0.0,1659.24,21635.33,0.0,0.0,0.0,69970.82,0.0,30154
2043,0.0,2012.35,0.0,0.0,0.0,1659.24,20588.64,0.0,5711.76,0.0,63762.38,0.0,29972
2044,0.0,2588.77,0.0,0.0,0.0,1659.24,19576.27,0.0,6246.72,0.0,56972.47,0.0,30071
2045,0.0,7435.84,0.0,0.0,0.0,1659.24,15858.5,0.0,5647.42,0.0,50833.97,0.0,30601
2046,0.0,12282.92,0.0,0.0,0.0,1659.24,10541.38,0.0,7746.45,0.0,42413.92,0.0,32230
2047,0.0,7435.84,0.0,0.0,0.0,1659.24,6569.4,416.87,17463.65,0.0,23431.69,0.0,33545
2048,0.0,12282.92,0.0,0.0,0.0,1659.24,3746.37,8203.06,8884.4,0.0,13774.73,0.0,34776
2049,0.0,7435.84,0.0,0.0,0.0,1659.24,2092.42,18552.79,6604.7,0.0,6595.71,0.0,36345
2050,0.0,2588.77,0.0,0.0,0.0,1659.24,0.0,26319.94,6068.05,0.0,0.0,0.0,36636
2051,0.0,2967.39,0.0,0.0,0.0,1659.24,0.0,31550.37,0.0,0.0,0.0,0.0,36177
2052,0.0,48.42,0.0,0.0,0.0,1659.24,0.0,34427.34,0.0,0.0,0.0,0.0,36135
2053,0.0,0.0,0.0,0.0,0.0,1659.24,0.0,34131.76,0.0,0.0,0.0,0.0,35791
2054,0.0,0.0,0.0,0.0,0.0,1659.24,372.11,33639.65,0.0,0.0,0.0,0.0,35671
2055,0.0,0.0,0.0,0.0,0.0,1659.24,14190.63,30375.96,0.0,10187.83,9372.81,0.0,36038
2056,0.0,0.0,0.0,0.0,0.0,1659.24,10937.62,24620.13,0.0,0.0,9372.81,0.0,37217
2057,0.0,0.0,0.0,0.0,0.0,0.0,40067.51,16230.68,0.0,17619.19,25582.46,0.0,38679
2058,0.0,0.0,0.0,0.0,0.0,0.0,39468.0,0.0,0.0,0.0,25582.46,0.0,39468
2059,0.0,0.0,0.0,0.0,0.0,1659.24,38344.85,236.91,0.0,0.0,25582.46,0.0,40241
2060,0.0,0.0,0.0,0.0,0.0,1659.24,38966.76,0.0,0.0,0.0,25582.46,0.0,40626
2061,0.0,0.0,0.0,0.0,0.0,0.0,39651.0,0.0,0.0,0.0,25582.46,0.0,39651
2062,0.0,0.0,0.0,0.0,0.0,1659.24,44950.51,0.0,0.0,8822.75,33699.39,0.0,37787
2063,0.0,0.0,0.0,0.0,0.0,1659.24,44950.51,0.0,0.0,11027.75,43844.92,0.0,35582
2064,0.0,0.0,0.0,0.0,0.0,1659.24,44950.51,0.0,0.0,12490.75,55336.41,0.0,34119
2065,0.0,0.0,0.0,0.0,0.0,0.0,33789.0,0.0,0.0,0.0,55336.41,0.0,33789
2066,0.0,0.0,0.0,0.0,0.0,0.0,40067.51,0.0,0.0,5920.51,60783.27,0.0,34147
2067,0.0,0.0,0.0,0.0,0.0,1659.24,43515.71,0.0,0.0,10817.96,70735.79,0.0,34357
2068,0.0,0.0,0.0,0.0,0.0,0.0,34735.0,0.0,0.0,0.0,70735.79,0.0,34735
2069,0.0,0.0,0.0,0.0,0.0,0.0,15582.0,0.0,20000.0,0.0,48996.66,0.0,35582
2070,0.0,0.0,0.0,0.0,0.0,1659.24,35577.17,0.0,1526.58,0.0,47337.33,0.0,38763
2071,0.0,0.0,0.0,0.0,0.0,1659.24,38625.05,444.67,901.03,0.0,46357.95,0.0,41630
2072,0.0,0.0,0.0,0.0,0.0,1659.24,40026.37,94.39,0.0,0.0,46357.95,0.0,41780
2073,0.0,0.0,0.0,0.0,0.0,1659.24,38625.05,261.7,0.0,0.0,46357.95,0.0,40546
2074,0.0,0.0,0.0,0.0,0.0,1659.24,20003.0,18255.76,0.0,0.0,46357.95,0.0,39918
2075,0.0,0.0,0.0,0.0,0.0,1659.24,28668.06,20673.06,0.0,11735.37,57154.49,0.0,39265
2076,0.0,0.0,0.0,0.0,0.0,1659.24,23833.93,27714.16,0.0,14368.33,70373.35,0.0,38839
2077,0.0,0.0,0.0,0.0,0.0,1659.24,18597.64,20613.2,0.0,2368.09,72551.99,0.0,38502
2078,0.0,4847.08,0.0,0.0,0.0,1659.24,14190.63,25667.72,0.0,8095.66,80000.0,0.0,38269
2079,0.0,9694.16,0.0,0.0,0.0,0.0,4981.4,23918.45,0.0,0.0,80000.0,0.0,38594
2080,0.0,14541.24,0.0,0.0,0.0,1659.24,6503.64,17031.88,0.0,0.0,80000.0,0.0,39736
2081,0.0,19388.31,0.0,0.0,2335.53,1659.24,6569.4,11441.51,0.0,0.0,80000.0,0.0,41394
2082,0.0,19388.31,0.0,0.0,3258.59,1659.24,6100.34,3521.94,7978.57,0.0,71327.65,0.0,41907
2083,0.0,19388.31,0.0,0.0,4691.82,1659.24,6100.34,124.21,11370.08,0.0,58968.87,0.0,43334
2084,0.0,19388.31,0.0,0.0,13032.82,1659.24,5230.28,0.0,4542.34,0.0,54031.54,0.0,43853
2085,0.0,19388.31,0.0,0.0,13032.82,1659.24,4086.75,0.0,4211.87,0.0,49453.42,0.0,42379
2086,0.0,19388.31,0.0,0.0,13032.82,1659.24,3123.37,0.0,2740.25,0.0,46474.89,0.0,39944
2087,0.0,19388.31,0.0,0.0,13032.82,1659.24,1876.14,0.0,1846.48,0.0,44467.85,0.0,37803
2088,0.0,19388.31,0.0,0.0,4691.82,1659.24,0.0,0.0,10642.63,0.0,32899.77,0.0,36382
2089,0.0,19388.31,0.0,0.0,13032.82,1659.24,0.0,0.0,1187.62,0.0,31608.88,0.0,35268
2090,0.0,19388.31,0.0,0.0,13032.82,1659.24,0.0,0.0,624.62,0.0,30929.95,0.0,34705
2091,0.0,19388.31,0.0,0.0,13032.82,1659.24,0.0,0.0,640.62,0.0,30233.62,0.0,34721
2092,0.0,19388.31,0.0,0.0,4691.82,1659.24,0.0,0.0,9373.63,0.0,20044.9,0.0,35113
2093,0.0,19388.31,0.0,0.0,13032.82,1659.24,0.0,0.0,2589.62,0.0,17230.09,0.0,36670
2094,0.0,19388.31,0.0,0.0,13032.82,1659.24,0.0,0.0,5507.62,0.0,11243.55,0.0,39588
2095,0.0,19388.31,0.0,0.0,13032.82,1659.24,0.0,490.67,7113.95,0.0,3511.0,0.0,41685
2096,0.0,19388.31,0.0,0.0,9454.05,1659.24,0.0,7506.27,3230.12,0.0,0.0,0.0,41238
2097,0.0,19388.31,0.0,0.0,1113.05,1659.24,0.0,17026.4,0.0,0.0,0.0,0.0,39187
2098,0.0,15209.34,0.0,0.0,0.0,1659.24,0.0,23986.45,0.0,3050.03,2806.02,0.0,37805
2099,0.0,19388.31,0.0,0.0,0.0,1659.24,0.0,28626.44,0.0,11899.0,13753.1,0.0,37775
2100,0.0,19388.31,0.0,0.0,0.0,1659.24,1317.67,32043.35,0.0,17013.58,29405.6,0.0,37395
2101,0.0,14541.24,0.0,0.0,0.0,1659.24,1876.14,33286.44,0.0,14425.06,42676.66,0.0,36938
2102,0.0,19388.31,0.0,0.0,0.0,1659.24,2573.58,31924.05,0.0,19375.19,60501.83,0.0,36170
2103,0.0,19388.31,0.0,0.0,0.0,1659.24,2839.61,28433.63,0.0,16256.8,75458.09,0.0,36064
2104,0.0,14541.24,0.0,0.0,0.0,1659.24,2839.61,22665.77,0.0,4936.86,80000.0,0.0,36769
2105,0.0,18405.23,0.0,0.0,0.0,1659.24,3123.37,15277.16,0.0,0.0,80000.0,0.0,38465
2106,0.0,19388.31,0.0,0.0,0.0,1659.24,3746.37,6013.59,8515.49,0.0,70744.04,0.0,39323
2107,0.0,19388.31,0.0,0.0,5907.69,1659.24,4828.13,232.77,8715.85,0.0,61270.29,0.0,40732
2108,0.0,19388.31,0.0,0.0,0.0,1659.24,5654.16,0.0,14935.29,0.0,45036.28,0.0,41637
2109,0.0,19388.31,0.0,0.0,8341.01,1659.24,6569.4,0.0,4452.04,0.0,40197.11,0.0,40410
2110,0.0,19388.31,0.0,0.0,8341.01,1659.24,7061.9,0.0,1576.53,0.0,38483.49,0.0,38027
2111,0.0,19388.31,0.0,0.0,0.0,1659.24,7061.9,0.0,7868.54,0.0,29930.73,0.0,35978
2112,0.0,19388.31,0.0,0.0,6164.54,1659.24,7061.9,0.0,0.0,0.0,29930.73,0.0,34274
2113,0.0,19388.31,0.0,0.0,5462.54,1659.24,7061.9,0.0,0.0,0.0,29930.73,0.0,33572
2114,0.0,19388.31,0.0,0.0,0.0,1659.24,6569.4,0.0,5028.05,0.0,24465.46,0.0,32645
2115,0.0,19388.31,0.0,0.0,4855.05,1659.24,6569.4,0.0,0.0,0.0,24465.46,0.0,32472
2116,0.0,19388.31,0.0,0.0,5556.05,1659.24,6569.4,0.0,0.0,0.0,24465.46,0.0,33173
2117,0.0,19388.31,0.0,0.0,0.0,1659.24,6100.34,0.0,7259.11,0.0,16575.13,0.0,34407
2118,0.0,19388.31,0.0,0.0,8341.01,1659.24,5654.16,0.0,2026.28,0.0,14372.65,0.0,37069
2119,0.0,19388.31,0.0,0.0,0.0,1659.24,5230.28,526.33,13222.83,0.0,0.0,0.0,40027
2120,0.0,19388.31,0.0,0.0,8038.87,1659.24,4447.15,7284.43,0.0,0.0,0.0,0.0,40818
2121,0.0,19388.31,0.0,0.0,0.0,1659.24,4086.75,16248.37,0.0,419.67,386.1,0.0,40963
2122,0.0,19388.31,0.0,0.0,0.0,1659.24,4086.75,23825.08,0.0,8088.39,7827.42,0.0,40871
2123,0.0,19388.31,0.0,0.0,0.0,1659.24,3425.44,29604.15,0.0,13686.14,20418.67,0.0,40391
2124,0.0,19388.31,0.0,0.0,0.0,1659.24,3123.37,33088.07,0.0,16667.0,35752.31,0.0,40592
2125,0.0,19388.31,0.0,0.0,0.0,1659.24,2839.61,34004.37,0.0,17839.54,52164.68,0.0,40052
2126,0.0,19388.31,0.0,0.0,0.0,1659.24,2573.58,32349.16,0.0,15272.3,66215.2,0.0,40698
2127,0.0,19388.31,0.0,0.0,0.0,1659.24,2573.58,28667.54,0.0,11069.68,76399.3,0.0,41219
2128,0.0,18107.46,0.0,0.0,0.0,1659.24,2839.61,22821.48,0.0,3913.8,80000.0,0.0,41514
2129,0.0,19388.31,0.0,0.0,1936.62,1659.24,3746.37,15164.45,0.0,0.0,80000.0,0.0,41895
2130,0.0,19388.31,0.0,0.0,0.0,1659.24,5230.28,6014.73,9219.43,0.0,69978.88,0.0,41512
2131,0.0,19388.31,0.0,0.0,0.0,1659.24,7578.43,292.48,12462.54,0.0,56432.64,0.0,41381
2132,0.0,19388.31,0.0,0.0,0.0,1659.24,9896.18,0.0,9632.27,0.0,45962.79,0.0,40576
2133,0.0,19388.31,0.0,0.0,0.0,1659.24,11214.04,0.0,6835.4,0.0,38533.01,0.0,39097
2134,0.0,19388.31,0.0,0.0,2699.68,1659.24,11914.72,0.0,1613.04,0.0,36779.7,0.0,37275
2135,0.0,19388.31,0.0,0.0,2572.72,1659.24,11914.72,0.0,0.0,0.0,36779.7,0.0,35535
2136,0.0,19388.31,0.0,0.0,0.0,1659.24,12644.0,0.0,0.0,520.56,37258.61,0.0,33171
2137,0.0,19388.31,0.0,0.0,0.0,1659.24,12644.0,0.0,0.0,1699.56,38822.21,0.0,31992
2138,0.0,19388.31,0.0,0.0,0.0,1659.24,13402.44,0.0,0.0,3514.0,42055.09,0.0,30936
2139,0.0,19388.31,0.0,0.0,0.0,1659.24,13402.44,0.0,0.0,3676.0,45437.01,0.0,30774
2140,0.0,19388.31,0.0,0.0,0.0,1659.24,13402.44,0.0,0.0,3286.0,48460.13,0.0,31164
2141,0.0,19388.31,0.0,0.0,0.0,1659.24,13402.44,0.0,0.0,1927.0,50232.96,0.0,32523
2142,0.0,19388.31,0.0,0.0,852.0,1659.24,13402.44,0.0,0.0,0.0,50232.96,0.0,35302
2143,0.0,19388.31,0.0,0.0,0.0,1659.24,12644.0,534.06,3409.38,0.0,46527.11,0.0,37635
2144,0.0,19388.31,0.0,0.0,1718.85,1659.24,10541.38,5159.21,0.0,0.0,46527.11,0.0,38467
2145,0.0,19388.31,0.0,0.0,0.0,1659.24,7578.43,14223.18,0.0,5180.17,51292.87,0.0,37669
2146,0.0,19388.31,0.0,0.0,0.0,1659.24,4828.13,18806.8,0.0,8286.49,58916.43,0.0,36396
2147,0.0,19388.31,0.0,0.0,0.0,1659.24,3123.37,23712.83,0.0,11400.76,69405.14,0.0,36483
2148,0.0,19388.31,0.0,0.0,0.0,1659.24,2573.58,21631.47,0.0,9032.6,77715.13,0.0,36220
2149,0.0,19388.31,0.0,0.0,459.93,1659.24,1876.14,12917.37,0.0,0.0,77715.13,0.0,36301
2150,0.0,19388.31,0.0,0.0,0.0,1659.24,0.0,1101.86,13828.59,0.0,62684.06,0.0,35978
2151,0.0,19388.31,0.0,0.0,7654.77,1659.24,0.0,6756.67,0.0,0.0,62684.06,0.0,35459
2152,0.0,19388.31,0.0,0.0,3927.74,1659.24,0.0,4057.04,7354.66,0.0,54689.86,0.0,36387
2153,0.0,19388.31,0.0,0.0,12268.75,1659.24,0.0,4031.69,0.0,0.0,54689.86,0.0,37348
2154,0.0,19388.31,0.0,0.0,4691.82,1659.24,0.0,4496.07,7454.55,0.0,46587.09,0.0,37690
2155,0.0,19388.31,0.0,0.0,13032.82,1659.24,0.0,246.7,4312.92,0.0,41899.13,0.0,38640
2156,0.0,19388.31,0.0,0.0,12705.1,1659.24,0.0,0.0,4963.34,0.0,36504.2,0.0,38716
2157,0.0,19388.31,0.0,0.0,4364.1,1659.24,1159.73,0.0,10830.62,0.0,24731.79,0.0,37402
2158,0.0,19388.31,0.0,0.0,12705.1,1659.24,1489.34,0.0,0.0,0.0,24731.79,0.0,35242
2159,0.0,19388.31,0.0,0.0,10332.3,1659.24,1876.14,0.0,0.0,0.0,24731.79,0.0,33256
2160,0.0,19388.31,0.0,0.0,8479.74,1659.24,2324.71,0.0,0.0,0.0,24731.79,0.0,31852
2161,0.0,19388.31,0.0,0.0,6499.96,2757.15,2573.58,0.0,0.0,0.0,24731.79,0.0,31219
2162,0.0,19388.31,0.0,0.0,0.0,2757.15,2092.42,0.0,6442.12,0.0,17729.48,0.0,30680
2163,0.0,19388.31,0.0,0.0,7035.2,2757.15,1489.34,0.0,0.0,0.0,17729.48,0.0,30670
2164,0.0,19388.31,0.0,0.0,7821.81,2757.15,1159.73,0.0,0.0,0.0,17729.48,0.0,31127
2165,0.0,19388.31,0.0,0.0,0.0,2757.15,1317.67,0.0,8907.86,0.0,8047.02,0.0,32371
2166,0.0,19388.31,0.0,0.0,3568.86,2757.15,2092.42,0.0,7403.26,0.0,0.0,0.0,35210
2167,0.0,19388.31,0.0,0.0,11909.87,2757.15,2839.61,853.06,0.0,0.0,0.0,0.0,37748
2168,0.0,19388.31,0.0,0.0,5880.3,2757.15,2839.61,8469.62,0.0,0.0,0.0,0.0,39335
2169,0.0,15387.09,0.0,0.0,0.0,2757.15,2573.58,18231.18,0.0,0.0,0.0,0.0,38949
2170,0.0,10540.01,0.0,0.0,0.0,2757.15,2839.61,22023.23,0.0,0.0,0.0,0.0,38160
2171,0.0,5692.93,0.0,0.0,0.0,2757.15,3642.8,30983.08,0.0,5307.96,4883.33,0.0,37768
2172,0.0,845.86,0.0,0.0,0.0,2757.15,5855.76,28534.78,0.0,739.54,5563.7,0.0,37254
2173,0.0,0.0,0.0,0.0,0.0,0.0,7872.96,29150.04,0.0,0.0,5563.7,0.0,37023
2174,0.0,0.0,0.0,0.0,0.0,2757.15,12649.09,22882.34,0.0,1634.58,7067.52,0.0,36654
2175,0.0,0.0,0.0,0.0,0.0,2757.15,18544.42,8956.31,6502.11,0.0,0.0,0.0,36760
2176,0.0,0.0,0.0,0.0,0.0,2757.15,19959.98,14566.88,0.0,0.0,0.0,0.0,37284
2177,0.0,0.0,0.0,0.0,0.0,2757.15,34115.28,14494.51,0.0,13023.94,11982.02,0.0,38343
2178,0.0,0.0,0.0,0.0,0.0,198.22,38625.05,22.72,0.0,0.0,11982.02,0.0,38846
2179,0.0,0.0,0.0,0.0,0.0,2757.15,44950.51,77.19,0.0,8260.84,19582.0,0.0,39524
2180,0.0,0.0,0.0,0.0,0.0,0.0,39794.0,0.0,0.0,0.0,19582.0,0.0,39794
2181,0.0,0.0,0.0,0.0,0.0,2757.15,44950.51,0.0,0.0,9323.66,28159.76,0.0,38384
2182,0.0,0.0,0.0,0.0,0.0,0.0,36654.0,0.0,0.0,0.0,28159.76,0.0,36654
2183,0.0,0.0,0.0,0.0,0.0,0.0,34910.0,0.0,0.0,0.0,28159.76,0.0,34910
2184,0.0,0.0,0.0,0.0,0.0,2757.15,30634.85,0.0,0.0,0.0,28159.76,0.0,33392
2185,0.0,0.0,0.0,0.0,0.0,0.0,32377.0,0.0,0.0,0.0,28159.76,0.0,32377
2186,0.0,0.0,0.0,0.0,0.0,2757.15,28964.85,0.0,0.0,0.0,28159.76,0.0,31722
2187,0.0,0.0,0.0,0.0,0.0,2757.15,28907.85,0.0,0.0,0.0,28159.76,0.0,31665
2188,0.0,0.0,0.0,0.0,0.0,0.0,31978.0,0.0,0.0,0.0,28159.76,0.0,31978
2189,0.0,0.0,0.0,0.0,0.0,2757.15,44950.51,0.0,0.0,14877.66,41847.21,0.0,32830
2190,0.0,0.0,0.0,0.0,0.0,2757.15,44950.51,0.0,0.0,13858.66,54597.17,0.0,33849
2191,0.0,0.0,0.0,0.0,0.0,2757.15,32023.96,4.89,0.0,0.0,54597.17,0.0,34786
2192,0.0,0.0,0.0,0.0,0.0,0.0,34686.0,0.0,0.0,0.0,54597.17,0.0,34686
2193,0.0,0.0,0.0,0.0,0.0,2757.15,11334.22,27.63,20000.0,0.0,32858.04,0.0,34119
2194,0.0,0.0,0.0,0.0,0.0,0.0,23502.19,9852.81,0.0,0.0,32858.04,0.0,33355
2195,0.0,0.0,0.0,0.0,0.0,0.0,33071.92,13660.49,0.0,13639.41,45406.3,0.0,33093
2196,0.0,0.0,0.0,0.0,0.0,0.0,29562.24,3142.76,0.0,0.0,45406.3,0.0,32705
2197,0.0,0.0,0.0,0.0,0.0,2757.15,44091.88,5361.97,0.0,20000.0,63806.3,0.0,32211
2198,0.0,0.0,0.0,0.0,0.0,0.0,20934.01,11036.99,0.0,0.0,63806.3,0.0,31971
2199,0.0,0.0,0.0,0.0,0.0,2757.15,41842.22,5439.48,0.0,17601.85,80000.0,0.0,32437
2200,0.0,0.0,0.0,0.0,0.0,2757.15,24532.62,6121.23,0.0,0.0,80000.0,0.0,33411
2201,0.0,998.93,0.0,0.0,0.0,2757.15,27403.48,4073.44,0.0,0.0,80000.0,0.0,35233
2202,0.0,144.96,0.0,0.0,0.0,2757.15,27403.48,5804.41,0.0,0.0,80000.0,0.0,36110
2203,0.0,4992.04,0.0,0.0,0.0,2757.15,27403.48,348.09,766.24,0.0,79167.13,0.0,36267
2204,0.0,6798.37,0.0,0.0,0.0,2757.15,27403.48,0.0,0.0,0.0,79167.13,0.0,36959
2205,0.0,5591.37,0.0,0.0,0.0,2757.15,27403.48,0.0,0.0,0.0,79167.13,0.0,35752
2206,0.0,5381.2,0.0,0.0,0.0,2757.15,26176.65,0.0,0.0,0.0,79167.13,0.0,34315
2207,0.0,5091.87,0.0,0.0,0.0,2757.15,24986.99,0.0,0.0,0.0,79167.13,0.0,32836
2208,0.0,6997.52,0.0,0.0,0.0,2757.15,21635.33,0.0,0.0,0.0,79167.13,0.0,31390
2209,0.0,7089.21,0.0,0.0,0.0,2757.15,20588.64,0.0,0.0,0.0,79167.13,0.0,30435
2210,0.0,8626.21,0.0,0.0,0.0,2757.15,18597.64,0.0,0.0,0.0,79167.13,0.0,29981
2211,0.0,11113.35,0.0,0.0,0.0,2757.15,15858.5,0.0,0.0,0.0,79167.13,0.0,29729
2212,0.0,12648.22,0.0,0.0,0.0,2757.15,14190.63,0.0,0.0,0.0,79167.13,0.0,29596
2213,0.0,14632.85,0.0,0.0,0.0,2757.15,12644.0,0.0,0.0,0.0,79167.13,0.0,30034
2214,0.0,15432.85,0.0,0.0,0.0,2757.15,12644.0,0.0,0.0,0.0,79167.13,0.0,30834
2215,0.0,16229.63,0.0,0.0,0.0,2757.15,12644.0,131.22,0.0,0.0,79167.13,0.0,31762
2216,0.0,15414.16,0.0,0.0,0.0,2757.15,13402.44,1042.18,267.07,0.0,78876.84,0.0,32883
2217,0.0,10567.08,0.0,0.0,0.0,2757.15,15858.5,728.52,3905.75,0.0,74631.46,0.0,33817
2218,0.0,5720.0,0.0,0.0,0.0,2757.15,15858.5,13346.64,0.0,3547.29,77894.96,0.0,34135
2219,0.0,4034.9,0.0,0.0,0.0,2757.15,15009.12,12428.84,0.0,0.0,77894.96,0.0,34230
2220,0.0,8673.7,0.0,0.0,0.0,2757.15,12644.0,7798.48,2543.67,0.0,75130.1,0.0,34417
2221,0.0,3826.62,0.0,0.0,0.0,2757.15,10541.38,22469.21,0.0,5293.37,80000.0,0.0,34301
2222,0.0,8673.7,0.0,0.0,0.0,2757.15,8685.83,14313.32,0.0,0.0,80000.0,0.0,34430
2223,0.0,12616.9,0.0,0.0,0.0,2757.15,7578.43,11560.52,0.0,0.0,80000.0,0.0,34513
2224,0.0,17077.77,0.0,0.0,0.0,2757.15,7061.9,8657.17,0.0,0.0,80000.0,0.0,35554
2225,0.0,19388.31,0.0,0.0,0.0,2757.15,6569.4,4115.19,4116.95,0.0,75525.05,0.0,36947
2226,0.0,19388.31,0.0,0.0,0.0,2757.15,6100.34,2482.26,6121.94,0.0,68870.77,0.0,36850
2227,0.0,19388.31,0.0,0.0,2553.57,2757.15,5654.16,158.89,6743.92,0.0,61540.42,0.0,37256
2228,0.0,19388.31,0.0,0.0,0.0,2757.15,6569.4,0.0,8933.14,0.0,51830.49,0.0,37648
2229,0.0,19388.31,0.0,0.0,0.0,2757.15,9277.85,0.0,5013.68,0.0,46380.83,0.0,36437
2230,0.0,19388.31,0.0,0.0,692.81,2757.15,11914.72,0.0,0.0,0.0,46380.83,0.0,34753
2231,0.0,19388.31,0.0,0.0,0.0,2757.15,13402.44,0.0,0.0,2353.91,48546.43,0.0,33194
2232,0.0,19388.31,0.0,0.0,0.0,2757.15,11914.72,0.0,0.0,2275.19,50639.6,0.0,31785
2233,0.0,19388.31,0.0,0.0,0.0,2757.15,10541.38,0.0,0.0,1545.85,52061.78,0.0,31141
2234,0.0,19388.31,0.0,0.0,0.0,2757.15,9277.85,0.0,0.0,720.32,52724.47,0.0,30703
2235,0.0,19388.31,0.0,0.0,0.0,2757.15,9277.85,0.0,0.0,607.32,53283.2,0.0,30816
2236,0.0,19388.31,0.0,0.0,500.7,2757.15,8685.83,0.0,0.0,0.0,53283.2,0.0,31332
2237,0.0,19388.31,0.0,0.0,0.0,2757.15,7061.9,0.0,3483.63,0.0,49496.64,0.0,32691
2238,0.0,19388.31,0.0,0.0,0.0,2757.15,5654.16,0.0,7675.38,0.0,41153.83,0.0,35475
2239,0.0,19388.31,0.0,0.0,0.0,2757.15,4086.75,0.0,11187.79,0.0,28993.2,0.0,37420
2240,0.0,19388.31,0.0,0.0,7389.75,2757.15,2573.58,5260.2,0.0,0.0,28993.2,0.0,37369
2241,0.0,19388.31,0.0,0.0,0.0,2757.15,1489.34,4604.38,8456.81,0.0,19801.01,0.0,36696
2242,0.0,19388.31,0.0,0.0,0.0,2757.15,0.0,10328.17,3733.36,0.0,15743.0,0.0,36207
2243,0.0,19388.31,0.0,0.0,1279.35,2757.15,0.0,12574.19,0.0,0.0,15743.0,0.0,35999
2244,0.0,19388.31,0.0,0.0,2387.75,2757.15,0.0,11629.79,0.0,0.0,15743.0,0.0,36163
2245,0.0,19388.31,0.0,0.0,0.0,2757.15,0.0,17008.5,0.0,3124.96,18617.97,0.0,36029
2246,0.0,19388.31,0.0,0.0,0.0,2757.15,1159.73,8527.73,3945.08,0.0,14329.84,0.0,35778
2247,0.0,19388.31,0.0,0.0,0.0,2757.15,2092.42,5876.15,5125.97,0.0,8758.13,0.0,35240
2248,0.0,19388.31,0.0,0.0,0.0,2757.15,3425.44,4777.62,5341.48,0.0,2952.18,0.0,35690
2249,0.0,19388.31,0.0,0.0,6048.38,2757.15,6569.4,3293.76,0.0,0.0,2952.18,0.0,38057
2250,0.0,19388.31,0.0,0.0,1419.21,2757.15,10541.38,4296.94,0.0,0.0,2952.18,0.0,38403
2251,0.0,19388.31,0.0,0.0,0.0,2757.15,14190.63,339.91,2716.0,0.0,0.0,0.0,39392
2252,0.0,19388.31,0.0,0.0,198.21,2757.15,16739.33,0.0,0.0,0.0,0.0,0.0,39083
2253,0.0,15065.58,0.0,0.0,0.0,2757.15,19576.27,0.0,0.0,0.0,0.0,0.0,37399
2254,0.0,10218.5,0.0,0.0,0.0,2757.15,23833.93,0.0,0.0,1696.58,1560.85,0.0,35113
2255,0.0,5371.42,0.0,0.0,0.0,2757.15,27403.48,0.0,0.0,2460.05,3824.1,0.0,33072
2256,0.0,524.34,0.0,0.0,0.0,2757.15,32694.0,0.0,0.0,4580.49,8038.15,0.0,31395
2257,0.0,0.0,0.0,0.0,0.0,2757.15,34115.28,0.0,0.0,6130.43,13678.15,0.0,30742
2258,0.0,0.0,0.0,0.0,0.0,2757.15,28668.06,0.0,0.0,1149.21,14735.43,0.0,30276
2259,0.0,0.0,0.0,0.0,0.0,2757.15,31312.75,0.0,0.0,3715.9,18154.05,0.0,30354
2260,0.0,0.0,0.0,0.0,0.0,2757.15,44950.51,0.0,0.0,16880.66,33684.26,0.0,30827
2261,0.0,0.0,0.0,0.0,0.0,2757.15,44950.51,0.0,0.0,15756.66,48180.38,0.0,31951
2262,0.0,0.0,0.0,0.0,0.0,2757.15,44950.51,0.0,0.0,13078.66,60212.74,0.0,34629
2263,0.0,0.0,0.0,0.0,0.0,2757.15,44950.51,53.9,0.0,10878.55,70221.01,0.0,36883
2264,0.0,0.0,0.0,0.0,0.0,2757.15,34115.28,1101.11,0.0,338.54,70532.47,0.0,37635
2265,0.0,4847.08,0.0,0.0,0.0,2757.15,21635.33,3867.41,4181.03,0.0,65987.87,0.0,37288
2266,0.0,8439.63,0.0,0.0,0.0,2757.15,18597.64,6534.58,0.0,0.0,65987.87,0.0,36329
2267,0.0,10451.67,0.0,0.0,0.0,2757.15,15858.5,6287.69,0.0,0.0,65987.87,0.0,35355
2268,0.0,5604.59,0.0,0.0,0.0,2757.15,14190.63,9946.43,1892.2,0.0,63931.12,0.0,34391
2269,0.0,4325.25,0.0,0.0,0.0,2757.15,11214.04,15038.56,0.0,0.0,63931.12,0.0,33335
2270,0.0,0.0,0.0,0.0,0.0,2757.15,9277.85,25416.25,0.0,4280.25,67868.95,0.0,33171
2271,0.0,0.0,0.0,0.0,0.0,2757.15,8119.55,26375.27,0.0,3951.97,71504.76,0.0,33300
2272,0.0,2424.65,0.0,0.0,0.0,2757.15,7578.43,18619.54,3177.23,0.0,68051.25,0.0,34557
2273,0.0,7271.73,0.0,0.0,0.0,2757.15,8119.55,17675.57,0.0,0.0,68051.25,0.0,35824
2274,0.0,12118.81,0.0,0.0,0.0,2757.15,7578.43,6443.01,7336.6,0.0,60076.68,0.0,36234
2275,0.0,16965.88,0.0,0.0,0.0,2757.15,4828.13,438.63,12262.2,0.0,46748.2,0.0,37252
2276,0.0,14541.24,0.0,0.0,0.0,2757.15,5230.28,0.0,14660.34,0.0,30813.05,0.0,37189
2277,0.0,19388.31,0.0,0.0,0.0,2757.15,8685.83,0.0,5199.7,0.0,25161.2,0.0,36031
2278,0.0,19388.31,0.0,0.0,0.0,2757.15,9896.18,0.0,1473.36,0.0,23559.72,0.0,33515
2279,0.0,14541.24,0.0,0.0,0.0,2757.15,8685.83,0.0,5186.78,0.0,17921.92,0.0,31171
2280,0.0,9694.16,0.0,0.0,0.0,2757.15,10541.38,0.0,6817.31,0.0,10511.8,0.0,29810
2281,0.0,7988.15,0.0,0.0,0.0,2757.15,13402.44,0.0,4696.26,0.0,5407.17,0.0,28844
2282,0.0,3141.07,0.0,0.0,0.0,2757.15,17652.19,0.0,4974.59,0.0,0.0,0.0,28525
2283,0.0,3198.95,0.0,0.0,0.0,2757.15,22716.9,0.0,0.0,0.0,0.0,0.0,28673
2284,0.0,0.0,0.0,0.0,0.0,562.94,28668.06,0.0,0.0,0.0,0.0,0.0,29231
2285,0.0,0.0,0.0,0.0,0.0,2757.15,31712.4,0.0,0.0,3632.55,3341.95,0.0,30837
2286,0.0,0.0,0.0,0.0,0.0,2757.15,41842.22,0.0,0.0,10969.37,13433.77,0.0,33630
2287,0.0,0.0,0.0,0.0,0.0,2757.15,44950.51,1428.6,0.0,14032.26,26343.45,0.0,35104
2288,0.0,0.0,0.0,0.0,0.0,2757.15,40067.51,9299.53,0.0,16792.18,41792.26,0.0,35332
2289,0.0,0.0,0.0,0.0,0.0,0.0,34856.09,182.91,0.0,0.0,41792.26,0.0,35039
2290,0.0,0.0,0.0,0.0,0.0,2757.15,40513.38,11231.47,0.0,20000.0,60192.26,0.0,34502
2291,0.0,0.0,0.0,0.0,0.0,0.0,33795.07,90.93,0.0,0.0,60192.26,0.0,33886
2292,0.0,0.0,0.0,0.0,0.0,0.0,20821.1,12545.9,0.0,0.0,60192.26,0.0,33367
2293,0.0,0.0,0.0,0.0,0.0,2757.15,13529.22,19099.79,0.0,1530.16,61600.0,0.0,33856
2294,0.0,0.0,0.0,0.0,0.0,756.33,40067.51,13431.17,0.0,20000.0,80000.0,0.0,34255
2295,0.0,0.0,0.0,0.0,0.0,0.0,18983.94,15536.06,0.0,0.0,80000.0,0.0,34520
2296,0.0,0.0,0.0,0.0,0.0,2757.15,17840.43,15355.42,0.0,0.0,80000.0,0.0,35953
2297,0.0,0.0,0.0,0.0,0.0,0.0,35577.17,1897.83,0.0,0.0,80000.0,0.0,37475
2298,0.0,4563.28,0.0,0.0,0.0,2757.15,26176.65,3627.93,0.0,0.0,80000.0,0.0,37125
2299,0.0,0.0,0.0,0.0,0.0,2757.15,19576.27,332.1,14809.48,0.0,63902.74,0.0,37475
2300,0.0,4847.08,0.0,0.0,0.0,2757.15,15858.5,0.0,14155.28,0.0,48516.57,0.0,37618
2301,0.0,6448.09,0.0,0.0,0.0,2757.15,12644.0,0.0,14370.76,0.0,32896.17,0.0,36220
2302,0.0,11295.17,0.0,0.0,0.0,2757.15,11214.04,0.0,8986.64,0.0,23128.08,0.0,34253
2303,0.0,6448.09,0.0,0.0,0.0,2757.15,11914.72,0.0,10835.04,0.0,11350.86,0.0,31955
2304,0.0,1601.01,0.0,0.0,0.0,2757.15,15858.5,0.0,10271.35,0.0,186.35,0.0,30488
2305,0.0,4847.08,0.0,0.0,0.0,2757.15,21635.33,0.0,171.45,0.0,0.0,0.0,29411
2306,0.0,0.0,0.0,0.0,0.0,997.52,27403.48,0.0,0.0,0.0,0.0,0.0,28401
2307,0.0,0.0,0.0,0.0,0.0,2757.15,32694.0,0.0,0.0,7251.15,6671.06,0.0,28200
2308,0.0,0.0,0.0,0.0,0.0,2757.15,37080.24,0.0,0.0,11146.39,16925.73,0.0,28691
2309,0.0,0.0,0.0,0.0,0.0,2757.15,27398.85,0.0,0.0,0.0,16925.73,0.0,30156
2310,0.0,0.0,0.0,0.0,0.0,2757.15,41842.22,0.0,0.0,11896.37,27870.39,0.0,32703
2311,0.0,0.0,0.0,0.0,0.0,2757.15,31034.34,1102.51,0.0,0.0,27870.39,0.0,34894
2312,0.0,0.0,0.0,0.0,0.0,2757.15,38625.05,7657.68,0.0,12950.88,39785.21,0.0,36089
2313,0.0,0.0,0.0,0.0,0.0,2757.15,18839.64,14457.21,0.0,0.0,39785.21,0.0,36054
2314,0.0,0.0,0.0,0.0,0.0,2757.15,28668.06,16945.07,0.0,13107.28,51843.91,0.0,35263
2315,0.0,0.0,0.0,0.0,0.0,2757.15,24986.99,22875.28,0.0,15845.41,66421.68,0.0,34774
2316,0.0,0.0,0.0,0.0,0.0,2757.15,4798.73,27021.72,0.0,174.6,66582.31,0.0,34403
2317,0.0,0.0,0.0,0.0,0.0,2757.15,2985.94,28569.91,0.0,0.0,66582.31,0.0,34313
2318,0.0,0.0,0.0,0.0,0.0,2757.15,15858.5,29995.8,0.0,14584.44,80000.0,0.0,34027
2319,0.0,2967.54,0.0,0.0,0.0,2757.15,14190.63,14538.69,0.0,0.0,80000.0,0.0,34454
2320,0.0,7814.62,0.0,0.0,0.0,2757.15,12644.0,5517.66,6730.58,0.0,72684.16,0.0,35464
2321,0.0,12661.7,0.0,0.0,0.0,2757.15,11914.72,3369.04,6546.39,0.0,65568.52,0.0,37249
2322,0.0,17508.78,0.0,0.0,0.0,2757.15,12644.0,312.54,3666.53,0.0,61583.15,0.0,36889
2323,0.0,19388.31,0.0,0.0,0.0,2757.15,14190.63,0.0,818.91,0.0,60693.03,0.0,37155
2324,0.0,19388.31,0.0,0.0,0.0,2757.15,15009.12,0.0,339.42,0.0,60324.1,0.0,37494
2325,0.0,19388.31,0.0,0.0,0.0,2757.15,15858.5,0.0,0.0,1743.96,61928.55,0.0,36260
2326,0.0,19388.31,0.0,0.0,0.0,2757.15,16739.33,0.0,0.0,4585.79,66147.47,0.0,34299
2327,0.0,14541.24,0.0,0.0,0.0,2757.15,16739.33,0.0,0.0,1754.71,67761.81,0.0,32283
2328,0.0,13960.27,0.0,0.0,0.0,2757.15,15858.5,0.0,0.0,1695.91,69322.05,0.0,30880
2329,0.0,18807.34,0.0,0.0,0.0,2757.15,14190.63,0.0,0.0,5890.12,74740.96,0.0,29865
2330,0.0,13960.27,0.0,0.0,0.0,2757.15,13402.44,0.0,0.0,826.86,75501.67,0.0,29293
2331,0.0,18807.34,0.0,0.0,0.0,2757.15,12644.0,0.0,0.0,4889.49,80000.0,0.0,29319
2332,0.0,15619.81,0.0,0.0,0.0,2757.15,11214.04,0.0,0.0,0.0,80000.0,0.0,29591
2333,0.0,19051.0,0.0,0.0,0.0,2757.15,9277.85,0.0,0.0,0.0,80000.0,0.0,31086
2334,0.0,19388.31,0.0,0.0,0.0,2757.15,8685.83,0.0,2863.7,0.0,76887.28,0.0,33695
2335,0.0,19388.31,0.0,0.0,0.0,2757.15,7578.43,1065.4,4976.71,0.0,71477.81,0.0,35766
2336,0.0,19388.31,0.0,0.0,3438.19,2757.15,6569.4,1373.71,3116.24,0.0,68090.6,0.0,36643
2337,0.0,19388.31,0.0,0.0,0.0,2757.15,5654.16,3189.15,5411.23,0.0,62208.82,0.0,36400
2338,0.0,19388.31,0.0,0.0,0.0,2757.15,3746.37,6406.41,3739.75,0.0,58143.87,0.0,36038
2339,0.0,19388.31,0.0,0.0,1034.79,2757.15,2324.71,9922.04,0.0,0.0,58143.87,0.0,35427
2340,0.0,19388.31,0.0,0.0,0.0,2757.15,1489.34,7459.75,3891.44,0.0,53914.05,0.0,34986
2341,0.0,19388.31,0.0,0.0,2398.58,2757.15,1317.67,8781.28,0.0,0.0,53914.05,0.0,34643
2342,0.0,19388.31,0.0,0.0,2874.13,2757.15,1489.34,7437.07,0.0,0.0,53914.05,0.0,33946
2343,0.0,19388.31,0.0,0.0,3548.67,2757.15,1317.67,6477.2,0.0,0.0,53914.05,0.0,33489
2344,0.0,19388.31,0.0,0.0,0.0,2757.15,1489.34,5332.45,5137.75,0.0,48329.53,0.0,34105
2345,0.0,19388.31,0.0,0.0,0.0,2757.15,1675.31,5058.79,6332.44,0.0,41446.45,0.0,35212
2346,0.0,19388.31,0.0,0.0,4484.95,2757.15,2092.42,7348.17,0.0,0.0,41446.45,0.0,36071
2347,0.0,19388.31,0.0,0.0,11565.48,2757.15,2573.58,544.48,0.0,0.0,41446.45,0.0,36829
2348,0.0,19388.31,0.0,0.0,8341.01,2757.15,3123.37,0.0,3515.16,0.0,37625.63,0.0,37125
2349,0.0,19388.31,0.0,0.0,0.0,2757.15,3123.37,0.0,11081.16,0.0,25580.88,0.0,36350
2350,0.0,19388.31,0.0,0.0,8341.01,2757.15,2573.58,0.0,1672.95,0.0,23762.46,0.0,34733
2351,0.0,19388.31,0.0,0.0,8336.12,2757.15,2092.42,0.0,0.0,0.0,23762.46,0.0,32574
2352,0.0,19388.31,0.0,0.0,0.0,2757.15,2092.42,0.0,6693.12,0.0,16487.33,0.0,30931
2353,0.0,19388.31,0.0,0.0,5620.4,2757.15,1876.14,0.0,0.0,0.0,16487.33,0.0,29642
2354,0.0,19388.31,0.0,0.0,5484.23,2757.15,1675.31,0.0,0.0,0.0,16487.33,0.0,29305
2355,0.0,19388.31,0.0,0.0,0.0,2757.15,1159.73,0.0,6140.81,0.0,9812.54,0.0,29446
2356,0.0,19388.31,0.0,0.0,7122.54,2757.15,0.0,0.0,0.0,0.0,9812.54,0.0,29268
2357,0.0,19388.31,0.0,0.0,7885.54,2757.15,0.0,0.0,0.0,0.0,9812.54,0.0,30031
2358,0.0,19388.31,0.0,0.0,0.0,2757.15,0.0,0.0,9027.54,0.0,0.0,0.0,31173
2359,0.0,19388.31,0.0,0.0,7096.83,2757.15,1159.73,1811.97,0.0,0.0,0.0,0.0,32214
2360,0.0,17577.58,0.0,0.0,0.0,2757.15,2092.42,11061.86,0.0,0.0,0.0,0.0,33489
2361,0.0,19388.31,0.0,0.0,0.0,2757.15,3123.37,21609.53,0.0,12568.37,11562.9,0.0,34310
2362,0.0,14541.24,0.0,0.0,0.0,2757.15,4086.75,29327.91,0.0,16672.05,26901.18,0.0,34041
2363,0.0,10024.95,0.0,0.0,0.0,2757.15,4828.13,34360.03,0.0,18259.25,43699.7,0.0,33711
2364,0.0,5177.87,0.0,0.0,0.0,2757.15,4447.15,37253.14,0.0,15883.3,58312.34,0.0,33752
2365,0.0,9694.16,0.0,0.0,0.0,2757.15,3311.31,37768.39,0.0,20000.0,76712.34,0.0,33531
2366,0.0,14541.24,0.0,0.0,0.0,2757.15,1489.34,17649.82,0.0,3573.55,80000.0,0.0,32864
2367,0.0,19388.31,0.0,0.0,548.64,2757.15,0.0,9886.62,927.27,0.0,78992.09,0.0,33508
2368,0.0,19388.31,0.0,0.0,0.0,2757.15,0.0,5600.53,6611.01,0.0,71806.21,0.0,34357
2369,0.0,19388.31,0.0,0.0,0.0,2757.15,0.0,3949.19,9078.35,0.0,61938.44,0.0,35173
2370,0.0,19388.31,0.0,0.0,8341.01,2757.15,0.0,1932.62,3055.91,0.0,58616.8,0.0,35475
2371,0.0,19388.31,0.0,0.0,2961.53,2757.15,0.0,204.93,10941.07,0.0,46724.33,0.0,36253
2372,0.0,19388.31,0.0,0.0,11302.54,2757.15,0.0,0.0,2500.0,0.0,44006.94,0.0,35948
2373,0.0,19388.31,0.0,0.0,2961.53,2757.15,0.0,0.0,9949.01,0.0,33192.8,0.0,35056
2374,0.0,19388.31,0.0,0.0,11302.54,2757.15,0.0,0.0,0.0,0.0,33192.8,0.0,33448
2375,0.0,19388.31,0.0,0.0,8341.01,2757.15,0.0,0.0,1376.53,0.0,31696.57,0.0,31863
2376,0.0,19388.31,0.0,0.0,0.0,2757.15,0.0,0.0,8278.54,0.0,22698.16,0.0,30424
2377,0.0,19388.31,0.0,0.0,7085.54,2757.15,0.0,0.0,0.0,0.0,22698.16,0.0,29231
2378,0.0,19388.31,0.0,0.0,6527.54,2757.15,0.0,0.0,0.0,0.0,22698.16,0.0,28673
2379,0.0,19388.31,0.0,0.0,0.0,2757.15,0.0,0.0,6361.54,0.0,15783.45,0.0,28507
2380,0.0,19388.31,0.0,0.0,6575.54,2757.15,0.0,0.0,0.0,0.0,15783.45,0.0,28721
2381,0.0,19388.31,0.0,0.0,0.0,2757.15,0.0,0.0,6850.54,0.0,8337.21,0.0,28996
2382,0.0,19388.31,0.0,0.0,7295.54,2757.15,0.0,0.0,0.0,0.0,8337.21,0.0,29441
2383,0.0,19388.31,0.0,0.0,0.0,2757.15,0.0,901.3,7670.23,0.0,0.0,0.0,30717
2384,0.0,19388.31,0.0,0.0,6667.16,2757.15,0.0,3025.38,0.0,0.0,0.0,0.0,31838
2385,0.0,19388.31,0.0,0.0,2011.49,2757.15,0.0,8564.05,0.0,0.0,0.0,0.0,32721
2386,0.0,15690.8,0.0,0.0,0.0,2757.15,1489.34,12779.72,0.0,0.0,0.0,0.0,32717
2387,0.0,10843.72,0.0,0.0,0.0,2757.15,2324.71,20641.85,0.0,3800.42,3496.39,0.0,32767
2388,0.0,5996.64,0.0,0.0,0.0,2757.15,3123.37,36608.35,0.0,16170.51,18373.25,0.0,32315
2389,0.0,1149.56,0.0,0.0,0.0,2757.15,3425.44,36313.91,0.0,11550.05,28999.3,0.0,32096
2390,0.0,0.0,0.0,0.0,0.0,2757.15,3425.44,36591.11,0.0,11397.69,39485.18,0.0,31376
2391,0.0,0.0,0.0,0.0,0.0,2757.15,4086.75,34634.82,0.0,10245.71,48911.23,0.0,31233
2392,0.0,0.0,0.0,0.0,0.0,2757.15,5654.16,27967.67,0.0,4462.98,53017.17,0.0,31916
2393,0.0,4847.08,0.0,0.0,0.0,2757.15,7578.43,17693.82,405.52,0.0,52576.39,0.0,33282
2394,0.0,9694.16,0.0,0.0,0.0,2757.15,9277.85,5617.03,6523.81,0.0,45485.29,0.0,33870
2395,0.0,14541.24,0.0,0.0,0.0,2757.15,10541.38,669.35,5964.88,0.0,39001.72,0.0,34474
2396,0.0,19388.31,0.0,0.0,0.0,2757.15,11914.72,0.0,1712.81,0.0,37139.96,0.0,35773
2397,0.0,19388.31,0.0,0.0,0.0,2757.15,10541.38,0.0,2350.15,0.0,34585.45,0.0,35037
2398,0.0,14541.24,0.0,0.0,0.0,2757.15,10541.38,0.0,5352.23,0.0,28767.81,0.0,33192
2399,0.0,16230.85,0.0,0.0,0.0,2757.15,12644.0,0.0,0.0,0.0,28767.81,0.0,31632
2400,0.0,11383.77,0.0,0.0,0.0,2757.15,14190.63,0.0,1612.45,0.0,27015.14,0.0,29944
2401,0.0,14041.85,0.0,0.0,0.0,2757.15,12644.0,0.0,0.0,0.0,27015.14,0.0,29443
2402,0.0,13144.0,0.0,0.0,0.0,2757.15,11914.72,0.0,894.13,0.0,26043.27,0.0,28710
2403,0.0,13416.85,0.0,0.0,0.0,2757.15,12644.0,0.0,0.0,0.0,26043.27,0.0,28818
2404,0.0,8569.77,0.0,0.0,0.0,2757.15,15858.5,0.0,1967.58,0.0,23904.59,0.0,29153
2405,0.0,10011.66,0.0,0.0,0.0,2757.15,17652.19,0.0,0.0,0.0,23904.59,0.0,30421
2406,0.0,12722.66,0.0,0.0,0.0,2757.15,17652.19,0.0,0.0,0.0,23904.59,0.0,33132
2407,0.0,13915.19,0.0,0.0,0.0,2757.15,16739.33,1510.34,0.0,0.0,23904.59,0.0,34922
2408,0.0,9068.11,0.0,0.0,0.0,2757.15,16739.33,3051.98,4089.43,0.0,19459.55,0.0,35706
2409,0.0,7666.84,0.0,0.0,0.0,2757.15,15858.5,2651.46,6740.06,0.0,12133.4,0.0,35674
2410,0.0,2819.76,0.0,0.0,0.0,2757.15,17652.19,6748.4,5078.51,0.0,6613.28,0.0,35056
2411,0.0,4935.97,0.0,0.0,0.0,2757.15,21635.33,4918.19,762.36,0.0,5784.63,0.0,35009
2412,0.0,88.89,0.0,0.0,0.0,2757.15,24986.99,5976.97,0.0,0.0,5784.63,0.0,33810
2413,0.0,0.0,0.0,0.0,0.0,2757.15,28668.06,5905.96,0.0,4444.17,9873.26,0.0,32887
2414,0.0,0.0,0.0,0.0,0.0,2757.15,37080.24,6509.01,0.0,13941.39,22699.35,0.0,32405
2415,0.0,0.0,0.0,0.0,0.0,2757.15,44950.51,3947.81,0.0,18463.47,39685.74,0.0,33192
2416,0.0,0.0,0.0,0.0,0.0,2757.15,40212.19,4448.98,0.0,12079.32,50798.71,0.0,35339
2417,0.0,0.0,0.0,0.0,0.0,2757.15,32694.0,3127.32,0.0,1995.47,52634.54,0.0,36583
2418,0.0,1224.26,0.0,0.0,0.0,2757.15,32694.0,218.59,0.0,0.0,52634.54,0.0,36894
2419,0.0,0.0,0.0,0.0,0.0,2757.15,34115.28,0.0,1027.57,0.0,51517.62,0.0,37900
2420,0.0,0.0,0.0,0.0,0.0,2757.15,34115.28,0.0,1001.57,0.0,50428.96,0.0,37874
2421,0.0,67.85,0.0,0.0,0.0,2757.15,32694.0,0.0,0.0,0.0,50428.96,0.0,35519
2422,0.0,1976.79,0.0,0.0,0.0,2757.15,28668.06,0.0,0.0,0.0,50428.96,0.0,33402
2423,0.0,2253.2,0.0,0.0,0.0,2757.15,26176.65,0.0,0.0,0.0,50428.96,0.0,31187
2424,0.0,4342.95,0.0,0.0,0.0,2757.15,22716.9,0.0,0.0,0.0,50428.96,0.0,29817
2425,0.0,0.0,0.0,0.0,0.0,2757.15,18597.64,0.0,7645.21,0.0,42118.95,0.0,29000
2426,0.0,0.0,0.0,0.0,0.0,2757.15,17652.19,0.0,8219.66,0.0,33184.54,0.0,28629
2427,0.0,0.0,0.0,0.0,0.0,2757.15,17652.19,0.0,8323.66,0.0,24137.08,0.0,28733
2428,0.0,0.0,0.0,0.0,0.0,2757.15,17652.19,0.0,8703.66,0.0,14676.57,0.0,29113
2429,0.0,0.0,0.0,0.0,0.0,2757.15,19576.27,0.0,8147.58,0.0,5820.51,0.0,30481
2430,0.0,0.0,0.0,0.0,0.0,2757.15,24986.99,0.0,5354.87,0.0,0.0,0.0,33099
2431,0.0,0.0,0.0,0.0,0.0,2757.15,37080.24,2130.1,0.0,6598.49,6070.61,0.0,35369
2432,0.0,0.0,0.0,0.0,0.0,2757.15,41607.59,10714.26,0.0,20000.0,24470.61,0.0,35079
2433,0.0,0.0,0.0,0.0,0.0,0.0,32564.32,20629.68,0.0,20000.0,42870.61,0.0,33194
2434,0.0,0.0,0.0,0.0,0.0,2757.15,44950.51,4420.34,0.0,20000.0,61270.61,0.0,32128
2435,0.0,0.0,0.0,0.0,0.0,2757.15,112.8,28933.05,0.0,0.0,61270.61,0.0,31803
2436,0.0,0.0,0.0,0.0,0.0,0.0,21300.62,10188.38,0.0,0.0,61270.61,0.0,31489
2437,0.0,0.0,0.0,0.0,0.0,0.0,31088.43,94.57,0.0,0.0,61270.61,0.0,31183
2438,0.0,0.0,0.0,0.0,0.0,2757.15,27625.39,375.46,0.0,0.0,61270.61,0.0,30758
2439,0.0,0.0,0.0,0.0,0.0,2757.15,24831.5,3596.38,0.0,358.03,61600.0,0.0,30827
2440,0.0,2489.84,0.0,0.0,0.0,0.0,33267.39,16529.77,0.0,20000.0,80000.0,0.0,32287
2441,0.0,7336.92,0.0,0.0,0.0,2757.15,6191.78,17533.15,0.0,0.0,80000.0,0.0,33819
2442,0.0,12184.0,0.0,0.0,0.0,0.0,14869.35,7835.65,0.0,0.0,80000.0,0.0,34889
2443,0.0,17031.08,0.0,0.0,0.0,2757.15,13402.44,819.94,1342.38,0.0,78540.89,0.0,35353
2444,0.0,19388.31,0.0,0.0,0.0,2757.15,8119.55,0.0,5309.99,0.0,72769.16,0.0,35575
2445,0.0,19388.31,0.0,0.0,0.0,2757.15,4086.75,0.0,8149.79,0.0,63910.7,0.0,34382
2446,0.0,19388.31,0.0,0.0,0.0,2757.15,3425.44,0.0,6627.1,0.0,56707.33,0.0,32198
2447,0.0,19388.31,0.0,0.0,0.0,2757.15,4086.75,0.0,3655.79,0.0,52733.65,0.0,29888
2448,0.0,19388.31,0.0,0.0,0.0,2757.15,3425.44,0.0,2940.1,0.0,49537.88,0.0,28511
2449,0.0,19388.31,0.0,0.0,0.0,2757.15,2092.42,0.0,3143.12,0.0,46121.45,0.0,27381
2450,0.0,19388.31,0.0,0.0,0.0,2757.15,0.0,0.0,4931.54,0.0,40761.08,0.0,27077
2451,0.0,19388.31,0.0,0.0,0.0,2757.15,0.0,0.0,4548.54,0.0,35817.02,0.0,26694
2452,0.0,19388.31,0.0,0.0,0.0,2757.15,0.0,0.0,5480.54,0.0,29859.92,0.0,27626
2453,0.0,19388.31,0.0,0.0,0.0,2757.15,0.0,0.0,6951.54,0.0,22303.9,0.0,29097
2454,0.0,19388.31,0.0,0.0,0.0,2757.15,0.0,0.0,8898.54,0.0,12631.57,0.0,31044
2455,0.0,19388.31,0.0,0.0,0.0,2757.15,0.0,2235.27,9044.26,0.0,2800.85,0.0,33425
2456,0.0,19388.31,0.0,0.0,0.0,2757.15,0.0,10455.75,2576.78,0.0,0.0,0.0,35178
2457,0.0,14541.24,0.0,0.0,0.0,2757.15,0.0,19789.92,0.0,1553.3,1429.04,0.0,35535
2458,0.0,13144.0,0.0,0.0,0.0,2757.15,0.0,27132.28,0.0,8077.43,8860.27,0.0,34956
2459,0.0,8296.92,0.0,0.0,0.0,2757.15,1159.73,32503.27,0.0,9890.07,17959.14,0.0,34827
2460,0.0,6740.09,0.0,0.0,0.0,2757.15,3123.37,35524.53,0.0,13512.14,30390.31,0.0,34633
2461,0.0,1893.01,0.0,0.0,0.0,2757.15,4828.13,29496.34,0.0,4896.63,34895.21,0.0,34078
2462,0.0,6740.09,0.0,0.0,0.0,2757.15,4447.15,33891.96,0.0,13542.35,47354.17,0.0,34294
2463,0.0,11587.17,0.0,0.0,0.0,2757.15,3746.37,30029.96,0.0,13844.65,60091.25,0.0,34276
2464,0.0,16434.24,0.0,0.0,0.0,2757.15,4086.75,17348.59,0.0,5538.73,65186.88,0.0,35088
2465,0.0,13902.94,0.0,0.0,0.0,2757.15,5230.28,16279.37,0.0,2172.74,67185.8,0.0,35997
2466,0.0,18750.02,0.0,0.0,0.0,2757.15,7061.9,7219.92,0.0,0.0,67185.8,0.0,35789
2467,0.0,19388.31,0.0,0.0,0.0,2757.15,8119.55,910.84,5056.15,0.0,61689.99,0.0,36232
2468,0.0,19388.31,0.0,0.0,0.0,2757.15,8685.83,0.0,5455.7,0.0,55759.87,0.0,36287
2469,0.0,19388.31,0.0,0.0,0.0,2757.15,7578.43,0.0,4836.11,0.0,50503.24,0.0,34560
2470,0.0,19388.31,0.0,0.0,0.0,2757.15,6569.4,0.0,3835.14,0.0,46334.61,0.0,32550
2471,0.0,19388.31,0.0,0.0,0.0,2757.15,6569.4,0.0,1676.14,0.0,44512.72,0.0,30391
2472,0.0,19388.31,0.0,0.0,0.0,2757.15,8119.55,0.0,0.0,1648.01,46028.89,0.0,28617
2473,0.0,15655.0,0.0,0.0,0.0,2757.15,9277.85,0.0,0.0,0.0,46028.89,0.0,27690
2474,0.0,19388.31,0.0,0.0,0.0,2757.15,9896.18,0.0,0.0,5110.64,50730.68,0.0,26931
2475,0.0,15041.02,0.0,0.0,0.0,2757.15,8685.83,0.0,0.0,0.0,50730.68,0.0,26484
2476,0.0,18886.57,0.0,0.0,0.0,2757.15,5230.28,0.0,0.0,0.0,50730.68,0.0,26874
2477,0.0,19388.31,0.0,0.0,0.0,2757.15,1876.14,0.0,4016.4,0.0,46365.03,0.0,28038
2478,0.0,19388.31,0.0,0.0,0.0,2757.15,0.0,0.0,8287.54,0.0,37356.84,0.0,30433
2479,0.0,17203.27,0.0,0.0,0.0,2757.15,0.0,853.04,12022.55,0.0,24288.85,0.0,32836
2480,0.0,12356.19,0.0,0.0,0.0,2757.15,0.0,6449.61,13038.05,0.0,10117.05,0.0,34601
2481,0.0,7509.11,0.0,0.0,0.0,2757.15,0.0,15364.05,9307.69,0.0,0.0,0.0,34938
2482,0.0,2662.03,0.0,0.0,0.0,2757.15,2573.58,26207.24,0.0,0.0,0.0,0.0,34200
2483,0.0,0.0,0.0,0.0,0.0,2757.15,4828.13,31332.54,0.0,5269.82,4848.24,0.0,33648
2484,0.0,0.0,0.0,0.0,0.0,2757.15,5654.16,34275.38,0.0,10214.69,14245.75,0.0,32472
2485,0.0,0.0,0.0,0.0,0.0,2757.15,4828.13,34994.63,0.0,11228.91,24576.35,0.0,31351
2486,0.0,0.0,0.0,0.0,0.0,2757.15,4447.15,30338.08,0.0,6565.38,30616.5,0.0,30977
2487,0.0,0.0,0.0,0.0,0.0,2757.15,5230.28,28152.07,0.0,5120.5,35327.36,0.0,31019
2488,0.0,0.0,0.0,0.0,0.0,2757.15,6343.44,22656.41,0.0,0.0,35327.36,0.0,31757
2489,0.0,0.0,0.0,0.0,0.0,2757.15,1075.03,16160.18,12465.65,0.0,21777.74,0.0,32458
2490,0.0,0.0,0.0,0.0,0.0,2757.15,14190.63,7080.66,8930.56,0.0,12070.61,0.0,32959
2491,0.0,0.0,0.0,0.0,0.0,2757.15,21022.04,940.39,9413.42,0.0,1838.63,0.0,34133
2492,0.0,0.0,0.0,0.0,0.0,1836.81,33052.19,0.0,0.0,0.0,1838.63,0.0,34889
2493,0.0,0.0,0.0,0.0,0.0,2757.15,44950.51,0.0,0.0,13639.66,14387.11,0.0,34068
2494,0.0,0.0,0.0,0.0,0.0,0.0,32633.0,0.0,0.0,0.0,14387.11,0.0,32633
2495,0.0,0.0,0.0,0.0,0.0,2757.15,35577.17,0.0,0.0,7991.32,21739.13,0.0,30343
2496,0.0,0.0,0.0,0.0,0.0,0.0,28419.0,0.0,0.0,0.0,21739.13,0.0,28419
2497,0.0,0.0,0.0,0.0,0.0,0.0,7173.0,0.0,20000.0,0.0,0.0,0.0,27173
2498,0.0,0.0,0.0,0.0,0.0,2757.15,23933.85,0.0,0.0,0.0,0.0,0.0,26691
2499,0.0,0.0,0.0,0.0,0.0,0.0,26569.0,0.0,0.0,0.0,0.0,0.0,26569
2500,0.0,0.0,0.0,0.0,0.0,1690.49,44950.51,0.0,0.0,20000.0,18400.0,0.0,26641
2501,0.0,0.0,0.0,0.0,0.0,2402.49,44950.51,0.0,0.0,20000.0,36800.0,0.0,27353
2502,0.0,0.0,0.0,0.0,0.0,0.0,28304.0,0.0,0.0,0.0,36800.0,0.0,28304
2503,0.0,0.0,0.0,0.0,0.0,0.0,28660.23,35.77,0.0,0.0,36800.0,0.0,28696
2504,0.0,0.0,0.0,0.0,0.0,2757.15,0.0,6134.85,20000.0,0.0,15060.87,0.0,28892
2505,0.0,0.0,0.0,0.0,0.0,0.0,13452.09,15367.91,0.0,0.0,15060.87,0.0,28820
2506,0.0,0.0,0.0,0.0,0.0,0.0,25553.83,14979.61,0.0,11544.45,25681.76,0.0,28989
2507,0.0,0.0,0.0,0.0,0.0,2757.15,0.0,27209.85,0.0,0.0,25681.76,0.0,29967
2508,0.0,0.0,0.0,0.0,0.0,2757.15,13991.15,33333.7,0.0,20000.0,44081.76,0.0,30082
2509,0.0,0.0,0.0,0.0,0.0,0.0,16739.33,33603.67,0.0,20000.0,62481.76,0.0,30343
2510,0.0,0.0,0.0,0.0,0.0,2757.15,14190.63,32646.79,0.0,19041.56,80000.0,0.0,30553
2511,0.0,0.0,0.0,0.0,0.0,0.0,9995.85,20721.15,0.0,0.0,80000.0,0.0,30717
2512,0.0,0.0,0.0,0.0,0.0,0.0,9277.85,22896.15,0.0,0.0,80000.0,0.0,32174
2513,0.0,4847.08,0.0,0.0,0.0,2757.15,8119.55,15268.26,1650.96,0.0,78205.48,0.0,32643
2514,0.0,9694.16,0.0,0.0,0.0,2757.15,7578.43,6812.45,5804.81,0.0,71895.9,0.0,32647
2515,0.0,14541.24,0.0,0.0,0.0,2757.15,7578.43,966.66,6697.52,0.0,64615.99,0.0,32541
2516,0.0,19388.31,0.0,0.0,0.0,2757.15,7061.9,0.0,3751.63,0.0,60538.13,0.0,32959
2517,0.0,19388.31,0.0,0.0,0.0,2757.15,7061.9,0.0,3026.63,0.0,57248.31,0.0,32234
2518,0.0,16192.5,0.0,0.0,0.0,2757.15,7578.43,0.0,4504.92,0.0,52351.65,0.0,31033
2519,0.0,18123.02,0.0,0.0,0.0,2757.15,8685.83,0.0,0.0,0.0,52351.65,0.0,29566
2520,0.0,16569.0,0.0,0.0,0.0,2757.15,9277.85,0.0,0.0,0.0,52351.65,0.0,28604
2521,0.0,15731.0,0.0,0.0,0.0,2757.15,9277.85,0.0,0.0,0.0,52351.65,0.0,27766
2522,0.0,16698.3,0.0,0.0,0.0,2757.15,8119.55,0.0,0.0,0.0,52351.65,0.0,27575
2523,0.0,18448.45,0.0,0.0,0.0,2757.15,6569.4,0.0,0.0,0.0,52351.65,0.0,27775
2524,0.0,19290.7,0.0,0.0,0.0,2757.15,5654.16,0.0,0.0,0.0,52351.65,0.0,27702
2525,0.0,19388.31,0.0,0.0,0.0,2757.15,4447.15,0.0,1628.39,0.0,50581.66,0.0,28221
2526,0.0,14541.24,0.0,0.0,0.0,2757.15,3746.37,0.0,8126.25,0.0,41748.79,0.0,29171
2527,0.0,19388.31,0.0,0.0,0.0,2757.15,3123.37,2379.38,3086.78,0.0,38393.59,0.0,30735
2528,0.0,19388.31,0.0,0.0,0.0,2757.15,2092.42,3472.1,3643.02,0.0,34433.79,0.0,31353
2529,0.0,19388.31,0.0,0.0,0.0,2757.15,1675.31,3700.62,2590.61,0.0,31617.91,0.0,30112
2530,0.0,14541.24,0.0,0.0,0.0,2757.15,2092.42,4970.04,5763.16,0.0,25353.6,0.0,30124
2531,0.0,19061.0,0.0,0.0,0.0,2757.15,2573.58,6152.28,0.0,0.0,25353.6,0.0,30544
2532,0.0,15692.73,0.0,0.0,0.0,2757.15,3746.37,8017.75,0.0,0.0,25353.6,0.0,30214
2533,0.0,16170.53,0.0,0.0,0.0,2757.15,4086.75,7000.57,0.0,0.0,25353.6,0.0,30015
2534,0.0,15234.0,0.0,0.0,0.0,2757.15,4086.75,8122.1,0.0,0.0,25353.6,0.0,30200
2535,0.0,14575.82,0.0,0.0,0.0,2757.15,3746.37,9646.67,0.0,0.0,25353.6,0.0,30726
2536,0.0,17074.82,0.0,0.0,0.0,2757.15,4086.75,7854.28,0.0,0.0,25353.6,0.0,31773
2537,0.0,17212.01,0.0,0.0,0.0,2757.15,5654.16,7660.68,0.0,0.0,25353.6,0.0,33284
2538,0.0,14541.24,0.0,0.0,0.0,2757.15,7061.9,2798.44,6425.27,0.0,18369.61,0.0,33584
2539,0.0,19388.31,0.0,0.0,0.0,2757.15,8685.83,884.56,2050.14,0.0,16141.2,0.0,33766
2540,0.0,19388.31,0.0,0.0,0.0,2757.15,9896.18,0.0,2797.36,0.0,13100.59,0.0,34839
2541,0.0,19388.31,0.0,0.0,0.0,2757.15,10541.38,0.0,1499.15,0.0,11471.08,0.0,34186
2542,0.0,14541.24,0.0,0.0,0.0,2757.15,11214.04,0.0,4187.57,0.0,6919.37,0.0,32700
2543,0.0,16259.13,0.0,0.0,0.0,2757.15,11914.72,0.0,0.0,0.0,6919.37,0.0,30931
2544,0.0,13144.0,0.0,0.0,0.0,2757.15,11914.72,0.0,1491.13,0.0,5298.58,0.0,29307
2545,0.0,8296.92,0.0,0.0,0.0,2757.15,13402.44,0.0,3918.49,0.0,1039.35,0.0,28375
2546,0.0,6048.0,0.0,0.0,0.0,2757.15,18597.64,0.0,956.2,0.0,0.0,0.0,28359
2547,0.0,1200.92,0.0,0.0,0.0,2757.15,23833.93,0.0,0.0,0.0,0.0,0.0,27792
2548,0.0,0.0,0.0,0.0,0.0,902.52,27403.48,0.0,0.0,0.0,0.0,0.0,28306
2549,0.0,0.0,0.0,0.0,0.0,0.0,28915.0,0.0,0.0,0.0,0.0,0.0,28915
2550,0.0,0.0,0.0,0.0,0.0,2757.15,27181.85,0.0,0.0,0.0,0.0,0.0,29939
2551,0.0,0.0,0.0,0.0,0.0,0.0,30606.0,0.0,0.0,0.0,0.0,0.0,30606
2552,0.0,0.0,0.0,0.0,0.0,0.0,38204.39,276.14,0.0,6956.52,6400.0,0.0,31524
2553,0.0,0.0,0.0,0.0,0.0,0.0,31275.0,0.0,0.0,0.0,6400.0,0.0,31275
2554,0.0,0.0,0.0,0.0,0.0,2757.15,28255.25,107.6,0.0,0.0,6400.0,0.0,31120
2555,0.0,0.0,0.0,0.0,0.0,2757.15,44950.51,3678.34,0.0,20000.0,24800.0,0.0,31386
2556,0.0,0.0,0.0,0.0,0.0,0.0,19477.58,11227.42,0.0,0.0,24800.0,0.0,30705
2557,0.0,0.0,0.0,0.0,0.0,2757.15,32898.81,14943.04,0.0,20000.0,43200.0,0.0,30599
2558,0.0,0.0,0.0,0.0,0.0,0.0,32863.63,17340.37,0.0,20000.0,61600.0,0.0,30204
2559,0.0,0.0,0.0,0.0,0.0,0.0,14067.39,15830.61,0.0,0.0,61600.0,0.0,29898
2560,0.0,0.0,0.0,0.0,0.0,2757.15,36982.58,10578.28,0.0,20000.0,80000.0,0.0,30318
2561,0.0,0.0,0.0,0.0,0.0,0.0,23493.91,7776.09,0.0,0.0,80000.0,0.0,31270
2562,0.0,0.0,0.0,0.0,0.0,2757.15,28141.27,1363.58,0.0,0.0,80000.0,0.0,32262
2563,0.0,30.72,0.0,0.0,0.0,2757.15,29970.96,626.17,0.0,0.0,80000.0,0.0,33385
2564,0.0,4877.8,0.0,0.0,0.0,2757.15,19576.27,0.0,7214.78,0.0,72157.85,0.0,34426
2565,0.0,9724.88,0.0,0.0,0.0,2757.15,15858.5,0.0,5999.48,0.0,65636.67,0.0,34340
2566,0.0,14571.95,0.0,0.0,0.0,2757.15,14190.63,0.0,1316.27,0.0,64205.95,0.0,32836
2567,0.0,12571.35,0.0,0.0,0.0,2757.15,15858.5,0.0,0.0,0.0,64205.95,0.0,31187
2568,0.0,10678.52,0.0,0.0,0.0,2757.15,16739.33,0.0,0.0,0.0,64205.95,0.0,30175
2569,0.0,5831.44,0.0,0.0,0.0,2757.15,17652.19,0.0,2898.22,0.0,61055.71,0.0,29139
2570,0.0,10398.35,0.0,0.0,0.0,2757.15,15858.5,0.0,0.0,0.0,61055.71,0.0,29014
2571,0.0,10864.39,0.0,0.0,0.0,2757.15,13402.44,0.0,1826.02,0.0,59070.9,0.0,28850
2572,0.0,15711.47,0.0,0.0,0.0,2757.15,10541.38,0.0,0.0,0.0,59070.9,0.0,29010
2573,0.0,19388.31,0.0,0.0,0.0,2757.15,7578.43,0.0,282.11,0.0,58764.27,0.0,30006
2574,0.0,17991.08,0.0,0.0,0.0,2757.15,8119.55,0.0,3200.22,0.0,55285.76,0.0,32068
2575,0.0,13144.0,0.0,0.0,0.0,2757.15,11214.04,1365.62,5029.19,0.0,49819.26,0.0,33510
2576,0.0,10389.9,0.0,0.0,0.0,2757.15,15858.5,5095.45,0.0,0.0,49819.26,0.0,34101
2577,0.0,7549.35,0.0,0.0,0.0,2757.15,15858.5,7767.01,0.0,0.0,49819.26,0.0,33932
2578,0.0,5700.08,0.0,0.0,0.0,2757.15,12644.0,12120.77,0.0,0.0,49819.26,0.0,33222
2579,0.0,9723.0,0.0,0.0,0.0,2757.15,12644.0,7233.31,1427.54,0.0,48267.58,0.0,33785
2580,0.0,4875.92,0.0,0.0,0.0,2757.15,16739.33,10272.61,0.0,0.0,48267.58,0.0,34645
2581,0.0,28.84,0.0,0.0,0.0,2757.15,21635.33,9410.05,1279.64,0.0,46876.67,0.0,35111
2582,0.0,814.43,0.0,0.0,0.0,2757.15,21635.33,10388.1,0.0,0.0,46876.67,0.0,35595
2583,0.0,3449.84,0.0,0.0,0.0,2757.15,19576.27,9805.52,382.21,0.0,46461.22,0.0,35971
2584,0.0,8296.92,0.0,0.0,0.0,2757.15,18597.64,7435.6,1036.69,0.0,45334.39,0.0,38124
2585,0.0,13144.0,0.0,0.0,0.0,2757.15,16739.33,6088.73,1075.79,0.0,44165.05,0.0,39805
2586,0.0,13144.0,0.0,0.0,0.0,2757.15,16739.33,2561.82,4298.7,0.0,39492.55,0.0,39501
2587,0.0,15903.65,0.0,0.0,0.0,2757.15,19576.27,1175.92,0.0,0.0,39492.55,0.0,39413
2588,0.0,14895.52,0.0,0.0,0.0,2757.15,21635.33,0.0,0.0,0.0,39492.55,0.0,39288
2589,0.0,12173.95,0.0,0.0,0.0,2757.15,22716.9,0.0,0.0,0.0,39492.55,0.0,37648
2590,0.0,8055.59,0.0,0.0,0.0,2757.15,21635.33,0.0,3040.94,0.0,36187.18,0.0,35489
2591,0.0,12902.66,0.0,0.0,0.0,2757.15,17652.19,0.0,0.0,0.0,36187.18,0.0,33312
2592,0.0,14869.22,0.0,0.0,0.0,2757.15,14190.63,0.0,0.0,0.0,36187.18,0.0,31817
2593,0.0,13785.22,0.0,0.0,0.0,2757.15,14190.63,0.0,0.0,0.0,36187.18,0.0,30733
2594,0.0,11752.35,0.0,0.0,0.0,2757.15,15858.5,0.0,0.0,0.0,36187.18,0.0,30368
2595,0.0,10899.52,0.0,0.0,0.0,2757.15,16739.33,0.0,0.0,0.0,36187.18,0.0,30396
2596,0.0,11819.35,0.0,0.0,0.0,2757.15,15858.5,0.0,0.0,0.0,36187.18,0.0,30435
2597,0.0,12495.15,0.0,0.0,0.0,2757.15,15858.5,0.0,597.21,0.0,35538.04,0.0,31708
2598,0.0,17342.22,0.0,0.0,0.0,2757.15,14190.63,0.0,0.0,0.0,35538.04,0.0,34290
2599,0.0,12495.15,0.0,0.0,0.0,2757.15,12644.0,1786.08,6824.63,0.0,28119.96,0.0,36507
2600,0.0,14585.3,0.0,0.0,0.0,2757.15,11914.72,2593.25,6213.58,0.0,21366.08,0.0,38064
2601,0.0,9738.22,0.0,0.0,0.0,2757.15,11914.72,10773.83,3062.07,0.0,18037.73,0.0,38246
2602,0.0,4891.14,0.0,0.0,0.0,2757.15,15009.12,13526.94,1634.65,0.0,16260.94,0.0,37819
2603,0.0,44.06,0.0,0.0,0.0,2757.15,16739.33,16500.89,1546.57,0.0,14579.88,0.0,37588
2604,0.0,0.0,0.0,0.0,0.0,2757.15,19576.27,21186.4,0.0,5755.82,19875.24,0.0,37764
2605,0.0,0.0,0.0,0.0,0.0,2757.15,24986.99,15385.11,0.0,5979.24,25376.14,0.0,37150
2606,0.0,0.0,0.0,0.0,0.0,2684.67,31312.75,22582.58,0.0,20000.0,43776.14,0.0,36580
2607,0.0,0.0,0.0,0.0,0.0,2350.69,34115.28,19641.03,0.0,20000.0,62176.14,0.0,36107
2608,0.0,0.0,0.0,0.0,0.0,2757.15,32694.0,11634.75,0.0,9877.9,71263.81,0.0,37208
2609,0.0,0.0,0.0,0.0,0.0,2757.15,31312.75,9961.02,0.0,6209.92,76976.94,0.0,37821
2610,0.0,1755.95,0.0,0.0,0.0,2757.15,32694.0,4130.83,0.0,3285.93,80000.0,0.0,38052
2611,0.0,6603.03,0.0,0.0,0.0,2757.15,28668.06,890.76,0.0,0.0,80000.0,0.0,38919
2612,0.0,11450.11,0.0,0.0,0.0,2757.15,23833.93,0.0,1064.82,0.0,78842.59,0.0,39106
2613,0.0,15664.26,0.0,0.0,0.0,2757.15,20588.64,0.0,0.0,1258.05,80000.0,0.0,37752
2614,0.0,15158.66,0.0,0.0,0.0,2757.15,17652.19,0.0,0.0,0.0,80000.0,0.0,35568
2615,0.0,16359.22,0.0,0.0,0.0,2757.15,14190.63,0.0,0.0,0.0,80000.0,0.0,33307
2616,0.0,16371.85,0.0,0.0,0.0,2757.15,12644.0,0.0,0.0,0.0,80000.0,0.0,31773
2617,0.0,17068.81,0.0,0.0,0.0,2757.15,11214.04,0.0,0.0,0.0,80000.0,0.0,31040
2618,0.0,16763.81,0.0,0.0,0.0,2757.15,11214.04,0.0,0.0,0.0,80000.0,0.0,30735
2619,0.0,16146.13,0.0,0.0,0.0,2757.15,11914.72,0.0,0.0,0.0,80000.0,0.0,30818
2620,0.0,17144.81,0.0,0.0,0.0,2757.15,11214.04,0.0,0.0,0.0,80000.0,0.0,31116
2621,0.0,18636.81,0.0,0.0,0.0,2757.15,11214.04,0.0,0.0,0.0,80000.0,0.0,32608
2622,0.0,19388.31,0.0,0.0,0.0,2757.15,9896.18,0.0,2873.36,0.0,76876.78,0.0,34915
2623,0.0,19388.31,0.0,0.0,0.0,2757.15,6569.4,1544.18,6399.96,0.0,69920.31,0.0,36659
2624,0.0,19388.31,0.0,0.0,0.0,2757.15,4447.15,2368.8,7904.59,0.0,61328.36,0.0,36866
2625,0.0,19388.31,0.0,0.0,4915.07,2757.15,2573.58,4206.4,1731.48,0.0,59446.31,0.0,35572
2626,0.0,19388.31,0.0,0.0,0.0,2757.15,0.0,5812.97,6635.57,0.0,52233.74,0.0,34594
2627,0.0,19388.31,0.0,0.0,5382.27,2757.15,0.0,6450.27,0.0,0.0,52233.74,0.0,33978
2628,0.0,19388.31,0.0,0.0,0.0,2757.15,0.0,6549.76,4874.77,0.0,46935.07,0.0,33570
2629,0.0,19388.31,0.0,0.0,0.0,2757.15,0.0,5895.46,5121.08,0.0,41368.68,0.0,33162
2630,0.0,19388.31,0.0,0.0,2398.16,2757.15,0.0,8212.38,0.0,0.0,41368.68,0.0,32756
2631,0.0,19388.31,0.0,0.0,2505.99,2757.15,0.0,7928.55,0.0,0.0,41368.68,0.0,32580
2632,0.0,19388.31,0.0,0.0,0.0,2757.15,0.0,5941.54,5369.99,0.0,35531.73,0.0,33457
2633,0.0,19388.31,0.0,0.0,6749.72,2757.15,1159.73,4742.09,0.0,0.0,35531.73,0.0,34797
2634,0.0,19388.31,0.0,0.0,0.0,2757.15,4086.75,4229.25,4926.53,0.0,30176.8,0.0,35388
2635,0.0,19388.31,0.0,0.0,7393.93,2757.15,6569.4,81.21,0.0,0.0,30176.8,0.0,36190
2636,0.0,19388.31,0.0,0.0,0.0,2757.15,7061.9,0.0,8320.63,0.0,21132.64,0.0,37528
2637,0.0,19388.31,0.0,0.0,6335.99,2757.15,8119.55,0.0,0.0,0.0,21132.64,0.0,36601
2638,0.0,19388.31,0.0,0.0,3282.7,2757.15,8685.83,0.0,0.0,0.0,21132.64,0.0,34114
2639,0.0,19388.31,0.0,0.0,1726.99,2757.15,8119.55,0.0,0.0,0.0,21132.64,0.0,31992
2640,0.0,19388.31,0.0,0.0,0.0,2757.15,6569.4,0.0,1865.14,0.0,19105.31,0.0,30580
2641,0.0,19388.31,0.0,0.0,571.14,2757.15,6569.4,0.0,0.0,0.0,19105.31,0.0,29286
2642,0.0,19388.31,0.0,0.0,0.0,2757.15,8685.83,0.0,0.0,1669.3,20641.06,0.0,29162
2643,0.0,19388.31,0.0,0.0,0.0,2757.15,11214.04,0.0,0.0,4082.51,24396.97,0.0,29277
2644,0.0,19388.31,0.0,0.0,0.0,2757.15,11914.72,0.0,0.0,4538.19,28572.1,0.0,29522
2645,0.0,19388.31,0.0,0.0,0.0,2757.15,11214.04,0.0,0.0,2744.51,31097.04,0.0,30615
2646,0.0,19388.31,0.0,0.0,0.0,2757.15,11214.04,0.0,0.0,421.51,31484.83,0.0,32938
2647,0.0,19388.31,0.0,0.0,2557.23,2757.15,10541.38,528.92,0.0,0.0,31484.83,0.0,35773
2648,0.0,19388.31,0.0,0.0,0.0,2757.15,8685.83,2054.9,4058.8,0.0,27073.08,0.0,36945
2649,0.0,19388.31,0.0,0.0,0.0,2757.15,7578.43,2828.02,4187.09,0.0,22521.9,0.0,36739
2650,0.0,19388.31,0.0,0.0,0.0,2757.15,6100.34,4063.75,5428.45,0.0,16621.41,0.0,37738
2651,0.0,19388.31,0.0,0.0,5508.63,2757.15,4828.13,4902.77,0.0,0.0,16621.41,0.0,37385
2652,0.0,19388.31,0.0,0.0,1235.85,2757.15,4086.75,9480.94,0.0,0.0,16621.41,0.0,36949
2653,0.0,19388.31,0.0,0.0,3300.3,2757.15,3123.37,7791.86,0.0,0.0,16621.41,0.0,36361
2654,0.0,19388.31,0.0,0.0,0.0,2757.15,2324.71,5332.59,5769.24,0.0,10350.5,0.0,35572
2655,0.0,19388.31,0.0,0.0,0.0,2757.15,2324.71,13081.71,0.0,2703.88,12838.07,0.0,34848
2656,0.0,19388.31,0.0,0.0,2226.68,2757.15,2839.61,7419.25,0.0,0.0,12838.07,0.0,34631
2657,0.0,19388.31,0.0,0.0,0.0,2757.15,3746.37,1804.2,7234.97,0.0,4973.98,0.0,34931
2658,0.0,19388.31,0.0,0.0,0.0,2757.15,5230.28,2848.2,4576.06,0.0,0.0,0.0,34800
2659,0.0,19388.31,0.0,0.0,4220.13,2757.15,8685.83,811.57,0.0,0.0,0.0,0.0,35863
2660,0.0,19388.31,0.0,0.0,1168.09,2757.15,13402.44,0.0,0.0,0.0,0.0,0.0,36716
2661,0.0,16507.52,0.0,0.0,0.0,2757.15,16739.33,0.0,0.0,0.0,0.0,0.0,36004
2662,0.0,13144.0,0.0,0.0,0.0,2757.15,21635.33,0.0,0.0,3332.48,3065.88,0.0,34204
2663,0.0,17991.08,0.0,0.0,0.0,2757.15,26176.65,0.0,0.0,15082.87,16942.12,0.0,31842
2664,0.0,13144.0,0.0,0.0,0.0,2757.15,24986.99,0.0,0.0,10771.13,26851.57,0.0,30117
2665,0.0,12706.54,0.0,0.0,0.0,2757.15,20588.64,0.0,0.0,6770.33,33080.27,0.0,29282
2666,0.0,17553.61,0.0,0.0,0.0,2757.15,17652.19,0.0,0.0,9248.95,41589.3,0.0,28714
2667,0.0,12706.54,0.0,0.0,0.0,2757.15,17652.19,0.0,0.0,4454.87,45687.78,0.0,28661
2668,0.0,9222.66,0.0,0.0,0.0,2757.15,17652.19,0.0,0.0,0.0,45687.78,0.0,29632
2669,0.0,14069.74,0.0,0.0,0.0,2757.15,20588.64,0.0,0.0,6618.53,51776.83,0.0,30797
2670,0.0,13144.0,0.0,0.0,0.0,2757.15,20588.64,0.0,0.0,3625.79,55112.56,0.0,32864
2671,0.0,14006.23,0.0,0.0,0.0,2757.15,17652.19,630.44,0.0,0.0,55112.56,0.0,35046
2672,0.0,18853.31,0.0,0.0,0.0,2757.15,13402.44,3123.41,0.0,2709.31,57605.13,0.0,35427
2673,0.0,15689.88,0.0,0.0,0.0,2757.15,8685.83,7369.13,0.0,0.0,57605.13,0.0,34502
2674,0.0,16502.14,0.0,0.0,0.0,2757.15,3746.37,10859.34,0.0,0.0,57605.13,0.0,33865
2675,0.0,19388.31,0.0,0.0,0.0,2757.15,1317.67,7450.21,2511.65,0.0,54875.07,0.0,33425
2676,0.0,19388.31,0.0,0.0,0.0,2757.15,0.0,8051.53,2667.01,0.0,51976.15,0.0,32864
2677,0.0,19388.31,0.0,0.0,0.0,2757.15,0.0,7025.02,3179.51,0.0,48520.15,0.0,32350
2678,0.0,19388.31,0.0,0.0,0.0,2757.15,1489.34,6909.87,1424.32,0.0,46971.98,0.0,31969
2679,0.0,19388.31,0.0,0.0,0.0,2757.15,2324.71,4713.06,2854.77,0.0,43868.97,0.0,32038
2680,0.0,19388.31,0.0,0.0,0.0,2757.15,3123.37,2379.3,5321.86,0.0,38084.33,0.0,32970
2681,0.0,19388.31,0.0,0.0,0.0,2757.15,3746.37,3333.11,4878.05,0.0,32782.1,0.0,34103
2682,0.0,19388.31,0.0,0.0,0.0,2757.15,4447.15,799.27,7285.12,0.0,24863.5,0.0,34677
2683,0.0,19388.31,0.0,0.0,0.0,2757.15,5230.28,1404.24,6296.02,0.0,18020.0,0.0,35076
2684,0.0,19388.31,0.0,0.0,0.0,2757.15,5654.16,0.0,8130.38,0.0,9182.63,0.0,35930
2685,0.0,19388.31,0.0,0.0,0.0,2757.15,7061.9,0.0,5513.63,0.0,3189.55,0.0,34721
2686,0.0,19388.31,0.0,0.0,0.0,2757.15,9277.85,0.0,1131.68,0.0,1959.46,0.0,32555
2687,0.0,17915.67,0.0,0.0,0.0,2757.15,9896.18,0.0,0.0,0.0,1959.46,0.0,30569
2688,0.0,15651.47,0.0,0.0,0.0,2757.15,10541.38,0.0,0.0,0.0,1959.46,0.0,28950
2689,0.0,13456.13,0.0,0.0,0.0,2757.15,11914.72,0.0,0.0,0.0,1959.46,0.0,28128
2690,0.0,13144.0,0.0,0.0,0.0,2757.15,14190.63,0.0,0.0,2283.78,4060.53,0.0,27808
2691,0.0,10714.22,0.0,0.0,0.0,2757.15,14190.63,0.0,0.0,0.0,4060.53,0.0,27662
2692,0.0,13144.0,0.0,0.0,0.0,2757.15,12644.0,0.0,0.0,737.15,4738.71,0.0,27808
2693,0.0,14306.81,0.0,0.0,0.0,2757.15,11214.04,0.0,0.0,0.0,4738.71,0.0,28278
2694,0.0,19153.89,0.0,0.0,0.0,2757.15,9277.85,0.0,0.0,2035.89,6611.73,0.0,29153
2695,0.0,14541.24,0.0,0.0,0.0,2757.15,7578.43,3191.44,2191.74,0.0,4229.4,0.0,30260
2696,0.0,9694.16,0.0,0.0,0.0,2757.15,4828.13,11900.18,2692.38,0.0,1302.89,0.0,31872
2697,0.0,4847.08,0.0,0.0,0.0,2757.15,3123.37,20877.74,1198.66,0.0,0.0,0.0,32804
2698,0.0,0.0,0.0,0.0,0.0,2757.15,3746.37,27161.48,0.0,0.0,0.0,0.0,33665
2699,0.0,0.0,0.0,0.0,0.0,2757.15,568.17,30795.68,0.0,0.0,0.0,0.0,34121
2700,0.0,0.0,0.0,0.0,0.0,2757.15,713.64,30747.21,0.0,0.0,0.0,0.0,34218
2701,0.0,0.0,0.0,0.0,0.0,2757.15,7061.9,36124.49,0.0,12922.55,11888.74,0.0,33021
2702,0.0,0.0,0.0,0.0,0.0,2757.15,7578.43,34162.29,0.0,12985.87,23835.74,0.0,31512
2703,0.0,0.0,0.0,0.0,0.0,0.0,7742.29,23306.71,0.0,0.0,23835.74,0.0,31049
2704,0.0,0.0,0.0,0.0,0.0,2757.15,11214.04,17905.81,0.0,0.0,23835.74,0.0,31877
2705,0.0,0.0,0.0,0.0,0.0,2443.94,15009.12,15682.94,0.0,0.0,23835.74,0.0,33136
2706,0.0,0.0,0.0,0.0,0.0,2757.15,21635.33,6952.87,1668.65,0.0,22021.99,0.0,33014
2707,0.0,0.0,0.0,0.0,0.0,0.0,33151.65,19.35,0.0,0.0,22021.99,0.0,33171
2708,0.0,0.0,0.0,0.0,0.0,2757.15,44950.51,0.0,0.0,13978.66,34882.35,0.0,33729
2709,0.0,0.0,0.0,0.0,0.0,2757.15,44950.51,0.0,0.0,14573.66,48290.12,0.0,33134
2710,0.0,0.0,0.0,0.0,0.0,0.0,31360.0,0.0,0.0,0.0,48290.12,0.0,31360
2711,0.0,0.0,0.0,0.0,0.0,2757.15,26708.85,0.0,0.0,0.0,48290.12,0.0,29466
2712,0.0,0.0,0.0,0.0,0.0,2757.15,25423.85,0.0,0.0,0.0,48290.12,0.0,28181
2713,0.0,0.0,0.0,0.0,0.0,0.0,27291.0,0.0,0.0,0.0,48290.12,0.0,27291
2714,0.0,0.0,0.0,0.0,0.0,0.0,27074.0,0.0,0.0,0.0,48290.12,0.0,27074
2715,0.0,0.0,0.0,0.0,0.0,0.0,34429.19,0.0,0.0,7401.19,55099.21,0.0,27028
2716,0.0,0.0,0.0,0.0,0.0,0.0,27051.0,0.0,0.0,0.0,55099.21,0.0,27051
2717,0.0,0.0,0.0,0.0,0.0,0.0,27118.0,0.0,0.0,0.0,55099.21,0.0,27118
2718,0.0,0.0,0.0,0.0,0.0,2757.15,5214.85,0.0,20000.0,0.0,33360.08,0.0,27972
2719,0.0,0.0,0.0,0.0,0.0,2757.15,15009.12,3228.87,7725.86,0.0,24962.41,0.0,28721
2720,0.0,0.0,0.0,0.0,0.0,2757.15,11214.04,11698.27,3651.54,0.0,20993.35,0.0,29321
2721,0.0,0.0,0.0,0.0,0.0,2757.15,11914.72,20481.71,0.0,5892.58,26414.52,0.0,29261
2722,0.0,0.0,0.0,0.0,0.0,2757.15,14190.63,27314.84,0.0,15222.62,40419.33,0.0,29040
2723,0.0,0.0,0.0,0.0,0.0,0.0,1541.54,27325.46,0.0,0.0,40419.33,0.0,28867
2724,0.0,0.0,0.0,0.0,0.0,2757.15,12644.0,25471.4,0.0,12612.55,52022.88,0.0,28260
2725,0.0,0.0,0.0,0.0,0.0,2757.15,1075.03,35074.25,0.0,11160.43,62290.47,0.0,27746
2726,0.0,0.0,0.0,0.0,0.0,0.0,0.0,33136.87,0.0,5580.87,67424.87,0.0,27556
2727,0.0,1731.1,0.0,0.0,0.0,0.0,1007.86,24866.04,0.0,0.0,67424.87,0.0,27605
2728,0.0,6578.18,0.0,0.0,0.0,2757.15,8685.83,24800.46,0.0,13668.62,80000.0,0.0,29153
2729,0.0,11425.26,0.0,0.0,0.0,0.0,2088.1,17129.64,0.0,0.0,80000.0,0.0,30643
2730,0.0,16272.34,0.0,0.0,0.0,2757.15,4447.15,8220.37,0.0,0.0,80000.0,0.0,31697
2731,0.0,19388.31,0.0,0.0,0.0,2757.15,3425.44,1295.98,5483.13,0.0,74040.08,0.0,32350
2732,0.0,19388.31,0.0,0.0,0.0,2757.15,2839.61,0.0,8263.92,0.0,65057.55,0.0,33249
2733,0.0,19388.31,0.0,0.0,0.0,2757.15,2324.71,0.0,8592.83,0.0,55717.52,0.0,33063
2734,0.0,19388.31,0.0,0.0,0.0,2757.15,1876.14,0.0,7274.4,0.0,47810.57,0.0,31296
2735,0.0,19388.31,0.0,0.0,0.0,2757.15,1675.31,0.0,5904.23,0.0,41392.92,0.0,29725
2736,0.0,19388.31,0.0,0.0,0.0,2757.15,1489.34,0.0,4470.2,0.0,36534.01,0.0,28105
2737,0.0,19388.31,0.0,0.0,0.0,2757.15,1489.34,0.0,3102.2,0.0,33162.06,0.0,26737
2738,0.0,19388.31,0.0,0.0,0.0,2757.15,1317.67,0.0,2902.86,0.0,30006.78,0.0,26366
2739,0.0,19388.31,0.0,0.0,0.0,2757.15,1159.73,0.0,3120.81,0.0,26614.6,0.0,26426
2740,0.0,19388.31,0.0,0.0,0.0,2757.15,0.0,0.0,4608.54,0.0,21605.32,0.0,26754
2741,0.0,19388.31,0.0,0.0,0.0,2757.15,0.0,0.0,5904.54,0.0,15187.34,0.0,28050
2742,0.0,19388.31,0.0,0.0,0.0,2757.15,0.0,0.0,8501.54,0.0,5946.54,0.0,30647
2743,0.0,19388.31,0.0,0.0,2519.66,2757.15,0.0,3386.06,5470.82,0.0,0.0,0.0,33522
2744,0.0,19299.19,0.0,0.0,0.0,2757.15,0.0,12839.66,0.0,0.0,0.0,0.0,34896
2745,0.0,19388.31,0.0,0.0,0.0,2757.15,0.0,22159.45,0.0,9391.91,8640.56,0.0,34913
2746,0.0,16740.87,0.0,0.0,0.0,2757.15,0.0,29318.41,0.0,13807.43,21343.39,0.0,35009
2747,0.0,11893.79,0.0,0.0,0.0,2757.15,0.0,34509.59,0.0,13641.53,33893.61,0.0,35519
2748,0.0,7046.72,0.0,0.0,0.0,2757.15,0.0,37318.74,0.0,11229.61,44224.84,0.0,35893
2749,0.0,2199.64,0.0,0.0,0.0,2757.15,0.0,37789.14,0.0,6393.93,50107.26,0.0,36352
2750,0.0,7046.72,0.0,0.0,0.0,2757.15,0.0,36080.92,0.0,9687.78,59020.02,0.0,36197
2751,0.0,11893.79,0.0,0.0,0.0,2757.15,0.0,32182.51,0.0,11226.45,69348.36,0.0,35607
2752,0.0,16740.87,0.0,0.0,0.0,2757.15,1489.34,26364.67,0.0,10845.03,79325.78,0.0,36507
2753,0.0,14541.24,0.0,0.0,0.0,2757.15,2324.71,18266.75,0.0,732.84,80000.0,0.0,37157
2754,0.0,19388.31,0.0,0.0,0.0,2757.15,3123.37,8697.64,2932.52,0.0,76812.47,0.0,36899
2755,0.0,19388.31,0.0,0.0,0.0,2757.15,3425.44,1343.65,9478.45,0.0,66509.81,0.0,36393
2756,0.0,19388.31,0.0,0.0,0.0,2757.15,3746.37,0.0,10285.17,0.0,55330.28,0.0,36177
2757,0.0,19388.31,0.0,0.0,0.0,2757.15,4086.75,0.0,8680.79,0.0,45894.64,0.0,34913
2758,0.0,19388.31,0.0,0.0,2533.1,2757.15,3425.44,0.0,5014.0,0.0,40444.64,0.0,33118
2759,0.0,19388.31,0.0,0.0,0.0,2757.15,2839.61,0.0,5857.92,0.0,34077.33,0.0,30843
2760,0.0,19388.31,0.0,0.0,0.0,2757.15,2573.58,0.0,4317.96,0.0,29383.9,0.0,29037
2761,0.0,19388.31,0.0,0.0,0.0,2757.15,2573.58,0.0,3455.96,0.0,25627.42,0.0,28175
2762,0.0,19388.31,0.0,0.0,0.0,2757.15,2573.58,0.0,3450.96,0.0,21876.38,0.0,28170
2763,0.0,19388.31,0.0,0.0,2813.16,2757.15,3123.37,0.0,0.0,0.0,21876.38,0.0,28082
2764,0.0,19388.31,0.0,0.0,2251.79,2757.15,4086.75,0.0,0.0,0.0,21876.38,0.0,28484
2765,0.0,19388.31,0.0,0.0,0.0,2757.15,3425.44,0.0,3685.1,0.0,17870.84,0.0,29256
2766,0.0,19388.31,0.0,0.0,0.0,2757.15,1675.31,0.0,7908.23,0.0,9274.93,0.0,31729
2767,0.0,19388.31,0.0,0.0,0.0,2757.15,0.0,3537.6,8532.94,0.0,0.0,0.0,34216
2768,0.0,19388.31,0.0,0.0,116.4,2757.15,0.0,12895.14,0.0,0.0,0.0,0.0,35157
2769,0.0,14541.24,0.0,0.0,0.0,2757.15,0.0,22201.51,0.0,4727.89,4349.66,0.0,34772
2770,0.0,9694.16,0.0,0.0,0.0,2757.15,0.0,29287.3,0.0,6662.61,10479.26,0.0,35076
2771,0.0,4847.08,0.0,0.0,0.0,2757.15,0.0,34493.65,0.0,6797.87,16733.3,0.0,35300
2772,0.0,0.0,0.0,0.0,0.0,2757.15,0.0,37232.73,0.0,4569.88,20937.59,0.0,35420
2773,0.0,0.0,0.0,0.0,0.0,2757.15,1317.67,37613.41,0.0,6236.23,26674.92,0.0,35452
2774,0.0,0.0,0.0,0.0,0.0,2757.15,1489.34,35949.22,0.0,4962.71,31240.62,0.0,35233
2775,0.0,4847.08,0.0,0.0,0.0,2757.15,1675.31,32092.35,0.0,5750.88,36531.43,0.0,35621
2776,0.0,9694.16,0.0,0.0,0.0,2757.15,2092.42,26078.91,0.0,3832.63,40057.45,0.0,36790
2777,0.0,14541.24,0.0,0.0,0.0,2757.15,2573.58,17988.58,0.0,461.55,40482.08,0.0,37399
2778,0.0,19388.31,0.0,0.0,0.0,2757.15,3123.37,8565.88,3555.29,0.0,36617.63,0.0,37390
2779,0.0,19388.31,0.0,0.0,0.0,2757.15,4086.75,1321.76,9679.03,0.0,26096.95,0.0,37233
2780,0.0,19388.31,0.0,0.0,0.0,2757.15,5654.16,0.0,9878.38,0.0,15359.58,0.0,37678
2781,0.0,19388.31,0.0,0.0,0.0,2757.15,6569.4,0.0,7662.14,0.0,7031.17,0.0,36377
2782,0.0,19388.31,0.0,0.0,0.0,2757.15,8119.55,0.0,3839.99,0.0,2857.27,0.0,34105
2783,0.0,19388.31,0.0,0.0,0.0,2757.15,8685.83,0.0,994.7,0.0,1776.07,0.0,31826
2784,0.0,19098.02,0.0,0.0,0.0,2757.15,8685.83,0.0,0.0,0.0,1776.07,0.0,30541
2785,0.0,18654.3,0.0,0.0,0.0,2757.15,8119.55,0.0,0.0,0.0,1776.07,0.0,29531
2786,0.0,18469.3,0.0,0.0,0.0,2757.15,8119.55,0.0,0.0,0.0,1776.07,0.0,29346
2787,0.0,16232.47,0.0,0.0,0.0,2757.15,10541.38,0.0,0.0,0.0,1776.07,0.0,29531
2788,0.0,14466.85,0.0,0.0,0.0,2757.15,12644.0,0.0,0.0,0.0,1776.07,0.0,29868
2789,0.0,18984.44,0.0,0.0,0.0,2757.15,14190.63,0.0,0.0,4934.22,6315.55,0.0,30998
2790,0.0,14541.24,0.0,0.0,0.0,2757.15,15009.12,0.0,720.5,0.0,5532.4,0.0,33028
2791,0.0,9694.16,0.0,0.0,0.0,2757.15,17652.19,2078.42,3037.09,0.0,2231.22,0.0,35219
2792,0.0,4847.08,0.0,0.0,0.0,2757.15,21635.33,5142.73,2052.72,0.0,0.0,0.0,36435
2793,0.0,0.0,0.0,0.0,0.0,2757.15,23833.93,19876.17,0.0,10110.24,9301.42,0.0,36357
2794,0.0,0.0,0.0,0.0,0.0,2757.15,24986.99,23771.36,0.0,15205.5,23290.48,0.0,36310
2795,0.0,0.0,0.0,0.0,0.0,0.0,14635.69,22921.09,0.0,1640.78,24800.0,0.0,35916
2796,0.0,0.0,0.0,0.0,0.0,0.0,27121.21,28727.79,0.0,20000.0,43200.0,0.0,35849
2797,0.0,0.0,0.0,0.0,0.0,0.0,4532.47,31212.53,0.0,0.0,43200.0,0.0,35745
2798,0.0,0.0,0.0,0.0,0.0,2757.15,29970.96,22922.89,0.0,20000.0,61600.0,0.0,35651
2799,0.0,0.0,0.0,0.0,0.0,2757.15,24986.99,27587.87,0.0,20000.0,80000.0,0.0,35332
2800,0.0,0.0,0.0,0.0,0.0,0.0,11787.89,24303.11,0.0,0.0,80000.0,0.0,36091
2801,0.0,263.0,0.0,0.0,0.0,2757.15,16739.33,17282.53,0.0,0.0,80000.0,0.0,37042
2802,0.0,5110.07,0.0,0.0,0.0,2757.15,13402.44,5992.92,10228.42,0.0,68882.16,0.0,37491
2803,0.0,9957.15,0.0,0.0,0.0,2757.15,12644.0,1512.04,11596.66,0.0,56277.09,0.0,38467
2804,0.0,14804.23,0.0,0.0,0.0,2757.15,12644.0,0.0,9147.62,0.0,46334.02,0.0,39353
2805,0.0,19388.31,0.0,0.0,0.0,2757.15,12644.0,0.0,3617.54,0.0,42401.92,0.0,38407
2806,0.0,19388.31,0.0,0.0,0.0,2757.15,12644.0,0.0,1481.54,0.0,40791.55,0.0,36271
2807,0.0,15526.12,0.0,0.0,0.0,2757.15,14190.63,0.0,1020.1,0.0,39682.74,0.0,33494
2808,0.0,10679.04,0.0,0.0,0.0,2757.15,17652.19,0.0,714.62,0.0,38905.98,0.0,31803
2809,0.0,5831.96,0.0,0.0,0.0,2757.15,23833.93,0.0,0.0,1093.04,39911.57,0.0,31330
2810,0.0,984.89,0.0,0.0,0.0,2757.15,29970.96,0.0,0.0,3098.0,42761.73,0.0,30615
2811,0.0,0.0,0.0,0.0,0.0,2757.15,34115.28,0.0,0.0,6361.43,48614.25,0.0,30511
2812,0.0,0.0,0.0,0.0,0.0,2757.15,35577.17,0.0,0.0,7364.32,55389.42,0.0,30970
2813,0.0,0.0,0.0,0.0,0.0,2757.15,37080.24,0.0,0.0,7598.39,62379.94,0.0,32239
2814,0.0,3486.95,0.0,0.0,0.0,2757.15,29970.96,211.8,0.0,1924.86,64150.81,0.0,34502
2815,0.0,8334.03,0.0,0.0,0.0,2757.15,16739.33,3619.46,4745.04,0.0,58993.16,0.0,36195
2816,0.0,13181.11,0.0,0.0,0.0,2757.15,7578.43,12186.67,194.65,0.0,58781.59,0.0,35898
2817,0.0,8334.03,0.0,0.0,0.0,2757.15,2573.58,20597.24,0.0,0.0,58781.59,0.0,34262
2818,0.0,3792.38,0.0,0.0,0.0,2757.15,0.0,26789.47,0.0,0.0,58781.59,0.0,33339
2819,0.0,0.0,0.0,0.0,0.0,2757.15,0.0,30901.7,0.0,515.85,59256.17,0.0,33143
2820,0.0,0.0,0.0,0.0,0.0,2757.15,0.0,32998.23,0.0,2921.38,61943.84,0.0,32834
2821,0.0,0.0,0.0,0.0,0.0,2757.15,0.0,33221.57,0.0,3750.72,65394.51,0.0,32228
2822,0.0,0.0,0.0,0.0,0.0,2757.15,0.0,31889.41,0.0,3385.56,68509.22,0.0,31261
2823,0.0,2263.21,0.0,0.0,0.0,2757.15,0.0,28798.85,0.0,2288.2,70614.37,0.0,31531
2824,0.0,7110.28,0.0,0.0,0.0,2757.15,0.0,23836.64,0.0,1442.07,71941.07,0.0,32262
2825,0.0,11957.36,0.0,0.0,0.0,2757.15,1675.31,17039.18,0.0,0.0,71941.07,0.0,33429
2826,0.0,16804.44,0.0,0.0,0.0,2757.15,2092.42,8224.82,4713.17,0.0,66818.06,0.0,34592
2827,0.0,19388.31,0.0,0.0,0.0,2757.15,4828.13,1407.8,7516.61,0.0,58647.83,0.0,35898
2828,0.0,19388.31,0.0,0.0,0.0,2757.15,11914.72,0.0,3006.81,0.0,55379.56,0.0,37067
2829,0.0,16592.66,0.0,0.0,0.0,2757.15,17652.19,0.0,0.0,0.0,55379.56,0.0,37002
2830,0.0,17379.73,0.0,0.0,0.0,2757.15,15009.12,0.0,0.0,0.0,55379.56,0.0,35146
2831,0.0,16425.41,0.0,0.0,0.0,2757.15,13402.44,0.0,0.0,0.0,55379.56,0.0,32585
2832,0.0,16238.13,0.0,0.0,0.0,2757.15,11914.72,0.0,0.0,0.0,55379.56,0.0,30910
2833,0.0,12071.73,0.0,0.0,0.0,2757.15,15009.12,0.0,0.0,0.0,55379.56,0.0,29838
2834,0.0,14541.24,0.0,0.0,0.0,2757.15,13402.44,0.0,0.0,1012.83,56311.36,0.0,29688
2835,0.0,19388.31,0.0,0.0,0.0,2757.15,7061.9,0.0,261.63,0.0,56026.98,0.0,29469
2836,0.0,19388.31,0.0,0.0,0.0,2757.15,6569.4,0.0,1381.14,0.0,54525.74,0.0,30096
2837,0.0,19388.31,0.0,0.0,0.0,2757.15,6569.4,0.0,2731.14,0.0,51557.11,0.0,31446
2838,0.0,19388.31,0.0,0.0,0.0,2757.15,5230.28,231.71,5914.55,0.0,45128.25,0.0,33522
2839,0.0,17991.08,0.0,0.0,0.0,2757.15,4828.13,3334.92,5920.72,0.0,38692.68,0.0,34832
2840,0.0,13144.0,0.0,0.0,0.0,2757.15,4447.15,8734.99,5801.72,0.0,32386.46,0.0,34885
2841,0.0,8296.92,0.0,0.0,0.0,2757.15,3123.37,20764.64,0.0,1577.09,33837.38,0.0,33365
2842,0.0,3449.84,0.0,0.0,0.0,2757.15,3425.44,27311.5,0.0,4492.92,37970.87,0.0,32451
2843,0.0,0.0,0.0,0.0,0.0,2757.15,3746.37,32039.93,0.0,6154.45,43632.97,0.0,32389
2844,0.0,0.0,0.0,0.0,0.0,2757.15,3425.44,34630.35,0.0,8428.94,51387.59,0.0,32384
2845,0.0,0.0,0.0,0.0,0.0,2757.15,2573.58,35248.69,0.0,8638.42,59334.93,0.0,31941
2846,0.0,0.0,0.0,0.0,0.0,2757.15,1675.31,33506.96,0.0,6890.41,65674.11,0.0,31049
2847,0.0,4847.08,0.0,0.0,0.0,2757.15,1317.67,30003.99,0.0,8248.89,73263.09,0.0,30677
2848,0.0,9694.16,0.0,0.0,0.0,2757.15,0.0,24392.8,0.0,5595.1,78410.59,0.0,31249
2849,0.0,14541.24,0.0,0.0,0.0,2757.15,0.0,17199.24,0.0,1727.62,80000.0,0.0,32770
2850,0.0,19388.31,0.0,0.0,0.0,2757.15,0.0,8380.6,2769.94,0.0,76989.2,0.0,33296
2851,0.0,19388.31,0.0,0.0,0.0,2757.15,0.0,1593.73,10425.81,0.0,65656.8,0.0,34165
2852,0.0,19388.31,0.0,0.0,0.0,2757.15,0.0,0.0,13094.54,0.0,51423.61,0.0,35240
2853,0.0,19388.31,0.0,0.0,4382.99,2757.15,0.0,0.0,8621.55,0.0,42052.36,0.0,35150
2854,0.0,19388.31,0.0,0.0,0.0,2757.15,0.0,0.0,10951.54,0.0,30148.52,0.0,33097
2855,0.0,19388.31,0.0,0.0,0.0,2757.15,0.0,0.0,8557.54,0.0,20846.85,0.0,30703
2856,0.0,19388.31,0.0,0.0,6933.54,2757.15,0.0,0.0,0.0,0.0,20846.85,0.0,29079
2857,0.0,19388.31,0.0,0.0,0.0,2757.15,0.0,0.0,5927.54,0.0,14403.87,0.0,28073
2858,0.0,19388.31,0.0,0.0,0.0,2757.15,0.0,0.0,5385.54,0.0,8550.03,0.0,27531
2859,0.0,19388.31,0.0,0.0,5226.54,2757.15,0.0,0.0,0.0,0.0,8550.03,0.0,27372
2860,0.0,19388.31,0.0,0.0,0.0,2757.15,1489.34,0.0,3954.2,0.0,4251.99,0.0,27589
2861,0.0,19388.31,0.0,0.0,0.0,2757.15,2324.71,0.0,3911.83,0.0,0.0,0.0,28382
2862,0.0,19388.31,0.0,0.0,2672.9,2757.15,4086.75,279.89,0.0,0.0,0.0,0.0,29185
2863,0.0,16393.24,0.0,0.0,0.0,2757.15,6569.4,3915.21,0.0,0.0,0.0,0.0,29635
2864,0.0,11546.17,0.0,0.0,0.0,0.0,8119.55,12895.93,0.0,1897.64,1745.83,0.0,30664
2865,0.0,6699.09,0.0,0.0,0.0,2757.15,9277.85,21588.09,0.0,9915.18,10867.8,0.0,30407
2866,0.0,1852.01,0.0,0.0,0.0,2757.15,9896.18,27810.94,0.0,12469.28,22339.53,0.0,29847
2867,0.0,0.0,0.0,0.0,0.0,2070.36,1145.12,31927.68,0.0,5513.16,27411.64,0.0,29630
2868,0.0,0.0,0.0,0.0,0.0,2757.15,12644.0,34258.85,0.0,20000.0,45811.64,0.0,29660
2869,0.0,0.0,0.0,0.0,0.0,0.0,1630.45,27582.55,0.0,0.0,45811.64,0.0,29213
2870,0.0,0.0,0.0,0.0,0.0,0.0,1722.72,34093.49,0.0,7378.21,52599.59,0.0,28438
2871,0.0,0.0,0.0,0.0,0.0,0.0,15858.5,30773.32,0.0,18401.81,69529.26,0.0,28230
2872,0.0,0.0,0.0,0.0,0.0,0.0,15009.12,25430.12,0.0,11381.24,80000.0,0.0,29058
2873,0.0,4847.08,0.0,0.0,0.0,2757.15,11914.72,5234.99,6025.05,0.0,73451.03,0.0,30779
2874,0.0,9694.16,0.0,0.0,0.0,2757.15,10541.38,8685.36,18.95,0.0,73430.43,0.0,31697
2875,0.0,14541.24,0.0,0.0,0.0,2757.15,10541.38,1657.13,2703.1,0.0,70492.28,0.0,32200
2876,0.0,19388.31,0.0,0.0,0.0,2757.15,10541.38,0.0,184.15,0.0,70292.11,0.0,32871
2877,0.0,14541.24,0.0,0.0,0.0,2757.15,4828.13,0.0,10417.48,0.0,58968.76,0.0,32544
2878,0.0,19388.31,0.0,0.0,0.0,2757.15,4086.75,0.0,4493.79,0.0,54084.21,0.0,30726
2879,0.0,19388.31,0.0,0.0,0.0,2757.15,3746.37,0.0,2917.17,0.0,50913.38,0.0,28809
2880,0.0,14541.24,0.0,0.0,0.0,2757.15,3746.37,0.0,6080.25,0.0,44304.42,0.0,27125
2881,0.0,9694.16,0.0,0.0,0.0,7131.15,4447.15,0.0,5188.55,0.0,38664.69,0.0,26461
2882,0.0,11310.54,0.0,0.0,0.0,9493.18,5230.28,0.0,0.0,0.0,38664.69,0.0,26034
2883,0.0,10186.48,0.0,0.0,0.0,9493.18,6100.34,0.0,0.0,0.0,38664.69,0.0,25780
2884,0.0,8780.39,0.0,0.0,0.0,9493.18,7578.43,0.0,0.0,0.0,38664.69,0.0,25852
2885,0.0,3933.31,0.0,0.0,0.0,9493.18,8685.83,0.0,4158.68,0.0,34144.39,0.0,26271
2886,0.0,4847.08,0.0,0.0,0.0,9493.18,9277.85,143.09,2699.8,0.0,31209.82,0.0,26461
2887,0.0,0.0,0.0,0.0,0.0,9493.18,10541.38,2400.44,4672.0,0.0,26131.56,0.0,27107
2888,0.0,0.0,0.0,0.0,0.0,9493.18,10541.38,9202.67,0.0,1115.24,27157.58,0.0,28122
2889,0.0,0.0,0.0,0.0,0.0,9493.18,9277.85,14180.82,0.0,4151.85,30977.28,0.0,28800
2890,0.0,0.0,0.0,0.0,0.0,9493.18,7578.43,24464.16,0.0,12092.76,42102.62,0.0,29443
2891,0.0,0.0,0.0,0.0,0.0,9493.18,5230.28,24032.17,0.0,7939.62,49407.08,0.0,30816
2892,0.0,0.0,0.0,0.0,0.0,9493.18,3746.37,20032.35,0.0,2220.89,51450.3,0.0,31051
2893,0.0,0.0,0.0,0.0,0.0,9493.18,2839.61,21524.57,0.0,3348.36,54530.79,0.0,30509
2894,0.0,0.0,0.0,0.0,0.0,9493.18,2324.71,30367.3,0.0,11814.18,65399.83,0.0,30371
2895,0.0,0.0,0.0,0.0,0.0,9493.18,1876.14,24029.71,0.0,4618.02,69648.41,0.0,30781
2896,0.0,0.0,0.0,0.0,0.0,9493.18,1317.67,21521.08,0.0,385.93,70003.47,0.0,31946
2897,0.0,4847.08,0.0,0.0,0.0,9493.18,0.0,17405.03,1824.71,0.0,68020.09,0.0,33570
2898,0.0,9694.16,0.0,0.0,0.0,9493.18,0.0,8448.4,6227.26,0.0,61251.32,0.0,33863
2899,0.0,14541.24,0.0,0.0,0.0,9493.18,0.0,1550.3,8396.28,0.0,52124.93,0.0,33981
2900,0.0,19388.31,0.0,0.0,0.0,9493.18,1317.67,0.0,4505.83,0.0,47227.28,0.0,34705
2901,0.0,19388.31,0.0,0.0,0.0,9493.18,3123.37,0.0,2013.13,0.0,45039.09,0.0,34018
2902,0.0,17552.54,0.0,0.0,0.0,9493.18,5230.28,0.0,0.0,0.0,45039.09,0.0,32276
2903,0.0,13144.0,0.0,0.0,0.0,9493.18,6569.4,0.0,1069.42,0.0,43876.67,0.0,30276
2904,0.0,11338.39,0.0,0.0,0.0,9493.18,7578.43,0.0,0.0,0.0,43876.67,0.0,28410
2905,0.0,10982.92,0.0,0.0,0.0,9493.18,7061.9,0.0,0.0,0.0,43876.67,0.0,27538
2906,0.0,10984.42,0.0,0.0,0.0,9493.18,6569.4,0.0,0.0,0.0,43876.67,0.0,27047
2907,0.0,10965.42,0.0,0.0,0.0,9493.18,6569.4,0.0,0.0,0.0,43876.67,0.0,27028
2908,0.0,10973.92,0.0,0.0,0.0,9493.18,7061.9,0.0,0.0,0.0,43876.67,0.0,27529
2909,0.0,12373.92,0.0,0.0,0.0,9493.18,7061.9,0.0,0.0,0.0,43876.67,0.0,28929
2910,0.0,15326.14,0.0,0.0,0.0,9493.18,6569.4,273.29,0.0,0.0,43876.67,0.0,31662
2911,0.0,10479.06,0.0,0.0,0.0,9493.18,6100.34,3837.95,4681.47,0.0,38788.11,0.0,34592
2912,0.0,5631.98,0.0,0.0,0.0,9493.18,4828.13,12516.64,3864.07,0.0,34588.04,0.0,36334
2913,0.0,784.9,0.0,0.0,0.0,9493.18,2839.61,20912.57,2219.74,0.0,32175.28,0.0,36250
2914,0.0,0.0,0.0,0.0,0.0,9493.18,1317.67,27428.56,0.0,1559.42,33609.94,0.0,36680
2915,0.0,0.0,0.0,0.0,0.0,9493.18,0.0,31781.68,0.0,4818.85,38043.29,0.0,36456
2916,0.0,0.0,0.0,0.0,0.0,9493.18,0.0,34324.57,0.0,7396.75,44848.29,0.0,36421
2917,0.0,0.0,0.0,0.0,0.0,9493.18,0.0,34738.87,0.0,7915.05,52130.14,0.0,36317
2918,0.0,0.0,0.0,0.0,0.0,9493.18,0.0,33288.34,0.0,6780.52,58368.21,0.0,36001
2919,0.0,0.0,0.0,0.0,0.0,9493.18,0.0,30020.31,0.0,3382.48,61480.1,0.0,36131
2920,0.0,2868.45,0.0,0.0,0.0,9493.18,0.0,24500.38,0.0,0.0,61480.1,0.0,36862
2921,0.0,7715.52,0.0,0.0,0.0,9493.18,0.0,17346.94,2889.36,0.0,58339.49,0.0,37445
2922,0.0,12562.6,0.0,0.0,0.0,9493.18,0.0,2789.36,11981.86,0.0,45315.73,0.0,36827
2923,0.0,17409.68,0.0,0.0,0.0,9493.18,0.0,853.11,8573.03,0.0,35997.22,0.0,36329
2924,0.0,19388.31,0.0,0.0,0.0,9493.18,0.0,0.0,7680.51,0.0,27648.84,0.0,36562
2925,0.0,19388.31,0.0,0.0,0.0,9493.18,0.0,0.0,6365.51,0.0,20729.81,0.0,35247
2926,0.0,19388.31,0.0,0.0,0.0,9493.18,1675.31,0.0,2351.2,0.0,18174.15,0.0,32908
2927,0.0,14541.24,0.0,0.0,0.0,9493.18,3425.44,0.0,3759.15,0.0,14088.12,0.0,31219
2928,0.0,14759.67,0.0,0.0,0.0,9493.18,5654.16,0.0,0.0,0.0,14088.12,0.0,29907
2929,0.0,12783.42,0.0,0.0,0.0,9493.18,6569.4,0.0,0.0,0.0,14088.12,0.0,28846
2930,0.0,9356.97,0.0,0.0,0.0,9493.18,8119.55,0.0,1394.3,0.0,12572.57,0.0,28364
2931,0.0,4509.89,0.0,0.0,0.0,9493.18,8685.83,0.0,5149.1,0.0,6975.73,0.0,27838
2932,0.0,9356.97,0.0,0.0,0.0,9493.18,9277.85,0.0,0.0,0.0,6975.73,0.0,28128
2933,0.0,9551.44,0.0,0.0,0.0,9493.18,10541.38,0.0,0.0,0.0,6975.73,0.0,29586
2934,0.0,9230.25,0.0,0.0,0.0,9493.18,12644.0,251.57,0.0,0.0,6975.73,0.0,31619
2935,0.0,4847.08,0.0,0.0,0.0,9493.18,15009.12,3877.81,570.81,0.0,6355.28,0.0,33798
2936,0.0,0.0,0.0,0.0,0.0,9493.18,15009.12,12523.19,0.0,2200.49,8379.73,0.0,34825
2937,0.0,0.0,0.0,0.0,0.0,9493.18,10541.38,20776.52,0.0,6129.08,14018.48,0.0,34682
2938,0.0,0.0,0.0,0.0,0.0,9493.18,6100.34,27025.05,0.0,7920.56,21305.4,0.0,34698
2939,0.0,0.0,0.0,0.0,0.0,9493.18,4086.75,31501.56,0.0,10256.49,30741.37,0.0,34825
2940,0.0,0.0,0.0,0.0,0.0,9493.18,2839.61,34030.56,0.0,11603.35,41416.45,0.0,34760
2941,0.0,0.0,0.0,0.0,0.0,9493.18,2324.71,34503.16,0.0,11302.04,51814.33,0.0,35019
2942,0.0,0.0,0.0,0.0,0.0,9493.18,2324.71,32824.04,0.0,9551.93,60602.1,0.0,35090
2943,0.0,0.0,0.0,0.0,0.0,9493.18,2324.71,29620.39,0.0,5923.27,66051.51,0.0,35515
2944,0.0,0.0,0.0,0.0,0.0,9493.18,2324.71,24355.5,0.0,93.39,66137.43,0.0,36080
2945,0.0,841.17,0.0,0.0,0.0,9493.18,2573.58,17399.07,7468.0,0.0,58020.03,0.0,37775
2946,0.0,5688.24,0.0,0.0,0.0,9493.18,3746.37,8555.87,9765.33,0.0,47405.54,0.0,37249
2947,0.0,10535.32,0.0,0.0,0.0,9493.18,5654.16,1654.21,9153.14,0.0,37456.48,0.0,36490
2948,0.0,5688.24,0.0,0.0,0.0,9493.18,8685.83,0.0,12583.74,0.0,23778.5,0.0,36451
2949,0.0,4847.08,0.0,0.0,0.0,9493.18,11914.72,0.0,9031.02,0.0,13962.17,0.0,35286
2950,0.0,0.0,0.0,0.0,0.0,9493.18,15009.12,0.0,8370.7,0.0,4863.58,0.0,32873
2951,0.0,0.0,0.0,0.0,0.0,9493.18,16739.33,0.0,4474.49,0.0,0.0,0.0,30707
2952,0.0,1278.18,0.0,0.0,0.0,9493.18,18597.64,0.0,0.0,0.0,0.0,0.0,29369
2953,0.0,0.0,0.0,0.0,0.0,9493.18,19040.82,0.0,0.0,0.0,0.0,0.0,28534
2954,0.0,0.0,0.0,0.0,0.0,9493.18,18215.82,0.0,0.0,0.0,0.0,0.0,27709
2955,0.0,0.0,0.0,0.0,0.0,9493.18,18049.82,0.0,0.0,0.0,0.0,0.0,27543
2956,0.0,0.0,0.0,0.0,0.0,5119.18,21998.82,0.0,0.0,0.0,0.0,0.0,27118
2957,0.0,0.0,0.0,0.0,0.0,745.18,28144.39,0.0,0.0,793.57,730.08,0.0,28096
2958,0.0,0.0,0.0,0.0,0.0,5119.18,25751.08,115.74,0.0,0.0,730.08,0.0,30986
2959,0.0,0.0,0.0,0.0,0.0,9493.18,31312.75,0.0,0.0,6668.93,6865.5,0.0,34137
2960,0.0,0.0,0.0,0.0,0.0,9493.18,26715.2,10720.49,0.0,11450.86,17400.29,0.0,35478
2961,0.0,0.0,0.0,0.0,0.0,9493.18,25553.83,9614.87,0.0,9186.89,25852.23,0.0,35475
2962,0.0,0.0,0.0,0.0,0.0,9493.18,25475.1,77.72,0.0,0.0,25852.23,0.0,35046
2963,0.0,0.0,0.0,0.0,0.0,9493.18,22272.63,13535.21,0.0,10845.03,35829.65,0.0,34456
2964,0.0,0.0,0.0,0.0,0.0,9493.18,22716.9,7681.46,0.0,6457.53,41770.58,0.0,33434
2965,0.0,0.0,0.0,0.0,0.0,9493.18,17449.69,21293.72,0.0,15413.58,55951.08,0.0,32823
2966,0.0,0.0,0.0,0.0,0.0,9493.18,0.0,31463.05,0.0,8712.23,63966.32,0.0,32244
2967,0.0,0.0,0.0,0.0,0.0,9493.18,12644.0,19196.08,0.0,9551.26,72753.48,0.0,31782
2968,0.0,0.0,0.0,0.0,0.0,9493.18,9896.18,20848.3,0.0,7876.65,80000.0,0.0,32361
2969,0.0,0.0,0.0,0.0,0.0,8696.1,7578.43,16878.47,0.0,0.0,80000.0,0.0,33153
2970,0.0,4847.08,0.0,0.0,0.0,9493.18,7061.9,8590.45,3655.39,0.0,76026.75,0.0,33648
2971,0.0,6707.61,0.0,0.0,0.0,9493.18,7578.43,1694.74,9455.04,0.0,65749.53,0.0,34929
2972,0.0,11554.69,0.0,0.0,0.0,9493.18,7578.43,0.0,7047.7,0.0,58088.98,0.0,35674
2973,0.0,16401.77,0.0,0.0,0.0,9493.18,7061.9,0.0,2484.15,0.0,55388.82,0.0,35441
2974,0.0,11554.69,0.0,0.0,0.0,9493.18,7061.9,0.0,5052.23,0.0,49897.26,0.0,33162
2975,0.0,10151.99,0.0,0.0,0.0,9493.18,7578.43,0.0,3873.4,0.0,45687.04,0.0,31097
2976,0.0,5304.91,0.0,0.0,0.0,9493.18,8119.55,0.0,6498.36,0.0,38623.61,0.0,29416
2977,0.0,10151.99,0.0,0.0,0.0,9493.18,8685.83,0.0,0.0,0.0,38623.61,0.0,28331
2978,0.0,5304.91,0.0,0.0,0.0,9493.18,9277.85,0.0,3709.06,0.0,34592.02,0.0,27785
2979,0.0,4847.08,0.0,0.0,0.0,9493.18,8685.83,0.0,4555.91,0.0,29639.94,0.0,27582
2980,0.0,0.0,0.0,0.0,0.0,9493.18,8685.83,0.0,9743.99,0.0,19048.65,0.0,27923
2981,0.0,4847.08,0.0,0.0,0.0,9493.18,9277.85,0.0,5642.89,0.0,12915.07,0.0,29261
2982,0.0,0.0,0.0,0.0,0.0,9493.18,12644.0,460.64,8857.18,0.0,3287.7,0.0,31455
2983,0.0,3971.33,0.0,0.0,0.0,9493.18,15858.5,4079.0,0.0,0.0,3287.7,0.0,33402
2984,0.0,0.0,0.0,0.0,0.0,9493.18,16739.33,12805.28,0.0,5504.78,8352.1,0.0,33533
2985,0.0,0.0,0.0,0.0,0.0,9493.18,16739.33,21023.37,0.0,14670.88,21849.31,0.0,32585
2986,0.0,0.0,0.0,0.0,0.0,8241.18,16739.33,26727.49,0.0,20000.0,40249.31,0.0,31708
2987,0.0,0.0,0.0,0.0,0.0,5119.18,15858.5,30830.33,0.0,20000.0,58649.31,0.0,31808
2988,0.0,0.0,0.0,0.0,0.0,9493.18,15858.5,12261.91,0.0,5789.58,63975.72,0.0,31824
2989,0.0,0.0,0.0,0.0,0.0,9493.18,15009.12,10418.0,0.0,3301.3,67012.91,0.0,31619
2990,0.0,0.0,0.0,0.0,0.0,9493.18,13402.44,22728.78,0.0,14116.4,80000.0,0.0,31508
2991,0.0,0.0,0.0,0.0,0.0,9493.18,10541.38,7377.91,4646.53,0.0,74949.42,0.0,32059
2992,0.0,3449.84,0.0,0.0,0.0,9493.18,7061.9,12792.17,110.91,0.0,74828.87,0.0,32908
2993,0.0,8296.92,0.0,0.0,0.0,9493.18,4828.13,4097.47,7205.3,0.0,66997.02,0.0,33921
2994,0.0,13144.0,0.0,0.0,0.0,9493.18,4447.15,3320.13,3682.55,0.0,62994.26,0.0,34087
2995,0.0,10156.12,0.0,0.0,0.0,9493.18,5654.16,1080.25,8752.3,0.0,53480.88,0.0,35136
2996,0.0,15003.2,0.0,0.0,0.0,9493.18,7061.9,0.0,4793.72,0.0,48270.32,0.0,36352
2997,0.0,10156.12,0.0,0.0,0.0,9493.18,8685.83,0.0,7003.87,0.0,40657.41,0.0,35339
2998,0.0,12529.46,0.0,0.0,0.0,9493.18,10541.38,0.0,209.98,0.0,40429.17,0.0,32774
2999,0.0,7682.38,0.0,0.0,0.0,9493.18,13402.44,0.0,0.0,0.0,40429.17,0.0,30578
3000,0.0,3874.33,0.0,0.0,0.0,9493.18,15858.5,0.0,0.0,0.0,40429.17,0.0,29226
3001,0.0,0.0,0.0,0.0,0.0,9493.18,16739.33,0.0,2138.49,0.0,38104.72,0.0,28371
3002,0.0,0.0,0.0,0.0,0.0,9493.18,16739.33,0.0,1473.49,0.0,36503.1,0.0,27706
3003,0.0,1190.49,0.0,0.0,0.0,9493.18,16739.33,0.0,0.0,0.0,36503.1,0.0,27423
3004,0.0,1432.49,0.0,0.0,0.0,9493.18,16739.33,0.0,0.0,0.0,36503.1,0.0,27665
3005,0.0,2604.49,0.0,0.0,0.0,9493.18,16739.33,0.0,0.0,0.0,36503.1,0.0,28837
3006,0.0,0.0,0.0,0.0,0.0,9493.18,16739.33,0.0,4576.49,0.0,31528.65,0.0,30809
3007,0.0,4847.08,0.0,0.0,0.0,9493.18,15009.12,474.12,2690.5,0.0,28604.19,0.0,32514
3008,0.0,0.0,0.0,0.0,0.0,9493.18,12644.0,13058.68,0.0,2054.85,30494.66,0.0,33141
3009,0.0,0.0,0.0,0.0,0.0,9493.18,9277.85,7691.72,6443.25,0.0,23491.13,0.0,32906
3010,0.0,0.0,0.0,0.0,0.0,9493.18,4828.13,19929.26,0.0,1437.57,24813.69,0.0,32813
3011,0.0,482.21,0.0,0.0,0.0,9493.18,1876.14,20655.47,0.0,0.0,24813.69,0.0,32507
3012,0.0,0.0,0.0,0.0,0.0,9493.18,0.0,30526.86,0.0,7986.04,32160.85,0.0,32034
3013,0.0,0.0,0.0,0.0,0.0,9493.18,0.0,27327.76,0.0,5428.93,37155.47,0.0,31392
3014,0.0,0.0,0.0,0.0,0.0,9493.18,0.0,35918.35,0.0,14761.53,50736.08,0.0,30650
3015,0.0,0.0,0.0,0.0,0.0,9493.18,0.0,32153.04,0.0,11167.22,61009.91,0.0,30479
3016,0.0,0.0,0.0,0.0,0.0,9493.18,0.0,26433.16,0.0,4905.34,65522.82,0.0,31021
3017,0.0,3449.84,0.0,0.0,0.0,9493.18,0.0,18961.62,385.36,0.0,65103.96,0.0,32290
3018,0.0,8296.92,0.0,0.0,0.0,9493.18,0.0,9496.53,5688.37,0.0,58920.94,0.0,32975
3019,0.0,13144.0,0.0,0.0,0.0,9493.18,0.0,1643.47,9248.36,0.0,48868.38,0.0,33529
3020,0.0,14541.24,0.0,0.0,0.0,9493.18,1317.67,0.0,8782.91,0.0,39321.74,0.0,34135
3021,0.0,19388.31,0.0,0.0,0.0,9493.18,2092.42,0.0,3184.09,0.0,35860.77,0.0,34158
3022,0.0,18210.15,0.0,0.0,0.0,9493.18,2839.61,0.0,1661.06,0.0,34055.27,0.0,32204
3023,0.0,13363.07,0.0,0.0,0.0,9493.18,3746.37,0.0,2986.38,0.0,30809.2,0.0,29589
3024,0.0,8515.99,0.0,0.0,0.0,9493.18,4086.75,0.0,5435.08,0.0,24901.51,0.0,27531
3025,0.0,13363.07,0.0,0.0,0.0,9493.18,4086.75,0.0,0.0,0.0,24901.51,0.0,26943
3026,0.0,12271.68,0.0,0.0,0.0,9493.18,4447.15,0.0,0.0,0.0,24901.51,0.0,26212
3027,0.0,11530.69,0.0,0.0,0.0,9493.18,4828.13,0.0,0.0,0.0,24901.51,0.0,25852
3028,0.0,6683.61,0.0,0.0,0.0,9493.18,5230.28,0.0,4591.93,0.0,19910.28,0.0,25999
3029,0.0,5364.73,0.0,0.0,0.0,9493.18,6100.34,0.0,5642.76,0.0,13776.85,0.0,26601
3030,0.0,517.65,0.0,0.0,0.0,9493.18,6569.4,346.07,10073.7,0.0,2827.17,0.0,27000
3031,0.0,5364.73,0.0,0.0,0.0,9493.18,6100.34,4329.76,2601.0,0.0,0.0,0.0,27889
3032,0.0,517.65,0.0,0.0,0.0,9493.18,5230.28,13110.89,0.0,0.0,0.0,0.0,28352
3033,0.0,0.0,0.0,0.0,0.0,9493.18,443.95,18283.88,0.0,0.0,0.0,0.0,28221
3034,0.0,0.0,0.0,0.0,0.0,5119.18,0.0,24927.57,0.0,2028.74,1866.44,0.0,28018
3035,0.0,0.0,0.0,0.0,0.0,9493.18,2573.58,32108.44,0.0,16026.2,16610.55,0.0,28149
3036,0.0,0.0,0.0,0.0,0.0,9493.18,2324.71,34545.93,0.0,18308.81,33454.66,0.0,28055
3037,0.0,0.0,0.0,0.0,0.0,9493.18,2092.42,35031.91,0.0,19008.5,50942.48,0.0,27609
3038,0.0,0.0,0.0,0.0,0.0,9493.18,1876.14,33505.64,0.0,17581.96,67117.88,0.0,27293
3039,0.0,0.0,0.0,0.0,0.0,9493.18,1675.31,30080.82,0.0,14002.3,80000.0,0.0,27247
3040,0.0,0.0,0.0,0.0,0.0,5119.18,227.3,22680.52,0.0,0.0,80000.0,0.0,28027
3041,0.0,0.0,0.0,0.0,0.0,9493.18,2629.82,17424.0,0.0,0.0,80000.0,0.0,29547
3042,0.0,4847.08,0.0,0.0,0.0,9493.18,3425.44,8841.27,4248.04,0.0,75382.57,0.0,30855
3043,0.0,3449.84,0.0,0.0,0.0,9493.18,4447.15,1783.71,12504.12,0.0,61791.13,0.0,31678
3044,0.0,8296.92,0.0,0.0,0.0,9493.18,5230.28,0.0,9615.62,0.0,51339.36,0.0,32636
3045,0.0,13144.0,0.0,0.0,0.0,9493.18,5654.16,0.0,4411.67,0.0,46544.07,0.0,32703
3046,0.0,8296.92,0.0,0.0,0.0,9493.18,6100.34,0.0,7338.56,0.0,38567.38,0.0,31229
3047,0.0,12650.39,0.0,0.0,0.0,9493.18,7578.43,0.0,0.0,0.0,38567.38,0.0,29722
3048,0.0,7803.31,0.0,0.0,0.0,9493.18,8685.83,0.0,1989.68,0.0,36404.68,0.0,27972
3049,0.0,8781.99,0.0,0.0,0.0,9493.18,8685.83,0.0,0.0,0.0,36404.68,0.0,26961
3050,0.0,3934.91,0.0,0.0,0.0,9493.18,9277.85,0.0,3805.06,0.0,32268.75,0.0,26511
3051,0.0,7876.83,0.0,0.0,0.0,9493.18,7061.9,0.0,1722.09,0.0,30396.92,0.0,26154
3052,0.0,12723.91,0.0,0.0,0.0,9493.18,3425.44,0.0,903.48,0.0,29414.88,0.0,26546
3053,0.0,7876.83,0.0,0.0,0.0,9493.18,2573.58,0.0,7285.41,0.0,21495.96,0.0,27229
3054,0.0,4847.08,0.0,0.0,0.0,9493.18,3123.37,358.72,9715.65,0.0,10935.47,0.0,27538
3055,0.0,0.0,0.0,0.0,0.0,9493.18,4086.75,4305.44,10060.63,0.0,0.0,0.0,27946
3056,0.0,2082.9,0.0,0.0,0.0,9493.18,4086.75,12885.18,0.0,0.0,0.0,0.0,28548
3057,0.0,0.0,0.0,0.0,0.0,9493.18,4086.75,14811.07,0.0,0.0,0.0,0.0,28391
3058,0.0,0.0,0.0,0.0,0.0,9493.18,443.95,17727.88,0.0,0.0,0.0,0.0,27665
3059,0.0,0.0,0.0,0.0,0.0,9493.18,3609.79,30788.92,0.0,16295.9,14992.22,0.0,27596
3060,0.0,0.0,0.0,0.0,0.0,9493.18,4086.75,33711.95,0.0,19797.87,33206.27,0.0,27494
3061,0.0,0.0,0.0,0.0,0.0,9493.18,3297.38,34223.45,0.0,20000.0,51606.27,0.0,27014
3062,0.0,0.0,0.0,0.0,0.0,9493.18,3123.37,32820.87,0.0,18570.42,68691.06,0.0,26867
3063,0.0,0.0,0.0,0.0,0.0,9493.18,308.47,29405.68,0.0,12292.33,80000.0,0.0,26915
3064,0.0,0.0,0.0,0.0,0.0,5119.18,279.57,22406.25,0.0,0.0,80000.0,0.0,27805
3065,0.0,74.79,0.0,0.0,0.0,9493.18,2573.58,17451.45,0.0,0.0,80000.0,0.0,29593
3066,0.0,4921.87,0.0,0.0,0.0,9493.18,2573.58,8790.7,4997.67,0.0,74567.75,0.0,30777
3067,0.0,9768.95,0.0,0.0,0.0,9493.18,2839.61,1817.1,7944.16,0.0,65932.79,0.0,31863
3068,0.0,11262.37,0.0,0.0,0.0,9493.18,3425.44,0.0,8625.01,0.0,56557.78,0.0,32806
3069,0.0,16109.45,0.0,0.0,0.0,9493.18,4086.75,0.0,2780.62,0.0,53535.37,0.0,32470
3070,0.0,11262.37,0.0,0.0,0.0,9493.18,4086.75,0.0,6300.7,0.0,46686.78,0.0,31143
3071,0.0,16109.45,0.0,0.0,0.0,9493.18,3746.37,0.0,0.0,0.0,46686.78,0.0,29349
3072,0.0,11262.37,0.0,0.0,0.0,9493.18,3746.37,0.0,3278.08,0.0,43123.65,0.0,27780
3073,0.0,13669.39,0.0,0.0,0.0,9493.18,3425.44,0.0,0.0,0.0,43123.65,0.0,26588
3074,0.0,13144.0,0.0,0.0,0.0,9493.18,3425.44,0.0,100.39,0.0,43014.54,0.0,26163
3075,0.0,9779.13,0.0,0.0,0.0,9493.18,3123.37,0.0,4002.32,0.0,38664.19,0.0,26398
3076,0.0,14626.21,0.0,0.0,0.0,9493.18,2839.61,0.0,0.0,0.0,38664.19,0.0,26959
3077,0.0,9779.13,0.0,0.0,0.0,9493.18,2839.61,0.0,6286.08,0.0,31831.5,0.0,28398
3078,0.0,5462.73,0.0,0.0,0.0,9493.18,3425.44,418.5,11342.15,0.0,19503.07,0.0,30142
3079,0.0,615.65,0.0,0.0,0.0,9493.18,3746.37,4384.42,14211.38,0.0,4055.92,0.0,32451
3080,0.0,4847.08,0.0,0.0,0.0,9493.18,3746.37,12588.87,3060.5,0.0,729.29,0.0,33736
3081,0.0,0.0,0.0,0.0,0.0,9493.18,3746.37,20626.19,0.0,1464.74,2076.85,0.0,32401
3082,0.0,0.0,0.0,0.0,0.0,9493.18,3746.37,26933.65,0.0,8072.19,9503.27,0.0,32101
3083,0.0,0.0,0.0,0.0,0.0,9493.18,4086.75,31609.96,0.0,13455.89,21882.69,0.0,31734
3084,0.0,0.0,0.0,0.0,0.0,9493.18,4086.75,34124.43,0.0,16584.36,37140.3,0.0,31120
3085,0.0,0.0,0.0,0.0,0.0,9493.18,4086.75,34548.97,0.0,16648.9,52457.29,0.0,31480
3086,0.0,0.0,0.0,0.0,0.0,9493.18,4086.75,33265.24,0.0,15065.17,66317.24,0.0,31780
3087,0.0,0.0,0.0,0.0,0.0,9493.18,3746.37,29815.3,0.0,11173.85,76597.18,0.0,31881
3088,0.0,0.0,0.0,0.0,0.0,9493.18,3123.37,24324.16,0.0,3698.71,80000.0,0.0,33242
3089,0.0,4847.08,0.0,0.0,0.0,9493.18,2324.71,17286.91,502.13,0.0,79454.21,0.0,34454
3090,0.0,9694.16,0.0,0.0,0.0,9493.18,1876.14,8684.63,4282.89,0.0,74798.89,0.0,34031
3091,0.0,14541.24,0.0,0.0,0.0,9493.18,1489.34,1875.68,7074.56,0.0,67109.15,0.0,34474
3092,0.0,19388.31,0.0,0.0,0.0,9493.18,1317.67,0.0,4927.83,0.0,61752.8,0.0,35127
3093,0.0,19388.31,0.0,0.0,0.0,9493.18,0.0,0.0,5461.51,0.0,55816.38,0.0,34343
3094,0.0,19388.31,0.0,0.0,0.0,9493.18,0.0,0.0,2626.51,0.0,52961.48,0.0,31508
3095,0.0,19388.31,0.0,0.0,0.0,9493.18,0.0,0.0,822.51,0.0,52067.45,0.0,29704
3096,0.0,18203.82,0.0,0.0,0.0,9493.18,0.0,0.0,0.0,0.0,52067.45,0.0,27697
3097,0.0,17352.82,0.0,0.0,0.0,9493.18,0.0,0.0,0.0,0.0,52067.45,0.0,26846
3098,0.0,14487.98,0.0,0.0,0.0,9493.18,0.0,0.0,2624.84,0.0,49214.36,0.0,26606
3099,0.0,9640.9,0.0,0.0,0.0,9493.18,2573.58,0.0,4785.34,0.0,44012.91,0.0,26493
3100,0.0,4793.82,0.0,0.0,0.0,9493.18,12644.0,0.0,0.0,0.0,44012.91,0.0,26931
3101,0.0,6534.1,0.0,0.0,0.0,9493.18,11914.72,0.0,0.0,0.0,44012.91,0.0,27942
3102,0.0,11381.18,0.0,0.0,0.0,9493.18,4447.15,407.06,3830.44,0.0,39849.39,0.0,29559
3103,0.0,15776.76,0.0,0.0,0.0,9493.18,1876.14,4346.02,423.91,0.0,39388.62,0.0,31916
3104,0.0,10929.68,0.0,0.0,0.0,9493.18,1317.67,10236.7,602.77,0.0,38733.44,0.0,32580
3105,0.0,6082.6,0.0,0.0,0.0,9493.18,0.0,15772.97,989.25,0.0,37658.16,0.0,32338
3106,0.0,1235.52,0.0,0.0,0.0,9493.18,0.0,22116.65,0.0,772.35,38368.73,0.0,32073
3107,0.0,0.0,0.0,0.0,0.0,9493.18,0.0,30530.17,0.0,7982.35,45712.49,0.0,32041
3108,0.0,0.0,0.0,0.0,0.0,9493.18,0.0,32786.47,0.0,9814.65,54741.96,0.0,32465
3109,0.0,0.0,0.0,0.0,0.0,9493.18,0.0,33440.95,0.0,10277.13,64196.92,0.0,32657
3110,0.0,0.0,0.0,0.0,0.0,9493.18,0.0,28601.18,0.0,5627.36,69374.1,0.0,32467
3111,0.0,0.0,0.0,0.0,0.0,9493.18,0.0,23606.08,0.0,108.26,69473.69,0.0,32991
3112,0.0,4847.08,0.0,0.0,0.0,9493.18,0.0,19050.3,599.44,0.0,68822.12,0.0,33990
3113,0.0,9694.16,0.0,0.0,0.0,9493.18,1159.73,13777.53,1046.4,0.0,67684.73,0.0,35171
3114,0.0,14541.24,0.0,0.0,0.0,9493.18,1159.73,7409.45,2685.4,0.0,64765.82,0.0,35289
3115,0.0,19388.31,0.0,0.0,0.0,9493.18,1159.73,2060.17,3546.61,0.0,60910.8,0.0,35648
3116,0.0,19388.31,0.0,0.0,0.0,9493.18,1317.67,0.0,5460.83,0.0,54975.11,0.0,35660
3117,0.0,19388.31,0.0,0.0,0.0,9493.18,1675.31,0.0,4563.2,0.0,50015.11,0.0,35120
3118,0.0,19388.31,0.0,0.0,0.0,9493.18,2573.58,0.0,942.93,0.0,48990.19,0.0,32398
3119,0.0,17378.39,0.0,0.0,0.0,9493.18,3425.44,0.0,0.0,0.0,48990.19,0.0,30297
3120,0.0,15047.07,0.0,0.0,0.0,9493.18,4086.75,0.0,0.0,0.0,48990.19,0.0,28627
3121,0.0,14311.07,0.0,0.0,0.0,9493.18,4086.75,0.0,0.0,0.0,48990.19,0.0,27891
3122,0.0,14316.45,0.0,0.0,0.0,9493.18,3746.37,0.0,0.0,0.0,48990.19,0.0,27556
3123,0.0,13694.45,0.0,0.0,0.0,9493.18,3746.37,0.0,0.0,0.0,48990.19,0.0,26934
3124,0.0,13841.45,0.0,0.0,0.0,9493.18,3746.37,0.0,0.0,0.0,48990.19,0.0,27081
3125,0.0,14508.45,0.0,0.0,0.0,9493.18,3746.37,0.0,0.0,0.0,48990.19,0.0,27748
3126,0.0,15925.11,0.0,0.0,0.0,9493.18,4086.75,463.96,0.0,0.0,48990.19,0.0,29969
3127,0.0,13558.11,0.0,0.0,0.0,9493.18,4447.15,1558.17,3309.4,0.0,45393.01,0.0,32366
3128,0.0,8711.03,0.0,0.0,0.0,9493.18,4447.15,10385.65,0.0,0.0,45393.01,0.0,33037
3129,0.0,5691.74,0.0,0.0,0.0,9493.18,4086.75,14425.33,0.0,0.0,45393.01,0.0,33697
3130,0.0,10538.82,0.0,0.0,0.0,9493.18,5230.28,2841.94,5315.79,0.0,39614.98,0.0,33420
3131,0.0,14853.13,0.0,0.0,0.0,9493.18,6569.4,1854.29,0.0,0.0,39614.98,0.0,32770
3132,0.0,12497.75,0.0,0.0,0.0,9493.18,7061.9,3993.17,0.0,0.0,39614.98,0.0,33046
3133,0.0,12822.49,0.0,0.0,0.0,9493.18,6569.4,4613.94,0.0,0.0,39614.98,0.0,33499
3134,0.0,13777.41,0.0,0.0,0.0,9493.18,6100.34,4206.07,0.0,0.0,39614.98,0.0,33577
3135,0.0,15831.78,0.0,0.0,0.0,9493.18,6100.34,2545.71,0.0,0.0,39614.98,0.0,33971
3136,0.0,12638.27,0.0,0.0,0.0,9493.18,6100.34,7299.22,0.0,0.0,39614.98,0.0,35531
3137,0.0,16889.04,0.0,0.0,0.0,9493.18,6569.4,4138.38,0.0,0.0,39614.98,0.0,37090
3138,0.0,14543.86,0.0,0.0,0.0,9493.18,6569.4,6861.57,0.0,0.0,39614.98,0.0,37468
3139,0.0,19388.31,0.0,0.0,0.0,9493.18,6569.4,232.27,2064.84,0.0,37370.59,0.0,37748
3140,0.0,19388.31,0.0,0.0,0.0,9493.18,5654.16,0.0,3177.35,0.0,33916.95,0.0,37713
3141,0.0,19388.31,0.0,0.0,0.0,9493.18,6569.4,0.0,1482.11,0.0,32305.96,0.0,36933
3142,0.0,16047.99,0.0,0.0,0.0,9493.18,8685.83,0.0,0.0,0.0,32305.96,0.0,34227
3143,0.0,13913.27,0.0,0.0,0.0,9493.18,8119.55,0.0,0.0,0.0,32305.96,0.0,31526
3144,0.0,9197.27,0.0,0.0,0.0,9493.18,9896.18,0.0,626.37,0.0,31625.12,0.0,29213
3145,0.0,4350.2,0.0,0.0,0.0,9493.18,14190.63,0.0,0.0,0.0,31625.12,0.0,28034
3146,0.0,0.0,0.0,0.0,0.0,9493.18,18597.64,0.0,0.0,273.82,31877.04,0.0,27817
3147,0.0,0.0,0.0,0.0,0.0,9493.18,21635.33,0.0,0.0,3276.5,34891.42,0.0,27852
3148,0.0,0.0,0.0,0.0,0.0,9493.18,21635.33,0.0,0.0,3182.5,37819.33,0.0,27946
3149,0.0,0.0,0.0,0.0,0.0,9493.18,23833.93,0.0,0.0,4973.1,42394.58,0.0,28354
3150,0.0,0.0,0.0,0.0,0.0,9493.18,24986.99,466.45,0.0,5498.61,47453.3,0.0,29448
3151,0.0,0.0,0.0,0.0,0.0,9493.18,26176.65,3310.68,0.0,6817.5,53725.41,0.0,32163
3152,0.0,0.0,0.0,0.0,0.0,9493.18,22716.9,7426.16,0.0,6292.24,59514.27,0.0,33344
3153,0.0,0.0,0.0,0.0,0.0,9493.18,16739.33,19481.15,0.0,11599.66,70185.95,0.0,34114
3154,0.0,0.0,0.0,0.0,0.0,9493.18,9896.18,21650.92,0.0,6879.27,76514.88,0.0,34161
3155,0.0,0.0,0.0,0.0,0.0,9493.18,4828.13,23429.19,0.0,3504.5,79739.02,0.0,34246
3156,0.0,2177.69,0.0,0.0,0.0,9493.18,2092.42,21255.39,0.0,283.67,80000.0,0.0,34735
3157,0.0,7024.77,0.0,0.0,0.0,9493.18,1159.73,11448.21,6063.12,0.0,73409.66,0.0,35189
3158,0.0,11871.84,0.0,0.0,0.0,9493.18,0.0,21070.4,0.0,7163.42,80000.0,0.0,35272
3159,0.0,16718.92,0.0,0.0,0.0,9493.18,0.0,4047.16,5589.74,0.0,73924.2,0.0,35849
3160,0.0,19388.31,0.0,0.0,0.0,9493.18,0.0,4951.77,3819.74,0.0,69772.31,0.0,37653
3161,0.0,19388.31,0.0,0.0,0.0,9493.18,0.0,6714.76,3182.74,0.0,66312.8,0.0,38779
3162,0.0,19388.31,0.0,0.0,0.0,9493.18,0.0,7088.72,3424.78,0.0,62590.21,0.0,39395
3163,0.0,19388.31,0.0,0.0,0.0,9493.18,0.0,519.3,9387.21,0.0,52386.73,0.0,38788
3164,0.0,19388.31,0.0,0.0,0.0,9493.18,0.0,0.0,9599.51,0.0,41952.48,0.0,38481
3165,0.0,19388.31,0.0,0.0,0.0,9493.18,1317.67,0.0,7361.83,0.0,33950.48,0.0,37561
3166,0.0,19388.31,0.0,0.0,0.0,9493.18,2839.61,0.0,3435.9,0.0,30215.81,0.0,35157
3167,0.0,17998.68,0.0,0.0,0.0,9493.18,4447.15,0.0,0.0,0.0,30215.81,0.0,31939
3168,0.0,15334.68,0.0,0.0,0.0,9493.18,4447.15,0.0,0.0,0.0,30215.81,0.0,29275
3169,0.0,14660.45,0.0,0.0,0.0,9493.18,3746.37,0.0,0.0,0.0,30215.81,0.0,27900
3170,0.0,14428.24,0.0,0.0,0.0,9493.18,2573.58,0.0,0.0,0.0,30215.81,0.0,26495
3171,0.0,14555.68,0.0,0.0,0.0,9493.18,1876.14,0.0,0.0,0.0,30215.81,0.0,25925
3172,0.0,16480.82,0.0,0.0,0.0,9493.18,0.0,0.0,0.0,0.0,30215.81,0.0,25974
3173,0.0,17433.82,0.0,0.0,0.0,9493.18,0.0,0.0,0.0,0.0,30215.81,0.0,26927
3174,0.0,19388.31,0.0,0.0,0.0,9493.18,0.0,0.0,342.51,0.0,29843.52,0.0,29224
3175,0.0,19388.31,0.0,0.0,0.0,9493.18,0.0,1359.41,1354.1,0.0,28371.67,0.0,31595
3176,0.0,17991.08,0.0,0.0,0.0,9493.18,0.0,4302.97,1669.78,0.0,26556.7,0.0,33457
3177,0.0,13144.0,0.0,0.0,0.0,9493.18,0.0,15543.88,0.0,4044.06,30277.24,0.0,34137
3178,0.0,8296.92,0.0,0.0,0.0,9493.18,0.0,19743.89,0.0,2736.99,32795.27,0.0,34797
3179,0.0,5896.33,0.0,0.0,0.0,9493.18,0.0,20150.49,0.0,0.0,32795.27,0.0,35540
3180,0.0,1049.26,0.0,0.0,0.0,9493.18,0.0,27182.72,0.0,1066.15,33776.13,0.0,36659
3181,0.0,875.17,0.0,0.0,0.0,9493.18,0.0,28364.33,0.0,1395.68,35060.15,0.0,37337
3182,0.0,5722.25,0.0,0.0,0.0,9493.18,0.0,24878.47,0.0,2299.9,37176.06,0.0,37794
3183,0.0,10569.33,0.0,0.0,0.0,9493.18,0.0,17974.13,156.36,0.0,37006.1,0.0,38193
3184,0.0,11158.03,0.0,0.0,0.0,9493.18,0.0,23319.2,0.0,4363.41,41020.44,0.0,39607
3185,0.0,16005.11,0.0,0.0,0.0,9493.18,1317.67,14013.04,0.0,0.0,41020.44,0.0,40829
3186,0.0,19388.31,0.0,0.0,0.0,9493.18,3123.37,7790.49,791.65,0.0,40159.95,0.0,40587
3187,0.0,19388.31,0.0,0.0,0.0,9493.18,3123.37,2323.45,5502.68,0.0,34178.77,0.0,39831
3188,0.0,19388.31,0.0,0.0,0.0,9493.18,1489.34,0.0,9026.17,0.0,24367.72,0.0,39397
3189,0.0,19388.31,0.0,0.0,0.0,9493.18,0.0,0.0,10342.51,0.0,13125.86,0.0,39224
3190,0.0,19388.31,0.0,0.0,0.0,9493.18,0.0,0.0,7230.51,0.0,5266.61,0.0,36112
3191,0.0,19388.31,0.0,0.0,0.0,9493.18,0.0,0.0,4144.51,0.0,761.71,0.0,33026
3192,0.0,19388.31,0.0,0.0,0.0,9493.18,1159.73,0.0,700.78,0.0,0.0,0.0,30742
3193,0.0,16835.45,0.0,0.0,0.0,9493.18,3123.37,0.0,0.0,0.0,0.0,0.0,29452
3194,0.0,14016.54,0.0,0.0,0.0,9493.18,5230.28,0.0,0.0,0.0,0.0,0.0,28740
3195,0.0,12082.42,0.0,0.0,0.0,9493.18,6569.4,0.0,0.0,0.0,0.0,0.0,28145
3196,0.0,11135.39,0.0,0.0,0.0,9493.18,7578.43,0.0,0.0,0.0,0.0,0.0,28207
3197,0.0,10384.27,0.0,0.0,0.0,9493.18,8119.55,0.0,0.0,0.0,0.0,0.0,27997
3198,0.0,10471.61,0.0,0.0,0.0,9493.18,7578.43,455.78,0.0,0.0,0.0,0.0,27999
3199,0.0,10842.34,0.0,0.0,0.0,9493.18,6569.4,2614.08,0.0,0.0,0.0,0.0,29519
3200,0.0,11341.98,0.0,0.0,0.0,9493.18,5654.16,6275.68,0.0,0.0,0.0,0.0,32765
3201,0.0,8000.65,0.0,0.0,0.0,9493.18,4086.75,12637.42,0.0,0.0,0.0,0.0,34218
3202,0.0,3153.57,0.0,0.0,0.0,9493.18,1876.14,26509.4,0.0,5813.29,5348.23,0.0,35219
3203,0.0,0.0,0.0,0.0,0.0,9493.18,0.0,30896.3,0.0,4312.48,9315.7,0.0,36077
3204,0.0,0.0,0.0,0.0,0.0,9493.18,0.0,27532.03,0.0,172.21,9474.14,0.0,36853
3205,0.0,0.0,0.0,0.0,0.0,9493.18,0.0,29187.86,0.0,1261.04,10634.29,0.0,37420
3206,0.0,4847.08,0.0,0.0,0.0,9493.18,0.0,28278.62,0.0,5320.87,15529.49,0.0,37298
3207,0.0,9694.16,0.0,0.0,0.0,9493.18,0.0,22931.92,0.0,4351.25,19532.65,0.0,37768
3208,0.0,14541.24,0.0,0.0,0.0,9493.18,2839.61,9002.97,3312.0,0.0,15932.65,0.0,39189
3209,0.0,19388.31,0.0,0.0,0.0,9493.18,5230.28,1614.05,4797.18,0.0,10718.32,0.0,40523
3210,0.0,19388.31,0.0,0.0,0.0,9493.18,6569.4,4032.53,1260.58,0.0,9348.12,0.0,40744
3211,0.0,19388.31,0.0,0.0,0.0,9493.18,8685.83,1065.2,1825.48,0.0,7363.9,0.0,40458
3212,0.0,17569.1,0.0,0.0,0.0,9493.18,11914.72,0.0,0.0,0.0,7363.9,0.0,38977
3213,0.0,14243.2,0.0,0.0,0.0,9493.18,14190.63,0.0,0.0,0.0,7363.9,0.0,37927
3214,0.0,10982.7,0.0,0.0,0.0,9493.18,15009.12,0.0,0.0,0.0,7363.9,0.0,35485
3215,0.0,8783.33,0.0,0.0,0.0,9493.18,15858.5,0.0,0.0,0.0,7363.9,0.0,34135
3216,0.0,6048.49,0.0,0.0,0.0,9493.18,16739.33,0.0,0.0,0.0,7363.9,0.0,32281
3217,0.0,2250.18,0.0,0.0,0.0,9493.18,18597.64,0.0,0.0,0.0,7363.9,0.0,30341
3218,0.0,1071.18,0.0,0.0,0.0,9493.18,18597.64,0.0,0.0,0.0,7363.9,0.0,29162
3219,0.0,0.0,0.0,0.0,0.0,9493.18,21635.33,0.0,0.0,2986.5,10111.49,0.0,28142
3220,0.0,0.0,0.0,0.0,0.0,9493.18,27403.48,0.0,0.0,8823.66,18229.25,0.0,28073
3221,0.0,0.0,0.0,0.0,0.0,9493.18,28668.06,0.0,0.0,10203.24,27616.24,0.0,27958
3222,0.0,0.0,0.0,0.0,0.0,9493.18,24986.99,414.84,0.0,6884.01,33949.52,0.0,28011
3223,0.0,0.0,0.0,0.0,0.0,9493.18,24986.99,2157.55,0.0,7683.72,41018.54,0.0,28954
3224,0.0,0.0,0.0,0.0,0.0,9493.18,22716.9,6668.06,0.0,7700.14,48102.67,0.0,31178
3225,0.0,0.0,0.0,0.0,0.0,9493.18,15858.5,9983.57,0.0,2540.25,50439.69,0.0,32795
3226,0.0,0.0,0.0,0.0,0.0,9493.18,9277.85,20850.53,0.0,5576.56,55570.13,0.0,34045
3227,0.0,0.0,0.0,0.0,0.0,9493.18,5654.16,26583.65,0.0,6451.99,61505.95,0.0,35279
3228,0.0,3449.22,0.0,0.0,0.0,9493.18,3123.37,22563.22,0.0,2486.99,63793.98,0.0,36142
3229,0.0,8296.3,0.0,0.0,0.0,9493.18,1489.34,16817.19,0.0,0.0,63793.98,0.0,36096
3230,0.0,12973.05,0.0,0.0,0.0,9493.18,0.0,25822.25,0.0,11140.47,74043.22,0.0,37148
3231,0.0,17820.13,0.0,0.0,0.0,9493.18,0.0,5000.19,5872.5,0.0,67660.06,0.0,38186
3232,0.0,19388.31,0.0,0.0,0.0,9493.18,0.0,8596.24,2288.27,0.0,65172.81,0.0,39766
3233,0.0,19388.31,0.0,0.0,0.0,9493.18,0.0,4086.73,7985.78,0.0,56492.62,0.0,40954
3234,0.0,19388.31,0.0,0.0,0.0,9493.18,0.0,2732.39,10973.12,0.0,44565.32,0.0,42587
3235,0.0,19388.31,0.0,0.0,0.0,9493.18,0.0,1550.94,11259.57,0.0,32326.65,0.0,41692
3236,0.0,19388.31,0.0,0.0,0.0,9493.18,0.0,0.0,11295.51,0.0,20048.93,0.0,40177
3237,0.0,19388.31,0.0,0.0,0.0,9493.18,0.0,0.0,10960.51,0.0,8135.33,0.0,39842
3238,0.0,18898.18,0.0,0.0,0.0,9493.18,1876.14,0.0,7484.5,0.0,0.0,0.0,37752
3239,0.0,14051.1,0.0,0.0,0.0,9493.18,11914.72,0.0,0.0,0.0,0.0,0.0,35459
3240,0.0,9204.02,0.0,0.0,0.0,9493.18,27403.48,0.0,0.0,14202.68,13066.47,0.0,31898
3241,0.0,4356.94,0.0,0.0,0.0,9493.18,31312.75,0.0,0.0,14582.87,26482.71,0.0,30580
3242,0.0,0.0,0.0,0.0,0.0,9493.18,31312.75,0.0,0.0,11556.93,37115.08,0.0,29249
3243,0.0,0.0,0.0,0.0,0.0,9493.18,29970.96,0.0,0.0,10604.14,46870.89,0.0,28860
3244,0.0,0.0,0.0,0.0,0.0,9493.18,24986.99,0.0,0.0,5311.16,51757.16,0.0,29169
3245,0.0,1189.91,0.0,0.0,0.0,9493.18,19576.27,0.0,0.0,906.36,52591.01,0.0,29353
3246,0.0,6036.99,0.0,0.0,0.0,9493.18,15858.5,73.34,0.0,0.0,52591.01,0.0,31462
3247,0.0,10884.07,0.0,0.0,0.0,9493.18,12644.0,624.36,208.4,0.0,52364.49,0.0,33854
3248,0.0,12668.46,0.0,0.0,0.0,9493.18,10541.38,2728.98,0.0,0.0,52364.49,0.0,35432
3249,0.0,14952.89,0.0,0.0,0.0,9493.18,7061.9,4235.03,0.0,0.0,52364.49,0.0,35743
3250,0.0,16456.03,0.0,0.0,0.0,9493.18,5230.28,4937.51,0.0,0.0,52364.49,0.0,36117
3251,0.0,11608.95,0.0,0.0,0.0,9493.18,2839.61,13846.28,0.0,1572.02,53810.75,0.0,36216
3252,0.0,11389.63,0.0,0.0,0.0,9493.18,0.0,10544.29,5136.91,0.0,48227.15,0.0,36564
3253,0.0,6542.55,0.0,0.0,0.0,9493.18,0.0,20164.27,0.0,0.0,48227.15,0.0,36200
3254,0.0,3449.84,0.0,0.0,0.0,9493.18,0.0,27028.27,0.0,4168.29,52061.98,0.0,35803
3255,0.0,8296.92,0.0,0.0,0.0,9493.18,0.0,28442.78,0.0,10588.88,61803.75,0.0,35644
3256,0.0,13144.0,0.0,0.0,0.0,9493.18,0.0,7025.87,6683.95,0.0,54538.58,0.0,36347
3257,0.0,17991.08,0.0,0.0,0.0,9493.18,0.0,5708.3,3812.44,0.0,50394.63,0.0,37005
3258,0.0,19388.31,0.0,0.0,0.0,9493.18,0.0,1274.12,6583.39,0.0,43238.77,0.0,36739
3259,0.0,19388.31,0.0,0.0,0.0,9493.18,0.0,1734.82,5834.69,0.0,36896.71,0.0,36451
3260,0.0,19388.31,0.0,0.0,0.0,9493.18,1159.73,0.0,6070.78,0.0,30298.04,0.0,36112
3261,0.0,19388.31,0.0,0.0,0.0,9493.18,0.0,0.0,6863.51,0.0,22837.71,0.0,35745
3262,0.0,19388.31,0.0,0.0,0.0,9493.18,0.0,0.0,4679.51,0.0,17751.28,0.0,33561
3263,0.0,19388.31,0.0,0.0,0.0,9493.18,0.0,0.0,2480.51,0.0,15055.08,0.0,31362
3264,0.0,18229.15,0.0,0.0,0.0,9493.18,1317.67,0.0,0.0,0.0,15055.08,0.0,29040
3265,0.0,16160.41,0.0,0.0,0.0,9493.18,2092.42,0.0,0.0,0.0,15055.08,0.0,27746
3266,0.0,13334.45,0.0,0.0,0.0,9493.18,3746.37,0.0,0.0,0.0,15055.08,0.0,26574
3267,0.0,10550.42,0.0,0.0,0.0,9493.18,6569.4,0.0,0.0,0.0,15055.08,0.0,26613
3268,0.0,7059.64,0.0,0.0,0.0,9493.18,9896.18,0.0,0.0,0.0,15055.08,0.0,26449
3269,0.0,7245.78,0.0,0.0,0.0,9493.18,11214.04,0.0,0.0,0.0,15055.08,0.0,27953
3270,0.0,10683.0,0.0,0.0,0.0,9493.18,8685.83,682.99,0.0,0.0,15055.08,0.0,29545
3271,0.0,10467.83,0.0,0.0,0.0,9493.18,6569.4,3509.18,1913.41,0.0,12975.28,0.0,31953
3272,0.0,5620.75,0.0,0.0,0.0,9493.18,7061.9,10365.17,0.0,0.0,12975.28,0.0,32541
3273,0.0,773.67,0.0,0.0,0.0,9493.18,9896.18,21413.69,0.0,8926.72,21187.87,0.0,32650
3274,0.0,0.0,0.0,0.0,0.0,9493.18,11214.04,27694.63,0.0,15276.85,35242.57,0.0,33125
3275,0.0,0.0,0.0,0.0,0.0,9493.18,10541.38,31840.88,0.0,18969.44,52694.46,0.0,32906
3276,0.0,0.0,0.0,0.0,0.0,9493.18,10541.38,24570.43,0.0,11546.99,63317.7,0.0,33058
3277,0.0,4715.86,0.0,0.0,0.0,9493.18,10541.38,7788.58,0.0,0.0,63317.7,0.0,32539
3278,0.0,0.0,0.0,0.0,0.0,9493.18,10541.38,20094.36,0.0,7545.92,70259.94,0.0,32583
3279,0.0,0.0,0.0,0.0,0.0,9493.18,9277.85,19989.01,0.0,5972.04,75754.22,0.0,32788
3280,0.0,1029.67,0.0,0.0,0.0,9493.18,8119.55,16119.99,0.0,1116.39,76781.3,0.0,33646
3281,0.0,5876.74,0.0,0.0,0.0,9493.18,6100.34,16442.33,0.0,3498.59,80000.0,0.0,34414
3282,0.0,10723.82,0.0,0.0,0.0,9493.18,3746.37,5996.83,4679.8,0.0,74913.26,0.0,34640
3283,0.0,15570.9,0.0,0.0,0.0,9493.18,2092.42,2495.84,5518.67,0.0,68914.71,0.0,35171
3284,0.0,19388.31,0.0,0.0,0.0,9493.18,1489.34,0.0,5480.17,0.0,62958.0,0.0,35851
3285,0.0,19388.31,0.0,0.0,0.0,9493.18,1159.73,0.0,6354.78,0.0,56050.64,0.0,36396
3286,0.0,19388.31,0.0,0.0,0.0,9493.18,0.0,0.0,5401.51,0.0,50179.43,0.0,34283
3287,0.0,19388.31,0.0,0.0,0.0,9493.18,0.0,0.0,2674.51,0.0,47272.36,0.0,31556
3288,0.0,19388.31,0.0,0.0,0.0,9493.18,0.0,0.0,317.51,0.0,46927.24,0.0,29199
3289,0.0,18222.82,0.0,0.0,0.0,9493.18,0.0,0.0,0.0,0.0,46927.24,0.0,27716
3290,0.0,17899.82,0.0,0.0,0.0,9493.18,0.0,0.0,0.0,0.0,46927.24,0.0,27393
3291,0.0,17654.82,0.0,0.0,0.0,9493.18,0.0,0.0,0.0,0.0,46927.24,0.0,27148
3292,0.0,17599.82,0.0,0.0,0.0,9493.18,0.0,0.0,0.0,0.0,46927.24,0.0,27093
3293,0.0,18932.82,0.0,0.0,0.0,9493.18,0.0,0.0,0.0,0.0,46927.24,0.0,28426
3294,0.0,19388.31,0.0,0.0,0.0,9493.18,0.0,49.27,1679.24,0.0,45101.98,0.0,30610
3295,0.0,19388.31,0.0,0.0,0.0,9493.18,0.0,334.54,3619.97,0.0,41167.23,0.0,32836
3296,0.0,19388.31,0.0,0.0,0.0,9493.18,0.0,3200.6,1035.91,0.0,40041.24,0.0,33118
3297,0.0,19063.54,0.0,0.0,0.0,9493.18,0.0,3645.73,908.55,0.0,39053.69,0.0,33111
3298,0.0,14216.47,0.0,0.0,0.0,9493.18,0.0,9138.36,0.0,0.0,39053.69,0.0,32848
3299,0.0,12731.83,0.0,0.0,0.0,9493.18,1317.67,9785.32,0.0,0.0,39053.69,0.0,33328
3300,0.0,12376.2,0.0,0.0,0.0,9493.18,1675.31,9947.32,0.0,0.0,39053.69,0.0,33492
3301,0.0,13248.52,0.0,0.0,0.0,9493.18,1876.14,9113.16,0.0,0.0,39053.69,0.0,33731
3302,0.0,11448.91,0.0,0.0,0.0,9493.18,2324.71,10619.21,0.0,0.0,39053.69,0.0,33886
3303,0.0,6601.83,0.0,0.0,0.0,9493.18,2573.58,19427.09,0.0,4638.67,43321.27,0.0,33457
3304,0.0,11448.91,0.0,0.0,0.0,9493.18,2324.71,25357.3,0.0,15485.09,57567.55,0.0,33139
3305,0.0,16295.98,0.0,0.0,0.0,9493.18,2573.58,4962.45,1607.81,0.0,55819.93,0.0,34933
3306,0.0,12363.99,0.0,0.0,0.0,9493.18,3425.44,9459.4,0.0,0.0,55819.93,0.0,34742
3307,0.0,17211.07,0.0,0.0,0.0,9493.18,3746.37,2123.71,2552.67,0.0,53045.29,0.0,35127
3308,0.0,19388.31,0.0,0.0,0.0,9493.18,3425.44,0.0,3498.07,0.0,49243.04,0.0,35805
3309,0.0,19388.31,0.0,0.0,0.0,9493.18,1876.14,0.0,4731.37,0.0,44100.24,0.0,35489
3310,0.0,19388.31,0.0,0.0,0.0,9493.18,0.0,0.0,4570.51,0.0,39132.3,0.0,33452
3311,0.0,19388.31,0.0,0.0,0.0,9493.18,0.0,0.0,2483.51,0.0,36432.84,0.0,31365
3312,0.0,19388.31,0.0,0.0,0.0,9493.18,0.0,0.0,649.51,0.0,35726.85,0.0,29531
3313,0.0,18833.82,0.0,0.0,0.0,9493.18,0.0,0.0,0.0,0.0,35726.85,0.0,28327
3314,0.0,18371.82,0.0,0.0,0.0,9493.18,0.0,0.0,0.0,0.0,35726.85,0.0,27865
3315,0.0,18085.82,0.0,0.0,0.0,9493.18,0.0,0.0,0.0,0.0,35726.85,0.0,27579
3316,0.0,18293.82,0.0,0.0,0.0,9493.18,0.0,0.0,0.0,0.0,35726.85,0.0,27787
3317,0.0,19382.82,0.0,0.0,0.0,9493.18,0.0,0.0,0.0,0.0,35726.85,0.0,28876
3318,0.0,19388.31,0.0,0.0,0.0,9493.18,0.0,805.75,1395.76,0.0,34209.72,0.0,31083
3319,0.0,17991.08,0.0,0.0,0.0,9493.18,0.0,5076.31,1726.43,0.0,32333.17,0.0,34287
3320,0.0,13144.0,0.0,0.0,0.0,9493.18,0.0,13661.14,0.0,813.32,33081.42,0.0,35485
3321,0.0,17991.08,0.0,0.0,0.0,9493.18,0.0,3416.64,4478.1,0.0,28213.92,0.0,35379
3322,0.0,13144.0,0.0,0.0,0.0,9493.18,0.0,16663.04,0.0,3760.22,31673.32,0.0,35540
3323,0.0,11686.0,0.0,0.0,0.0,9493.18,0.0,14182.82,0.0,0.0,31673.32,0.0,35362
3324,0.0,10320.28,0.0,0.0,0.0,9493.18,0.0,14725.55,0.0,0.0,31673.32,0.0,34539
3325,0.0,5473.2,0.0,0.0,0.0,9493.18,0.0,24357.99,0.0,5025.36,36296.65,0.0,34299
3326,0.0,6288.76,0.0,0.0,0.0,9493.18,0.0,18821.96,0.0,629.9,36876.16,0.0,33974
3327,0.0,11135.84,0.0,0.0,0.0,9493.18,0.0,11517.17,2004.81,0.0,34697.02,0.0,34151
3328,0.0,15267.88,0.0,0.0,0.0,9493.18,1159.73,9167.21,0.0,0.0,34697.02,0.0,35088
3329,0.0,19388.31,0.0,0.0,0.0,9493.18,1317.67,5545.5,415.33,0.0,34245.57,0.0,36160
3330,0.0,19388.31,0.0,0.0,0.0,9493.18,1489.34,5099.53,934.64,0.0,33229.66,0.0,36405
3331,0.0,19388.31,0.0,0.0,0.0,9493.18,1317.67,301.24,6165.6,0.0,26527.92,0.0,36666
3332,0.0,19388.31,0.0,0.0,0.0,9493.18,0.0,0.0,8194.51,0.0,17620.85,0.0,37076
3333,0.0,19388.31,0.0,0.0,0.0,9493.18,0.0,0.0,8095.51,0.0,8821.39,0.0,36977
3334,0.0,19388.31,0.0,0.0,0.0,9493.18,1489.34,0.0,4087.17,0.0,4378.81,0.0,34458
3335,0.0,17225.94,0.0,0.0,0.0,9493.18,3123.37,0.0,1273.51,0.0,2994.56,0.0,31116
3336,0.0,12378.86,0.0,0.0,0.0,9493.18,5654.16,0.0,1097.81,0.0,1801.29,0.0,28624
3337,0.0,7531.78,0.0,0.0,0.0,9493.18,9277.85,0.0,1657.19,0.0,0.0,0.0,27960
3338,0.0,2684.7,0.0,0.0,0.0,9493.18,15009.12,0.0,0.0,0.0,0.0,0.0,27187
3339,0.0,0.0,0.0,0.0,0.0,5841.17,21244.83,0.0,0.0,0.0,0.0,0.0,27086
3340,0.0,0.0,0.0,0.0,0.0,9493.18,31312.75,0.0,0.0,13604.93,12516.53,0.0,27201
3341,0.0,0.0,0.0,0.0,0.0,9493.18,18351.82,0.0,0.0,0.0,12516.53,0.0,27845
3342,0.0,0.0,0.0,0.0,0.0,5119.18,24845.82,0.0,0.0,0.0,12516.53,0.0,29965
3343,0.0,0.0,0.0,0.0,0.0,5119.18,40067.51,0.0,0.0,12672.68,24175.4,0.0,32514
3344,0.0,0.0,0.0,0.0,0.0,9493.18,20576.36,3366.47,0.0,0.0,24175.4,0.0,33436
3345,0.0,0.0,0.0,0.0,0.0,9493.18,9733.89,13781.93,0.0,0.0,24175.4,0.0,33009
3346,0.0,0.0,0.0,0.0,0.0,5119.18,27910.82,0.0,0.0,0.0,24175.4,0.0,33030
3347,0.0,0.0,0.0,0.0,0.0,5119.18,4883.0,27722.3,0.0,4971.48,28749.17,0.0,32753
3348,0.0,0.0,0.0,0.0,0.0,9493.18,0.0,23765.82,0.0,0.0,28749.17,0.0,33259
3349,0.0,0.0,0.0,0.0,0.0,5119.18,0.0,28598.82,0.0,0.0,28749.17,0.0,33718
3350,0.0,0.0,0.0,0.0,0.0,745.18,0.0,13138.82,20000.0,0.0,7010.04,0.0,33884
3351,0.0,0.0,0.0,0.0,0.0,0.0,4883.0,29801.0,0.0,0.0,7010.04,0.0,34684
3352,0.0,0.0,0.0,0.0,0.0,4374.0,24934.51,26526.49,0.0,20000.0,25410.04,0.0,35835
3353,0.0,0.0,0.0,0.0,0.0,0.0,38021.36,18955.64,0.0,20000.0,43810.04,0.0,36977
3354,0.0,0.0,0.0,0.0,0.0,4374.0,22654.48,9860.52,0.0,0.0,43810.04,0.0,36889
3355,0.0,0.0,0.0,0.0,0.0,0.0,37148.0,0.0,0.0,0.0,43810.04,0.0,37148
3356,0.0,0.0,0.0,0.0,0.0,4374.0,32968.0,0.0,0.0,0.0,43810.04,0.0,37342
3357,0.0,0.0,0.0,0.0,0.0,0.0,37385.0,0.0,0.0,0.0,43810.04,0.0,37385
3358,0.0,0.0,0.0,0.0,0.0,0.0,34993.0,0.0,0.0,0.0,43810.04,0.0,34993
3359,0.0,0.0,0.0,0.0,0.0,586.6,31712.4,0.0,0.0,0.0,43810.04,0.0,32299
3360,0.0,0.0,0.0,0.0,0.0,1990.1,28310.9,0.0,0.0,0.0,43810.04,0.0,30301
3361,0.0,0.0,0.0,0.0,0.0,6364.1,22716.9,0.0,0.0,0.0,43810.04,0.0,29081
3362,0.0,0.0,0.0,0.0,0.0,9493.18,17193.05,0.0,1190.78,0.0,42515.72,0.0,27877
3363,0.0,0.0,0.0,0.0,0.0,9493.18,1818.4,0.0,16542.42,0.0,24534.83,0.0,27854
3364,0.0,0.0,0.0,0.0,0.0,5119.18,2713.82,0.0,20000.0,0.0,2795.69,0.0,27833
3365,0.0,0.0,0.0,0.0,0.0,9493.18,18256.82,0.0,0.0,0.0,2795.69,0.0,27750
3366,0.0,0.0,0.0,0.0,0.0,9493.18,17652.19,790.76,288.87,0.0,2481.7,0.0,28225
3367,0.0,0.0,0.0,0.0,0.0,7594.86,16739.33,5240.81,0.0,0.0,2481.7,0.0,29575
3368,0.0,0.0,0.0,0.0,0.0,9493.18,16739.33,8766.84,0.0,3408.34,5617.38,0.0,31591
3369,0.0,0.0,0.0,0.0,0.0,9493.18,16739.33,1917.02,4661.47,0.0,550.57,0.0,32811
3370,0.0,0.0,0.0,0.0,0.0,8603.43,19576.27,6410.3,0.0,0.0,550.57,0.0,34590
3371,0.0,0.0,0.0,0.0,0.0,9493.18,19348.11,28765.71,0.0,20000.0,18950.57,0.0,37607
3372,0.0,0.0,0.0,0.0,0.0,5119.18,9773.74,22525.08,0.0,0.0,18950.57,0.0,37418
3373,0.0,0.0,0.0,0.0,0.0,9493.18,15794.54,28596.28,0.0,20000.0,37350.57,0.0,33884
3374,0.0,0.0,0.0,0.0,0.0,7770.48,29970.96,14525.55,0.0,20000.0,55750.57,0.0,32267
3375,0.0,0.0,0.0,0.0,0.0,9493.18,10711.89,12794.94,0.0,0.0,55750.57,0.0,33000
3376,0.0,0.0,0.0,0.0,0.0,9493.18,23336.91,125.91,0.0,0.0,55750.57,0.0,32956
3377,0.0,0.0,0.0,0.0,0.0,9493.18,12019.61,11473.22,0.0,0.0,55750.57,0.0,32986
3378,0.0,0.0,0.0,0.0,0.0,9493.18,23223.82,0.0,0.0,0.0,55750.57,0.0,32717
3379,0.0,0.0,0.0,0.0,0.0,5119.18,27313.79,18.03,0.0,0.0,55750.57,0.0,32451
3380,0.0,0.0,0.0,0.0,0.0,9493.18,22188.63,59.2,0.0,0.0,55750.57,0.0,31741
3381,0.0,0.0,0.0,0.0,0.0,5119.18,26865.82,0.0,0.0,0.0,55750.57,0.0,31985
3382,0.0,0.0,0.0,0.0,0.0,745.18,29608.82,0.0,0.0,0.0,55750.57,0.0,30354
3383,0.0,0.0,0.0,0.0,0.0,0.0,29028.0,0.0,0.0,0.0,55750.57,0.0,29028
3384,0.0,0.0,0.0,0.0,0.0,0.0,27688.0,0.0,0.0,0.0,55750.57,0.0,27688
3385,0.0,0.0,0.0,0.0,0.0,0.0,26366.0,0.0,0.0,0.0,55750.57,0.0,26366
3386,0.0,0.0,0.0,0.0,0.0,0.0,25478.0,0.0,0.0,0.0,55750.57,0.0,25478
3387,0.0,0.0,0.0,0.0,0.0,4374.0,20449.0,0.0,0.0,0.0,55750.57,0.0,24823
3388,0.0,0.0,0.0,0.0,0.0,0.0,24408.0,0.0,0.0,0.0,55750.57,0.0,24408
3389,0.0,0.0,0.0,0.0,0.0,4186.0,0.0,0.0,20000.0,0.0,34011.43,0.0,24186
3390,0.0,0.0,0.0,0.0,0.0,8560.0,15924.0,0.0,0.0,0.0,34011.43,0.0,24484
3391,0.0,0.0,0.0,0.0,0.0,9493.18,23833.93,3006.4,0.0,10991.5,44123.62,0.0,25342
3392,0.0,0.0,0.0,0.0,0.0,9493.18,19576.27,14286.54,0.0,16712.99,59499.56,0.0,26643
3393,0.0,0.0,0.0,0.0,0.0,9493.18,15858.5,12708.47,0.0,10188.15,68872.66,0.0,27872
3394,0.0,0.0,0.0,0.0,0.0,9493.18,12644.0,13279.12,0.0,5922.3,74321.17,0.0,29494
3395,0.0,0.0,0.0,0.0,0.0,9493.18,11214.04,7875.03,1578.75,0.0,72605.15,0.0,30161
3396,0.0,0.0,0.0,0.0,0.0,9493.18,9277.85,9027.78,2890.19,0.0,69463.63,0.0,30689
3397,0.0,0.0,0.0,0.0,0.0,9493.18,943.55,23422.11,0.0,3407.84,72598.84,0.0,30451
3398,0.0,0.0,0.0,0.0,0.0,9493.18,8119.55,11893.27,0.0,0.0,72598.84,0.0,29506
3399,0.0,0.0,0.0,0.0,0.0,9493.18,8119.55,18959.01,0.0,8044.74,80000.0,0.0,28527
3400,0.0,2556.52,0.0,0.0,0.0,9493.18,8119.55,9024.75,0.0,0.0,80000.0,0.0,29194
3401,0.0,0.0,0.0,0.0,0.0,9493.18,7578.43,5711.24,7110.15,0.0,72271.58,0.0,29893
3402,0.0,4847.08,0.0,0.0,0.0,9493.18,6100.34,2587.11,6860.29,0.0,64814.74,0.0,29888
3403,0.0,9694.16,0.0,0.0,0.0,9493.18,4447.15,2346.43,3896.09,0.0,60579.86,0.0,29877
3404,0.0,12077.45,0.0,0.0,0.0,9493.18,3123.37,229.61,5036.39,0.0,55105.52,0.0,29960
3405,0.0,12016.74,0.0,0.0,0.0,9493.18,2092.42,0.0,6851.66,0.0,47658.06,0.0,30454
3406,0.0,16863.82,0.0,0.0,0.0,9493.18,1489.34,0.0,1449.66,0.0,46082.35,0.0,29296
3407,0.0,12016.74,0.0,0.0,0.0,9493.18,0.0,0.0,6111.08,0.0,39439.87,0.0,27621
3408,0.0,16863.82,0.0,0.0,0.0,9493.18,0.0,0.0,0.0,0.0,39439.87,0.0,26357
3409,0.0,12016.74,0.0,0.0,0.0,9493.18,0.0,0.0,3947.08,0.0,35149.57,0.0,25457
3410,0.0,13144.0,0.0,0.0,0.0,9493.18,0.0,0.0,2360.82,0.0,32583.46,0.0,24998
3411,0.0,8296.92,0.0,0.0,0.0,9493.18,2324.71,0.0,4489.19,0.0,27703.9,0.0,24604
3412,0.0,11724.39,0.0,0.0,0.0,9493.18,3425.44,0.0,0.0,0.0,27703.9,0.0,24643
3413,0.0,6877.31,0.0,0.0,0.0,9493.18,3123.37,0.0,5576.14,0.0,21642.87,0.0,25070
3414,0.0,4847.08,0.0,0.0,0.0,9493.18,1675.31,763.62,8656.82,0.0,12233.29,0.0,25436
3415,0.0,0.0,0.0,0.0,0.0,9493.18,0.0,5249.2,11254.62,0.0,0.0,0.0,25997
3416,0.0,2269.57,0.0,0.0,0.0,9493.18,0.0,14481.25,0.0,0.0,0.0,0.0,26244
3417,0.0,0.0,0.0,0.0,0.0,9493.18,0.0,17029.82,0.0,0.0,0.0,0.0,26523
3418,0.0,0.0,0.0,0.0,0.0,9493.18,0.0,24240.47,0.0,6795.65,6252.0,0.0,26938
3419,0.0,0.0,0.0,0.0,0.0,9493.18,1489.34,28893.12,0.0,12286.64,17555.7,0.0,27589
3420,0.0,0.0,0.0,0.0,0.0,7090.6,2324.71,35257.88,0.0,16674.18,32895.95,0.0,27999
3421,0.0,0.0,0.0,0.0,0.0,8948.94,2839.61,36270.45,0.0,20000.0,51295.95,0.0,28059
3422,0.0,0.0,0.0,0.0,0.0,9493.18,3123.37,34676.68,0.0,19019.23,68793.64,0.0,28274
3423,0.0,0.0,0.0,0.0,0.0,9493.18,0.0,30707.65,0.0,12180.83,80000.0,0.0,28020
3424,0.0,0.0,0.0,0.0,0.0,5119.18,0.0,24132.82,0.0,0.0,80000.0,0.0,29252
3425,0.0,0.0,0.0,0.0,0.0,9493.18,4447.15,17269.68,0.0,0.0,80000.0,0.0,31210
3426,0.0,4847.08,0.0,0.0,0.0,9493.18,5230.28,10181.26,1640.21,0.0,78217.16,0.0,31392
3427,0.0,9694.16,0.0,0.0,0.0,9493.18,7061.9,2304.44,2924.32,0.0,75038.55,0.0,31478
3428,0.0,4847.08,0.0,0.0,0.0,9493.18,8685.83,312.9,9036.01,0.0,65216.8,0.0,32375
3429,0.0,1730.93,0.0,0.0,0.0,9493.18,10541.38,0.0,10581.5,0.0,53715.16,0.0,32347
3430,0.0,6578.01,0.0,0.0,0.0,9493.18,11214.04,0.0,3527.77,0.0,49880.63,0.0,30813
3431,0.0,1730.93,0.0,0.0,0.0,9493.18,12644.0,0.0,5118.89,0.0,44316.62,0.0,28987
3432,0.0,0.0,0.0,0.0,0.0,9493.18,13402.44,0.0,4619.38,0.0,39295.56,0.0,27515
3433,0.0,0.0,0.0,0.0,0.0,9493.18,14190.63,0.0,2982.2,0.0,36054.04,0.0,26666
3434,0.0,1699.7,0.0,0.0,0.0,9493.18,15009.12,0.0,0.0,0.0,36054.04,0.0,26202
3435,0.0,1711.7,0.0,0.0,0.0,9493.18,15009.12,0.0,0.0,0.0,36054.04,0.0,26214
3436,0.0,0.0,0.0,0.0,0.0,9493.18,14190.63,0.0,2899.2,0.0,32902.74,0.0,26583
3437,0.0,3702.2,0.0,0.0,0.0,9493.18,14190.63,0.0,0.0,0.0,32902.74,0.0,27386
3438,0.0,0.0,0.0,0.0,0.0,9493.18,14190.63,777.23,4718.97,0.0,27773.43,0.0,29180
3439,0.0,0.0,0.0,0.0,0.0,9493.18,13402.44,4482.85,4097.53,0.0,23319.59,0.0,31476
3440,0.0,0.0,0.0,0.0,0.0,9493.18,11214.04,13538.36,0.0,1443.58,24647.68,0.0,32802
3441,0.0,0.0,0.0,0.0,0.0,9493.18,8119.55,21354.93,0.0,6557.65,30680.73,0.0,32410
3442,0.0,0.0,0.0,0.0,0.0,9493.18,6100.34,27290.73,0.0,11240.25,41021.75,0.0,31644
3443,0.0,0.0,0.0,0.0,0.0,9493.18,4086.75,31642.42,0.0,13140.35,53110.88,0.0,32082
3444,0.0,0.0,0.0,0.0,0.0,9493.18,2573.58,33984.35,0.0,13764.1,65773.85,0.0,32287
3445,0.0,0.0,0.0,0.0,0.0,9493.18,1489.34,25171.22,0.0,3563.74,69052.5,0.0,32590
3446,0.0,0.0,0.0,0.0,0.0,9493.18,1317.67,28991.16,0.0,7141.01,75622.23,0.0,32661
3447,0.0,1504.21,0.0,0.0,0.0,9493.18,1317.67,25095.38,0.0,4758.44,80000.0,0.0,32652
3448,0.0,6351.29,0.0,0.0,0.0,9493.18,1489.34,13472.53,2604.66,0.0,77168.84,0.0,33411
3449,0.0,11198.37,0.0,0.0,0.0,9493.18,1489.34,8401.75,3827.36,0.0,73008.67,0.0,34410
3450,0.0,16045.45,0.0,0.0,0.0,9493.18,1317.67,7910.7,0.0,0.0,73008.67,0.0,34767
3451,0.0,19388.31,0.0,0.0,0.0,9493.18,1159.73,959.25,4251.53,0.0,68387.44,0.0,35252
3452,0.0,19388.31,0.0,0.0,0.0,9493.18,0.0,36.96,6413.55,0.0,61416.19,0.0,35332
3453,0.0,19388.31,0.0,0.0,0.0,9493.18,0.0,0.0,6164.51,0.0,54715.64,0.0,35046
3454,0.0,19388.31,0.0,0.0,0.0,9493.18,0.0,0.0,4121.51,0.0,50235.74,0.0,33003
3455,0.0,19388.31,0.0,0.0,0.0,9493.18,0.0,0.0,1643.51,0.0,48449.32,0.0,30525
3456,0.0,19241.82,0.0,0.0,0.0,9493.18,0.0,0.0,0.0,0.0,48449.32,0.0,28735
3457,0.0,18141.82,0.0,0.0,0.0,9493.18,0.0,0.0,0.0,0.0,48449.32,0.0,27635
3458,0.0,17506.82,0.0,0.0,0.0,9493.18,0.0,0.0,0.0,0.0,48449.32,0.0,27000
3459,0.0,16990.82,0.0,0.0,0.0,9493.18,0.0,0.0,0.0,0.0,48449.32,0.0,26484
3460,0.0,17416.82,0.0,0.0,0.0,9493.18,0.0,0.0,0.0,0.0,48449.32,0.0,26910
3461,0.0,17949.82,0.0,0.0,0.0,9493.18,0.0,0.0,0.0,0.0,48449.32,0.0,27443
3462,0.0,18243.39,0.0,0.0,0.0,9493.18,0.0,929.43,0.0,0.0,48449.32,0.0,28666
3463,0.0,18753.67,0.0,0.0,0.0,9493.18,0.0,3145.15,0.0,0.0,48449.32,0.0,31392
3464,0.0,16984.98,0.0,0.0,0.0,9493.18,0.0,6323.85,0.0,0.0,48449.32,0.0,32802
3465,0.0,14587.26,0.0,0.0,0.0,9493.18,0.0,6634.71,2090.86,0.0,46176.65,0.0,32806
3466,0.0,9740.18,0.0,0.0,0.0,9493.18,0.0,13820.72,0.0,640.07,46765.52,0.0,32414
3467,0.0,14587.26,0.0,0.0,0.0,9493.18,0.0,8481.57,0.0,0.0,46765.52,0.0,32562
3468,0.0,10212.33,0.0,0.0,0.0,9493.18,0.0,8064.8,4805.68,0.0,41541.95,0.0,32576
3469,0.0,5365.25,0.0,0.0,0.0,9493.18,0.0,13286.05,4405.51,0.0,36753.34,0.0,32550
3470,0.0,518.18,0.0,0.0,0.0,9493.18,0.0,31718.19,0.0,9139.55,45161.73,0.0,32590
3471,0.0,0.0,0.0,0.0,0.0,9493.18,0.0,28245.68,0.0,4239.86,49062.4,0.0,33499
3472,0.0,2985.95,0.0,0.0,0.0,9493.18,1489.34,23009.84,0.0,2709.31,51554.97,0.0,34269
3473,0.0,7833.03,0.0,0.0,0.0,9493.18,1675.31,16826.49,0.0,0.0,51554.97,0.0,35828
3474,0.0,12680.11,0.0,0.0,0.0,9493.18,1489.34,9092.43,2410.95,0.0,48934.37,0.0,35166
3475,0.0,17527.18,0.0,0.0,0.0,9493.18,1159.73,2375.53,4684.37,0.0,43842.66,0.0,35240
3476,0.0,19388.31,0.0,0.0,0.0,9493.18,0.0,197.62,6854.88,0.0,36391.7,0.0,35934
3477,0.0,19388.31,0.0,0.0,0.0,9493.18,0.0,0.0,6485.51,0.0,29342.23,0.0,35367
3478,0.0,19388.31,0.0,0.0,0.0,9493.18,0.0,0.0,4132.51,0.0,24850.38,0.0,33014
3479,0.0,19388.31,0.0,0.0,0.0,9493.18,0.0,0.0,1913.51,0.0,22770.48,0.0,30795
3480,0.0,19230.82,0.0,0.0,0.0,9493.18,0.0,0.0,0.0,0.0,22770.48,0.0,28724
3481,0.0,18401.82,0.0,0.0,0.0,9493.18,0.0,0.0,0.0,0.0,22770.48,0.0,27895
3482,0.0,18461.82,0.0,0.0,0.0,9493.18,0.0,0.0,0.0,0.0,22770.48,0.0,27955
3483,0.0,18078.82,0.0,0.0,0.0,9493.18,0.0,0.0,0.0,0.0,22770.48,0.0,27572
3484,0.0,17520.82,0.0,0.0,0.0,9493.18,0.0,0.0,0.0,0.0,22770.48,0.0,27014
3485,0.0,18171.82,0.0,0.0,0.0,9493.18,0.0,0.0,0.0,0.0,22770.48,0.0,27665
3486,0.0,19388.31,0.0,0.0,0.0,9493.18,0.0,481.16,784.35,0.0,21917.93,0.0,30147
3487,0.0,19388.31,0.0,0.0,0.0,9493.18,0.0,1027.21,3091.29,0.0,18557.83,0.0,33000
3488,0.0,19388.31,0.0,0.0,0.0,9493.18,0.0,823.76,4897.75,0.0,13234.19,0.0,34603
3489,0.0,19388.31,0.0,0.0,0.0,9493.18,0.0,3369.59,2183.91,0.0,10860.37,0.0,34435
3490,0.0,16755.56,0.0,0.0,0.0,9493.18,0.0,6651.34,1654.92,0.0,9061.55,0.0,34555
3491,0.0,11908.48,0.0,0.0,0.0,9493.18,0.0,13418.34,0.0,0.0,9061.55,0.0,34820
3492,0.0,10603.57,0.0,0.0,0.0,9493.18,0.0,15692.25,0.0,0.0,9061.55,0.0,35789
3493,0.0,15450.65,0.0,0.0,0.0,9493.18,0.0,10755.31,1053.86,0.0,7916.05,0.0,36753
3494,0.0,17467.44,0.0,0.0,0.0,9493.18,1317.67,8597.71,0.0,0.0,7916.05,0.0,36876
3495,0.0,18211.49,0.0,0.0,0.0,9493.18,2573.58,7146.75,0.0,0.0,7916.05,0.0,37425
3496,0.0,19388.31,0.0,0.0,0.0,9493.18,4086.75,5124.52,33.24,0.0,7879.92,0.0,38126
3497,0.0,19388.31,0.0,0.0,0.0,9493.18,5654.16,1604.89,3258.46,0.0,4338.11,0.0,39399
3498,0.0,19388.31,0.0,0.0,0.0,9493.18,6569.4,3145.63,590.48,0.0,3696.28,0.0,39187
3499,0.0,19388.31,0.0,0.0,0.0,9493.18,8119.55,1265.4,1104.56,0.0,2495.67,0.0,39371
3500,0.0,18705.57,0.0,0.0,0.0,9493.18,10541.38,176.87,0.0,0.0,2495.67,0.0,38917
3501,0.0,15532.79,0.0,0.0,0.0,9493.18,12644.0,0.0,1395.03,0.0,979.34,0.0,39065
3502,0.0,10685.71,0.0,0.0,0.0,9493.18,15009.12,0.0,900.99,0.0,0.0,0.0,36089
3503,0.0,5838.64,0.0,0.0,0.0,9493.18,17652.19,0.0,0.0,0.0,0.0,0.0,32984
3504,0.0,991.56,0.0,0.0,0.0,9493.18,20588.64,0.0,0.0,98.38,90.51,0.0,30975
3505,0.0,0.0,0.0,0.0,0.0,9493.18,21635.33,0.0,0.0,1406.5,1384.49,0.0,29722
3506,0.0,593.18,0.0,0.0,0.0,9493.18,18597.64,0.0,0.0,0.0,1384.49,0.0,28684
3507,0.0,3872.7,0.0,0.0,0.0,9493.18,15009.12,0.0,0.0,0.0,1384.49,0.0,28375
3508,0.0,7436.1,0.0,0.0,0.0,9493.18,11914.72,0.0,0.0,0.0,1384.49,0.0,28844
3509,0.0,10512.97,0.0,0.0,0.0,9493.18,9277.85,0.0,0.0,0.0,1384.49,0.0,29284
3510,0.0,13589.74,0.0,0.0,0.0,9493.18,7061.9,1017.18,0.0,0.0,1384.49,0.0,31162
3511,0.0,13951.13,0.0,0.0,0.0,9493.18,6100.34,3020.24,1017.12,0.0,278.93,0.0,33582
3512,0.0,9104.05,0.0,0.0,0.0,9493.18,4447.15,12730.63,0.0,0.0,278.93,0.0,35775
3513,0.0,5026.07,0.0,0.0,0.0,9493.18,1876.14,20214.62,0.0,0.0,278.93,0.0,36610
3514,0.0,1205.86,0.0,0.0,0.0,9493.18,0.0,26173.96,0.0,0.0,278.93,0.0,36873
3515,0.0,5237.93,0.0,0.0,0.0,9493.18,0.0,22141.89,0.0,0.0,278.93,0.0,36873
3516,0.0,2334.27,0.0,0.0,0.0,9493.18,0.0,24985.55,0.0,0.0,278.93,0.0,36813
3517,0.0,0.0,0.0,0.0,0.0,9493.18,0.0,33003.61,0.0,5560.79,5394.86,0.0,36936
3518,0.0,0.0,0.0,0.0,0.0,9493.18,0.0,31429.17,0.0,4351.35,9398.09,0.0,36571
3519,0.0,0.0,0.0,0.0,0.0,9493.18,3123.37,28144.05,0.0,4318.6,13371.21,0.0,36442
3520,0.0,235.86,0.0,0.0,0.0,9493.18,5654.16,23138.03,0.0,1106.22,14388.93,0.0,37415
3521,0.0,5082.94,0.0,0.0,0.0,9493.18,6569.4,14463.9,3076.59,0.0,11044.81,0.0,38686
3522,0.0,9930.01,0.0,0.0,0.0,9493.18,7578.43,7413.97,3675.41,0.0,7049.8,0.0,38091
3523,0.0,14777.09,0.0,0.0,0.0,9493.18,7578.43,2269.45,4071.85,0.0,2623.87,0.0,38190
3524,0.0,19388.31,0.0,0.0,0.0,9493.18,7061.9,320.2,1128.41,0.0,1397.35,0.0,37392
3525,0.0,19388.31,0.0,0.0,0.0,9493.18,6569.4,0.0,1076.11,0.0,227.66,0.0,36527
3526,0.0,18547.42,0.0,0.0,0.0,9493.18,6569.4,0.0,0.0,0.0,227.66,0.0,34610
3527,0.0,16098.42,0.0,0.0,0.0,9493.18,6569.4,0.0,0.0,0.0,227.66,0.0,32161
3528,0.0,12781.27,0.0,0.0,0.0,9493.18,8119.55,0.0,0.0,0.0,227.66,0.0,30394
3529,0.0,9970.97,0.0,0.0,0.0,9493.18,9277.85,0.0,0.0,0.0,227.66,0.0,28742
3530,0.0,7690.44,0.0,0.0,0.0,9493.18,10541.38,0.0,0.0,0.0,227.66,0.0,27725
3531,0.0,5512.1,0.0,0.0,0.0,9493.18,11914.72,0.0,0.0,0.0,227.66,0.0,26920
3532,0.0,4454.82,0.0,0.0,0.0,9493.18,12644.0,0.0,0.0,0.0,227.66,0.0,26592
3533,0.0,4999.82,0.0,0.0,0.0,9493.18,12644.0,0.0,0.0,0.0,227.66,0.0,27137
3534,0.0,5706.09,0.0,0.0,0.0,9493.18,11214.04,1039.69,0.0,0.0,227.66,0.0,27453
3535,0.0,4847.08,0.0,0.0,0.0,9493.18,9896.18,4393.12,209.45,0.0,0.0,0.0,28839
3536,0.0,0.0,0.0,0.0,0.0,9493.18,11914.72,9882.96,0.0,966.86,889.51,0.0,30324
3537,0.0,0.0,0.0,0.0,0.0,9493.18,18597.64,17418.86,0.0,14428.68,14163.9,0.0,31081
3538,0.0,0.0,0.0,0.0,0.0,5119.18,24287.02,22135.8,0.0,20000.0,32563.9,0.0,31542
3539,0.0,0.0,0.0,0.0,0.0,745.18,25705.13,26270.69,0.0,20000.0,50963.9,0.0,32721
3540,0.0,0.0,0.0,0.0,0.0,5119.18,11475.26,27415.54,0.0,11560.98,61600.0,0.0,32449
3541,0.0,0.0,0.0,0.0,0.0,9493.18,17652.19,24669.64,0.0,20000.0,80000.0,0.0,31815
3542,0.0,0.0,0.0,0.0,0.0,9493.18,11914.72,10384.1,0.0,0.0,80000.0,0.0,31792
3543,0.0,0.0,0.0,0.0,0.0,9493.18,1007.86,21460.96,0.0,0.0,80000.0,0.0,31962
3544,0.0,0.0,0.0,0.0,0.0,7851.92,6294.77,18627.32,0.0,0.0,80000.0,0.0,32774
3545,0.0,3887.2,0.0,0.0,0.0,9493.18,6569.4,15073.22,0.0,0.0,80000.0,0.0,35023
3546,0.0,8734.28,0.0,0.0,0.0,9493.18,7061.9,8570.93,1935.7,0.0,77895.97,0.0,35796
3547,0.0,8036.66,0.0,0.0,0.0,9493.18,6100.34,2728.41,8823.41,0.0,68305.31,0.0,35182
3548,0.0,12883.74,0.0,0.0,0.0,9493.18,4828.13,229.2,7025.74,0.0,60668.63,0.0,34460
3549,0.0,17730.82,0.0,0.0,0.0,9493.18,2573.58,0.0,4455.42,0.0,55825.78,0.0,34253
3550,0.0,12883.74,0.0,0.0,0.0,9493.18,0.0,0.0,10213.08,0.0,44724.61,0.0,32590
3551,0.0,17730.82,0.0,0.0,0.0,9493.18,0.0,0.0,3481.0,0.0,40940.91,0.0,30705
3552,0.0,12883.74,0.0,0.0,0.0,9493.18,0.0,0.0,6111.08,0.0,34298.44,0.0,28488
3553,0.0,17730.82,0.0,0.0,0.0,9493.18,0.0,0.0,0.0,0.0,34298.44,0.0,27224
3554,0.0,12883.74,0.0,0.0,0.0,9493.18,0.0,0.0,4356.08,0.0,29563.57,0.0,26733
3555,0.0,12543.86,0.0,0.0,0.0,9493.18,0.0,0.0,4310.96,0.0,24877.75,0.0,26348
3556,0.0,7696.79,0.0,0.0,0.0,9493.18,1317.67,0.0,7814.36,0.0,16383.87,0.0,26322
3557,0.0,12543.86,0.0,0.0,0.0,9493.18,1675.31,0.0,2439.65,0.0,13732.08,0.0,26152
3558,0.0,7696.79,0.0,0.0,0.0,9493.18,2324.71,1029.66,6010.68,0.0,7198.73,0.0,26555
3559,0.0,2849.71,0.0,0.0,0.0,9493.18,3425.44,5005.84,6622.84,0.0,0.0,0.0,27397
3560,0.0,1593.06,0.0,0.0,0.0,9493.18,5654.16,12222.61,0.0,0.0,0.0,0.0,28963
3561,0.0,0.0,0.0,0.0,0.0,5119.18,7237.52,18173.3,0.0,0.0,0.0,0.0,30530
3562,0.0,0.0,0.0,0.0,0.0,9493.18,9396.27,24460.92,0.0,12230.37,11251.94,0.0,31120
3563,0.0,0.0,0.0,0.0,0.0,9493.18,12644.0,28737.61,0.0,19179.79,28897.34,0.0,31695
3564,0.0,0.0,0.0,0.0,0.0,9493.18,14190.63,28753.2,0.0,20000.0,47297.34,0.0,32437
3565,0.0,0.0,0.0,0.0,0.0,5119.18,11266.78,25361.94,0.0,8735.91,55334.37,0.0,33012
3566,0.0,0.0,0.0,0.0,0.0,9493.18,9995.85,29849.81,0.0,16068.84,70117.71,0.0,33270
3567,0.0,0.0,0.0,0.0,0.0,9493.18,8119.55,27275.89,0.0,10741.62,80000.0,0.0,34147
3568,0.0,0.0,0.0,0.0,0.0,7490.1,6100.34,22251.56,0.0,0.0,80000.0,0.0,35842
3569,0.0,4847.08,0.0,0.0,0.0,9493.18,4086.75,16473.19,2793.8,0.0,76963.26,0.0,37694
3570,0.0,9694.16,0.0,0.0,0.0,9493.18,2573.58,9044.67,7664.41,0.0,68632.37,0.0,38470
3571,0.0,14541.24,0.0,0.0,0.0,9493.18,2092.42,2711.05,9911.12,0.0,57859.42,0.0,38749
3572,0.0,19388.31,0.0,0.0,0.0,9493.18,1876.14,221.34,6879.03,0.0,50382.21,0.0,37858
3573,0.0,19388.31,0.0,0.0,0.0,9493.18,2092.42,0.0,5858.09,0.0,44014.72,0.0,36832
3574,0.0,19388.31,0.0,0.0,0.0,9493.18,2324.71,0.0,4070.8,0.0,39589.94,0.0,35277
3575,0.0,19388.31,0.0,0.0,0.0,9493.18,2573.58,0.0,1302.93,0.0,38173.71,0.0,32758
3576,0.0,19388.31,0.0,0.0,0.0,9493.18,2573.58,0.0,0.0,923.07,39022.94,0.0,30532
3577,0.0,19388.31,0.0,0.0,0.0,9493.18,2573.58,0.0,0.0,2722.07,41527.24,0.0,28733
3578,0.0,19388.31,0.0,0.0,0.0,9493.18,2839.61,0.0,0.0,4079.1,45280.02,0.0,27642
3579,0.0,15353.24,0.0,0.0,0.0,9493.18,2573.58,0.0,0.0,0.0,45280.02,0.0,27420
3580,0.0,15651.12,0.0,0.0,0.0,9493.18,2324.71,0.0,0.0,0.0,45280.02,0.0,27469
3581,0.0,19388.31,0.0,0.0,0.0,9493.18,1489.34,0.0,0.0,1845.83,46978.19,0.0,28525
3582,0.0,19388.31,0.0,0.0,0.0,9493.18,0.0,774.72,760.78,0.0,46151.25,0.0,30417
3583,0.0,19388.31,0.0,0.0,0.0,9493.18,0.0,4180.36,829.15,0.0,45250.0,0.0,33891
3584,0.0,15479.28,0.0,0.0,0.0,9493.18,0.0,10689.55,0.0,0.0,45250.0,0.0,35662
3585,0.0,17350.22,0.0,0.0,0.0,9493.18,0.0,15466.83,0.0,5891.23,50669.93,0.0,36419
3586,0.0,12503.14,0.0,0.0,0.0,9493.18,0.0,20203.9,0.0,4561.21,54866.25,0.0,37639
3587,0.0,7656.06,0.0,0.0,0.0,9493.18,0.0,25194.43,0.0,3516.67,58101.59,0.0,38827
3588,0.0,2808.98,0.0,0.0,0.0,9493.18,0.0,27932.0,0.0,249.17,58330.82,0.0,39985
3589,0.0,7656.06,0.0,0.0,0.0,9493.18,0.0,30462.15,0.0,7130.39,64890.78,0.0,40481
3590,0.0,12503.14,0.0,0.0,0.0,9493.18,0.0,29441.16,0.0,9627.48,73748.06,0.0,41810
3591,0.0,17350.22,0.0,0.0,0.0,9493.18,0.0,22702.48,0.0,6201.88,79453.79,0.0,43344
3592,0.0,14541.24,0.0,0.0,0.0,9493.18,0.0,21656.29,0.0,593.7,80000.0,0.0,45097
3593,0.0,19388.31,0.0,0.0,0.0,9493.18,0.0,13858.03,4168.47,0.0,75469.05,0.0,46908
3594,0.0,19388.31,0.0,0.0,2220.87,9493.18,0.0,8219.5,7473.14,0.0,67346.08,0.0,46795
3595,0.0,19388.31,0.0,0.0,0.0,9493.18,0.0,2487.07,15308.43,0.0,50706.47,0.0,46677
3596,0.0,19388.31,0.0,0.0,0.0,9493.18,0.0,186.07,16933.44,0.0,32300.56,0.0,46001
3597,0.0,19388.31,0.0,0.0,8341.01,9493.18,0.0,0.0,7576.5,0.0,24065.23,0.0,44799
3598,0.0,19388.31,0.0,0.0,0.0,9493.18,0.0,0.0,12812.51,0.0,10138.6,0.0,41694
3599,0.0,19388.31,0.0,0.0,0.0,9493.18,0.0,0.0,9327.51,0.0,0.0,0.0,38209
3600,0.0,19388.31,0.0,0.0,5078.78,9493.18,1159.73,0.0,0.0,0.0,0.0,0.0,35120
3601,0.0,19388.31,0.0,0.0,1059.9,9493.18,2839.61,0.0,0.0,0.0,0.0,0.0,32781
3602,0.0,16530.67,0.0,0.0,0.0,9493.18,5654.16,0.0,0.0,0.0,0.0,0.0,31678
3603,0.0,19388.31,0.0,0.0,0.0,9493.18,11214.04,0.0,0.0,9252.53,8512.33,0.0,30843
3604,0.0,14541.24,0.0,0.0,0.0,9493.18,17652.19,0.0,0.0,11182.6,18800.32,0.0,30504
3605,0.0,9694.16,0.0,0.0,0.0,9493.18,20588.64,0.0,0.0,8546.98,26663.54,0.0,31229
3606,0.0,14541.24,0.0,0.0,0.0,9493.18,18597.64,1050.64,0.0,10555.7,36374.78,0.0,33127
3607,0.0,9694.16,0.0,0.0,0.0,9493.18,15858.5,4976.61,0.0,3324.44,39433.27,0.0,36698
3608,0.0,8390.77,0.0,0.0,0.0,9493.18,12644.0,9337.05,0.0,0.0,39433.27,0.0,39865
3609,0.0,13237.85,0.0,0.0,0.0,9493.18,9896.18,14684.6,0.0,5833.8,44800.37,0.0,41478
3610,0.0,8390.77,0.0,0.0,0.0,9493.18,7578.43,19909.75,0.0,2427.13,47033.33,0.0,42945
3611,0.0,12004.68,0.0,0.0,0.0,9493.18,5230.28,21267.11,0.0,3973.25,50688.71,0.0,44022
3612,0.0,16851.76,0.0,0.0,0.0,9493.18,4086.75,27125.45,0.0,12585.14,62267.04,0.0,44972
3613,0.0,12004.68,0.0,0.0,0.0,9493.18,3425.44,26940.88,0.0,6167.18,67940.84,0.0,45697
3614,0.0,13144.0,0.0,0.0,0.0,9493.18,3123.37,26987.18,0.0,6811.73,74207.63,0.0,45936
3615,0.0,17991.08,0.0,0.0,0.0,9493.18,3123.37,21714.42,0.0,6296.05,80000.0,0.0,46026
3616,0.0,14728.48,0.0,0.0,0.0,9493.18,3123.37,20514.97,0.0,0.0,80000.0,0.0,47860
3617,0.0,19388.31,0.0,0.0,1913.4,9493.18,3123.37,14903.74,0.0,0.0,80000.0,0.0,48822
3618,0.0,19388.31,0.0,0.0,0.0,9493.18,2573.58,7809.71,9850.22,0.0,69293.24,0.0,49115
3619,0.0,19388.31,0.0,0.0,5004.43,9493.18,2573.58,2935.65,9590.85,0.0,58868.4,0.0,48986
3620,0.0,19388.31,0.0,0.0,0.0,9493.18,2839.61,275.72,16029.18,0.0,41445.38,0.0,48026
3621,0.0,19388.31,0.0,0.0,8341.01,9493.18,0.0,0.0,10038.5,0.0,30533.97,0.0,47261
3622,0.0,19388.31,0.0,0.0,8341.01,9493.18,0.0,0.0,7101.5,0.0,22814.95,0.0,44324
3623,0.0,19388.31,0.0,0.0,0.0,9493.18,1317.67,0.0,9965.83,0.0,11982.52,0.0,40165
3624,0.0,19388.31,0.0,0.0,6383.2,9493.18,1675.31,0.0,0.0,0.0,11982.52,0.0,36940
3625,0.0,19388.31,0.0,0.0,0.0,9988.47,1675.31,0.0,3687.91,0.0,7973.92,0.0,34740
3626,0.0,19388.31,0.0,0.0,2320.48,9988.47,1159.73,0.0,0.0,0.0,7973.92,0.0,32857
3627,0.0,19388.31,0.0,0.0,2463.21,9988.47,0.0,0.0,0.0,0.0,7973.92,0.0,31840
3628,0.0,19388.31,0.0,0.0,2781.21,9988.47,0.0,0.0,0.0,0.0,7973.92,0.0,32158
3629,0.0,19388.31,0.0,0.0,0.0,9988.47,0.0,0.0,3386.21,0.0,4293.26,0.0,32763
3630,0.0,19388.31,0.0,0.0,0.0,9988.47,0.0,898.41,3949.8,0.0,0.0,0.0,34225
3631,0.0,19388.31,0.0,0.0,3976.94,9988.47,0.0,5235.28,0.0,0.0,0.0,0.0,38589
3632,0.0,18007.14,0.0,0.0,0.0,9988.47,0.0,13659.39,0.0,0.0,0.0,0.0,41655
3633,0.0,13160.06,0.0,0.0,0.0,9988.47,0.0,21477.56,0.0,2560.1,2355.29,0.0,42066
3634,0.0,8312.98,0.0,0.0,0.0,9988.47,1317.67,27693.71,0.0,6434.83,8275.34,0.0,40878
3635,0.0,3465.9,0.0,0.0,0.0,9988.47,1675.31,31941.69,0.0,6726.37,14463.6,0.0,40345
3636,0.0,0.0,0.0,0.0,0.0,9988.47,1876.14,34322.17,0.0,5663.78,19674.28,0.0,40523
3637,0.0,0.0,0.0,0.0,0.0,9988.47,1876.14,34946.3,0.0,5153.92,24415.88,0.0,41657
3638,0.0,0.0,0.0,0.0,0.0,9988.47,2092.42,32930.44,0.0,3743.33,27859.75,0.0,41268
3639,0.0,2912.68,0.0,0.0,0.0,9988.47,2092.42,29285.44,0.0,2167.02,29853.41,0.0,42112
3640,0.0,7759.76,0.0,0.0,0.0,9988.47,2324.71,24081.3,0.0,1449.24,31186.71,0.0,42705
3641,0.0,12606.84,0.0,0.0,0.0,9988.47,2324.71,17518.98,0.0,0.0,31186.71,0.0,42439
3642,0.0,17453.92,0.0,0.0,0.0,9988.47,2324.71,9659.91,2548.99,0.0,28416.07,0.0,41976
3643,0.0,19388.31,0.0,0.0,0.0,9988.47,2573.58,2850.66,6168.97,0.0,21710.66,0.0,40970
3644,0.0,19388.31,0.0,0.0,0.0,9988.47,3123.37,298.98,7480.85,0.0,13579.3,0.0,40280
3645,0.0,19388.31,0.0,0.0,0.0,9988.47,3746.37,0.0,6416.84,0.0,6604.47,0.0,39540
3646,0.0,19388.31,0.0,0.0,0.0,9988.47,4447.15,0.0,3248.07,0.0,3073.97,0.0,37072
3647,0.0,19162.38,0.0,0.0,0.0,9988.47,4447.15,0.0,0.0,0.0,3073.97,0.0,33598
3648,0.0,17325.16,0.0,0.0,0.0,9988.47,3746.37,0.0,0.0,0.0,3073.97,0.0,31060
3649,0.0,16465.15,0.0,0.0,0.0,9988.47,3123.37,0.0,0.0,0.0,3073.97,0.0,29577
3650,0.0,15765.91,0.0,0.0,0.0,9988.47,2839.61,0.0,0.0,0.0,3073.97,0.0,28594
3651,0.0,14983.91,0.0,0.0,0.0,9988.47,2839.61,0.0,0.0,0.0,3073.97,0.0,27812
3652,0.0,15048.91,0.0,0.0,0.0,9988.47,2839.61,0.0,0.0,0.0,3073.97,0.0,27877
3653,0.0,15974.95,0.0,0.0,0.0,9988.47,2573.58,0.0,0.0,0.0,3073.97,0.0,28537
3654,0.0,17004.75,0.0,0.0,0.0,9988.47,2324.71,965.07,0.0,0.0,3073.97,0.0,30283
3655,0.0,13584.08,0.0,0.0,0.0,9988.47,1876.14,5433.46,1877.84,0.0,1032.84,0.0,32760
3656,0.0,8737.0,0.0,0.0,0.0,9988.47,1675.31,13958.22,0.0,0.0,1032.84,0.0,34359
3657,0.0,3889.93,0.0,0.0,0.0,9988.47,1489.34,21976.51,0.0,2600.25,3425.06,0.0,34744
3658,0.0,0.0,0.0,0.0,0.0,9988.47,1317.67,28399.23,0.0,4599.38,7656.49,0.0,35106
3659,0.0,0.0,0.0,0.0,0.0,9988.47,1159.73,33124.73,0.0,8730.93,15688.95,0.0,35542
3660,0.0,0.0,0.0,0.0,0.0,9988.47,1159.73,35775.54,0.0,10698.75,25531.8,0.0,36225
3661,0.0,0.0,0.0,0.0,0.0,9988.47,0.0,36442.52,0.0,10107.0,34830.24,0.0,36324
3662,0.0,0.0,0.0,0.0,0.0,9988.47,0.0,34620.61,0.0,8453.09,42607.07,0.0,36156
3663,0.0,0.0,0.0,0.0,0.0,9988.47,0.0,28547.4,0.0,3039.87,45403.76,0.0,35496
3664,0.0,3449.84,0.0,0.0,0.0,9988.47,0.0,23305.91,0.0,1158.22,46469.33,0.0,35586
3665,0.0,8296.92,0.0,0.0,0.0,9988.47,0.0,19368.23,0.0,1599.63,47940.99,0.0,36054
3666,0.0,13144.0,0.0,0.0,0.0,9988.47,1159.73,10740.56,1079.23,0.0,46767.91,0.0,36112
3667,0.0,17991.08,0.0,0.0,0.0,9988.47,1317.67,2901.28,4868.49,0.0,41476.07,0.0,37067
3668,0.0,19388.31,0.0,0.0,0.0,9988.47,1675.31,338.26,5895.65,0.0,35067.76,0.0,37286
3669,0.0,19388.31,0.0,0.0,0.0,9988.47,1876.14,0.0,5724.07,0.0,28845.94,0.0,36977
3670,0.0,19388.31,0.0,0.0,0.0,9988.47,1876.14,0.0,3505.07,0.0,25036.08,0.0,34758
3671,0.0,19388.31,0.0,0.0,0.0,9988.47,2092.42,0.0,864.8,0.0,24096.09,0.0,32334
3672,0.0,17863.11,0.0,0.0,0.0,9988.47,2092.42,0.0,0.0,0.0,24096.09,0.0,29944
3673,0.0,16211.11,0.0,0.0,0.0,9988.47,2092.42,0.0,0.0,0.0,24096.09,0.0,28292
3674,0.0,15639.82,0.0,0.0,0.0,9988.47,2324.71,0.0,0.0,0.0,24096.09,0.0,27953
3675,0.0,14718.91,0.0,0.0,0.0,9988.47,2839.61,0.0,0.0,0.0,24096.09,0.0,27547
3676,0.0,14757.91,0.0,0.0,0.0,9988.47,2839.61,0.0,0.0,0.0,24096.09,0.0,27586
3677,0.0,15727.95,0.0,0.0,0.0,9988.47,2573.58,0.0,0.0,0.0,24096.09,0.0,28290
3678,0.0,17681.13,0.0,0.0,0.0,9988.47,1876.14,54.25,0.0,0.0,24096.09,0.0,29600
3679,0.0,18636.06,0.0,0.0,0.0,9988.47,1675.31,535.14,1376.01,0.0,22600.42,0.0,32211
3680,0.0,13788.98,0.0,0.0,0.0,9988.47,1876.14,8214.4,0.0,0.0,22600.42,0.0,33868
3681,0.0,11404.24,0.0,0.0,0.0,9988.47,2839.61,9900.67,0.0,0.0,22600.42,0.0,34133
3682,0.0,8008.26,0.0,0.0,0.0,9988.47,4086.75,12480.51,0.0,0.0,22600.42,0.0,34564
3683,0.0,9343.37,0.0,0.0,0.0,9988.47,5230.28,9837.87,0.0,0.0,22600.42,0.0,34400
3684,0.0,4496.29,0.0,0.0,0.0,9988.47,5654.16,20803.0,0.0,6211.93,28315.39,0.0,34730
3685,0.0,419.19,0.0,0.0,0.0,9988.47,5230.28,19759.06,0.0,0.0,28315.39,0.0,35397
3686,0.0,5011.42,0.0,0.0,0.0,9988.47,4828.13,15609.97,0.0,0.0,28315.39,0.0,35438
3687,0.0,9858.5,0.0,0.0,0.0,9988.47,4447.15,10550.79,900.09,0.0,27337.04,0.0,35745
3688,0.0,8079.94,0.0,0.0,0.0,9988.47,4447.15,16230.11,0.0,2744.66,29862.13,0.0,36001
3689,0.0,12927.02,0.0,0.0,0.0,9988.47,4086.75,8628.86,849.9,0.0,28938.32,0.0,36481
3690,0.0,17774.09,0.0,0.0,0.0,9988.47,3425.44,5037.0,0.0,0.0,28938.32,0.0,36225
3691,0.0,19388.31,0.0,0.0,0.0,9988.47,2573.58,2278.7,2000.93,0.0,26763.4,0.0,36230
3692,0.0,19388.31,0.0,0.0,0.0,9988.47,2092.42,199.92,4322.88,0.0,22064.62,0.0,35992
3693,0.0,19388.31,0.0,0.0,0.0,9988.47,1675.31,0.0,4392.91,0.0,17289.72,0.0,35445
3694,0.0,19388.31,0.0,0.0,0.0,9988.47,1489.34,0.0,2604.87,0.0,14458.34,0.0,33471
3695,0.0,19388.31,0.0,0.0,0.0,9988.47,1159.73,0.0,371.48,0.0,14054.55,0.0,30908
3696,0.0,18670.53,0.0,0.0,0.0,9988.47,0.0,0.0,0.0,0.0,14054.55,0.0,28659
3697,0.0,17327.53,0.0,0.0,0.0,9988.47,0.0,0.0,0.0,0.0,14054.55,0.0,27316
3698,0.0,15246.85,0.0,0.0,0.0,9988.47,1317.67,0.0,0.0,0.0,14054.55,0.0,26553
3699,0.0,13011.91,0.0,0.0,0.0,9988.47,2839.61,0.0,0.0,0.0,14054.55,0.0,25840
3700,0.0,10836.39,0.0,0.0,0.0,9988.47,4828.13,0.0,0.0,0.0,14054.55,0.0,25653
3701,0.0,10665.25,0.0,0.0,0.0,9988.47,5230.28,0.0,0.0,0.0,14054.55,0.0,25884
3702,0.0,10643.24,0.0,0.0,0.0,9988.47,5230.28,566.0,0.0,0.0,14054.55,0.0,26428
3703,0.0,9192.87,0.0,0.0,0.0,9988.47,4828.13,4241.53,0.0,0.0,14054.55,0.0,28251
3704,0.0,11874.45,0.0,0.0,0.0,9988.47,4086.75,3223.32,0.0,0.0,14054.55,0.0,29173
3705,0.0,14059.4,0.0,0.0,0.0,9988.47,3746.37,1542.75,0.0,0.0,14054.55,0.0,29337
3706,0.0,9212.33,0.0,0.0,0.0,9988.47,3425.44,3443.72,3272.05,0.0,10497.98,0.0,29342
3707,0.0,4365.25,0.0,0.0,0.0,9988.47,2573.58,20547.31,0.0,7574.61,17466.62,0.0,29900
3708,0.0,32.74,0.0,0.0,0.0,9988.47,1876.14,18091.63,0.0,148.98,17603.68,0.0,29840
3709,0.0,4879.82,0.0,0.0,0.0,9988.47,1675.31,9759.02,3145.38,0.0,14184.79,0.0,29448
3710,0.0,7966.22,0.0,0.0,0.0,9988.47,1675.31,9712.0,0.0,0.0,14184.79,0.0,29342
3711,0.0,11309.32,0.0,0.0,0.0,9988.47,1876.14,6373.06,0.0,0.0,14184.79,0.0,29547
3712,0.0,6462.25,0.0,0.0,0.0,9988.47,2092.42,18971.39,0.0,6784.53,20426.55,0.0,30730
3713,0.0,9694.16,0.0,0.0,0.0,9988.47,1876.14,13560.01,0.0,3098.78,23277.43,0.0,32020
3714,0.0,14541.24,0.0,0.0,0.0,9988.47,1675.31,5243.46,1394.52,0.0,21761.65,0.0,32843
3715,0.0,19388.31,0.0,0.0,0.0,9988.47,1489.34,1700.52,302.35,0.0,21433.01,0.0,32869
3716,0.0,19388.31,0.0,0.0,0.0,9988.47,1489.34,113.32,1384.55,0.0,19928.07,0.0,32364
3717,0.0,19388.31,0.0,0.0,0.0,9988.47,1489.34,0.0,1444.87,0.0,18357.55,0.0,32311
3718,0.0,19388.31,0.0,0.0,0.0,9988.47,1159.73,0.0,606.48,0.0,17698.34,0.0,31143
3719,0.0,19263.53,0.0,0.0,0.0,9988.47,0.0,0.0,0.0,0.0,17698.34,0.0,29252
3720,0.0,17281.53,0.0,0.0,0.0,9988.47,0.0,0.0,0.0,0.0,17698.34,0.0,27270
3721,0.0,15985.53,0.0,0.0,0.0,9988.47,0.0,0.0,0.0,0.0,17698.34,0.0,25974
3722,0.0,15360.53,0.0,0.0,0.0,9988.47,0.0,0.0,0.0,0.0,17698.34,0.0,25349
3723,0.0,15018.53,0.0,0.0,0.0,9988.47,0.0,0.0,0.0,0.0,17698.34,0.0,25007
3724,0.0,14677.53,0.0,0.0,0.0,9988.47,0.0,0.0,0.0,0.0,17698.34,0.0,24666
3725,0.0,14525.53,0.0,0.0,0.0,9988.47,0.0,0.0,0.0,0.0,17698.34,0.0,24514
3726,0.0,14274.27,0.0,0.0,0.0,9988.47,0.0,396.26,0.0,0.0,17698.34,0.0,24659
3727,0.0,10897.87,0.0,0.0,0.0,9988.47,0.0,4645.65,186.01,0.0,17496.15,0.0,25718
3728,0.0,6050.79,0.0,0.0,0.0,9988.47,0.0,11343.74,0.0,0.0,17496.15,0.0,27383
3729,0.0,5461.09,0.0,0.0,0.0,9988.47,0.0,9780.76,2798.67,0.0,14454.12,0.0,28029
3730,0.0,614.02,0.0,0.0,0.0,9988.47,0.0,17943.51,0.0,0.0,14454.12,0.0,28546
3731,0.0,4847.08,0.0,0.0,0.0,9988.47,1489.34,12564.02,870.09,0.0,13508.37,0.0,29759
3732,0.0,0.0,0.0,0.0,0.0,9988.47,2839.61,21738.12,0.0,3593.2,16814.12,0.0,30973
3733,0.0,0.0,0.0,0.0,0.0,9988.47,4086.75,20305.11,0.0,2607.34,19212.87,0.0,31773
3734,0.0,2874.95,0.0,0.0,0.0,9988.47,4447.15,14656.43,0.0,0.0,19212.87,0.0,31967
3735,0.0,3506.93,0.0,0.0,0.0,9988.47,4086.75,14326.85,0.0,0.0,19212.87,0.0,31909
3736,0.0,8354.01,0.0,0.0,0.0,9988.47,2839.61,9627.06,2066.85,0.0,16966.29,0.0,32876
3737,0.0,9694.16,0.0,0.0,0.0,9988.47,1489.34,14258.05,0.0,1486.02,18333.43,0.0,33944
3738,0.0,14541.24,0.0,0.0,0.0,9988.47,0.0,7182.36,2316.93,0.0,15815.03,0.0,34029
3739,0.0,19388.31,0.0,0.0,0.0,9988.47,0.0,2693.71,1580.5,0.0,14097.09,0.0,33651
3740,0.0,19388.31,0.0,0.0,0.0,9988.47,0.0,236.24,3981.97,0.0,9768.86,0.0,33595
3741,0.0,19388.31,0.0,0.0,0.0,9988.47,0.0,0.0,4401.21,0.0,4984.94,0.0,33778
3742,0.0,19388.31,0.0,0.0,0.0,9988.47,0.0,0.0,2405.21,0.0,2370.57,0.0,31782
3743,0.0,19388.31,0.0,0.0,0.0,9988.47,0.0,0.0,544.21,0.0,1779.04,0.0,29921
3744,0.0,18179.53,0.0,0.0,0.0,9988.47,0.0,0.0,0.0,0.0,1779.04,0.0,28168
3745,0.0,17099.53,0.0,0.0,0.0,9988.47,0.0,0.0,0.0,0.0,1779.04,0.0,27088
3746,0.0,16571.53,0.0,0.0,0.0,9988.47,0.0,0.0,0.0,0.0,1779.04,0.0,26560
3747,0.0,14788.79,0.0,0.0,0.0,9988.47,1159.73,0.0,0.0,0.0,1779.04,0.0,25937
3748,0.0,14139.39,0.0,0.0,0.0,9988.47,1876.14,0.0,0.0,0.0,1779.04,0.0,26004
3749,0.0,15270.22,0.0,0.0,0.0,9988.47,1675.31,0.0,0.0,0.0,1779.04,0.0,26934
3750,0.0,19055.58,0.0,0.0,0.0,9988.47,0.0,52.95,0.0,0.0,1779.04,0.0,29097
3751,0.0,18876.3,0.0,0.0,0.0,9988.47,0.0,3595.23,0.0,0.0,1779.04,0.0,32460
3752,0.0,15409.0,0.0,0.0,0.0,9988.47,0.0,8412.52,0.0,0.0,1779.04,0.0,33810
3753,0.0,14352.45,0.0,0.0,0.0,9988.47,0.0,10177.07,0.0,0.0,1779.04,0.0,34518
3754,0.0,12645.42,0.0,0.0,0.0,9988.47,0.0,12671.11,0.0,0.0,1779.04,0.0,35305
3755,0.0,12130.63,0.0,0.0,0.0,9988.47,0.0,13923.89,0.0,0.0,1779.04,0.0,36043
3756,0.0,8056.74,0.0,0.0,0.0,9988.47,1159.73,16771.06,0.0,0.0,1779.04,0.0,35976
3757,0.0,5713.34,0.0,0.0,0.0,9988.47,1675.31,18974.88,0.0,0.0,1779.04,0.0,36352
3758,0.0,6916.98,0.0,0.0,0.0,9988.47,2324.71,17303.84,0.0,0.0,1779.04,0.0,36534
3759,0.0,7025.9,0.0,0.0,0.0,9988.47,3123.37,16846.25,0.0,0.0,1779.04,0.0,36984
3760,0.0,6962.04,0.0,0.0,0.0,9988.47,4086.75,17021.73,0.0,0.0,1779.04,0.0,38059
3761,0.0,5986.63,0.0,0.0,0.0,9988.47,6569.4,15943.5,0.0,0.0,1779.04,0.0,38488
3762,0.0,7604.08,0.0,0.0,0.0,9988.47,9896.18,9693.26,0.0,0.0,1779.04,0.0,37182
3763,0.0,4847.08,0.0,0.0,0.0,9988.47,17652.19,2824.54,1636.72,0.0,0.0,0.0,36949
3764,0.0,0.0,0.0,0.0,0.0,5614.47,30695.53,0.0,0.0,0.0,0.0,0.0,36310
3765,0.0,0.0,0.0,0.0,0.0,5614.47,30499.53,0.0,0.0,0.0,0.0,0.0,36114
3766,0.0,0.0,0.0,0.0,0.0,9988.47,23318.53,0.0,0.0,0.0,0.0,0.0,33307
3767,0.0,0.0,0.0,0.0,0.0,9988.47,40067.51,0.0,0.0,18845.98,17338.3,0.0,31210
3768,0.0,0.0,0.0,0.0,0.0,9988.47,39583.53,0.0,0.0,20000.0,35738.3,0.0,29572
3769,0.0,0.0,0.0,0.0,0.0,9988.47,19067.88,0.0,0.0,1094.35,36745.11,0.0,27962
3770,0.0,0.0,0.0,0.0,0.0,9988.47,17519.53,0.0,0.0,0.0,36745.11,0.0,27508
3771,0.0,0.0,0.0,0.0,0.0,9988.47,17210.53,0.0,0.0,0.0,36745.11,0.0,27199
3772,0.0,0.0,0.0,0.0,0.0,7413.81,40212.19,0.0,0.0,20000.0,55145.11,0.0,27626
3773,0.0,0.0,0.0,0.0,0.0,9988.47,37080.24,0.0,0.0,18815.71,72455.56,0.0,28253
3774,0.0,0.0,0.0,0.0,0.0,5614.47,32694.0,0.0,0.0,8200.47,80000.0,0.0,30108
3775,0.0,0.0,0.0,0.0,0.0,9988.47,17564.22,5447.3,0.0,0.0,80000.0,0.0,33000
3776,0.0,0.0,0.0,0.0,0.0,9988.47,21244.83,3635.69,0.0,0.0,80000.0,0.0,34869
3777,0.0,0.0,0.0,0.0,0.0,5614.47,11644.36,18396.17,0.0,0.0,80000.0,0.0,35655
3778,0.0,0.0,0.0,0.0,0.0,8391.98,1189.71,27169.31,0.0,0.0,80000.0,0.0,36751
3779,0.0,0.0,0.0,0.0,0.0,4017.98,767.14,31693.88,0.0,0.0,80000.0,0.0,36479
3780,0.0,0.0,0.0,0.0,0.0,8391.98,0.0,28516.02,0.0,0.0,80000.0,0.0,36908
3781,0.0,0.0,0.0,0.0,0.0,9988.47,3964.05,22724.48,0.0,0.0,80000.0,0.0,36677
3782,0.0,0.0,0.0,0.0,0.0,9988.47,483.1,26390.43,0.0,0.0,80000.0,0.0,36862
3783,0.0,0.0,0.0,0.0,0.0,9988.47,524.48,26070.04,0.0,0.0,80000.0,0.0,36583
3784,0.0,0.0,0.0,0.0,0.0,9988.47,1656.19,25030.33,0.0,0.0,80000.0,0.0,36675
3785,0.0,711.55,0.0,0.0,0.0,9988.47,7578.43,18950.54,0.0,0.0,80000.0,0.0,37229
3786,0.0,5558.63,0.0,0.0,0.0,9988.47,9277.85,10635.63,1080.42,0.0,78825.63,0.0,36541
3787,0.0,10405.71,0.0,0.0,0.0,9988.47,9277.85,2891.53,4030.44,0.0,74444.72,0.0,36594
3788,0.0,15252.79,0.0,0.0,0.0,9988.47,8119.55,352.19,3330.99,0.0,70824.08,0.0,37044
3789,0.0,19388.31,0.0,0.0,0.0,9988.47,6569.4,0.0,225.81,0.0,70578.63,0.0,36172
3790,0.0,18025.19,0.0,0.0,0.0,9988.47,6100.34,0.0,0.0,0.0,70578.63,0.0,34114
3791,0.0,15427.37,0.0,0.0,0.0,9988.47,5654.16,0.0,0.0,0.0,70578.63,0.0,31070
3792,0.0,13144.0,0.0,0.0,0.0,9988.47,5654.16,0.0,347.37,0.0,70201.05,0.0,29134
3793,0.0,11803.13,0.0,0.0,0.0,9988.47,6569.4,0.0,0.0,0.0,70201.05,0.0,28361
3794,0.0,8639.69,0.0,0.0,0.0,9988.47,8685.83,0.0,0.0,0.0,70201.05,0.0,27314
3795,0.0,6895.14,0.0,0.0,0.0,9988.47,10541.38,0.0,0.0,0.0,70201.05,0.0,27425
3796,0.0,5996.48,0.0,0.0,0.0,9988.47,11214.04,0.0,0.0,0.0,70201.05,0.0,27199
3797,0.0,8352.35,0.0,0.0,0.0,9988.47,9896.18,0.0,0.0,0.0,70201.05,0.0,28237
3798,0.0,7206.85,0.0,0.0,0.0,9988.47,6569.4,1033.98,4919.3,0.0,64853.99,0.0,29718
3799,0.0,11788.98,0.0,0.0,0.0,9988.47,4086.75,4595.97,1550.83,0.0,63168.3,0.0,32011
3800,0.0,6941.9,0.0,0.0,0.0,9988.47,2839.61,12437.4,1484.62,0.0,61554.59,0.0,33692
3801,0.0,2094.82,0.0,0.0,0.0,9988.47,2092.42,19595.29,0.0,0.0,61554.59,0.0,33771
3802,0.0,0.0,0.0,0.0,0.0,9988.47,1489.34,22616.18,0.0,630.0,62134.18,0.0,33464
3803,0.0,0.0,0.0,0.0,0.0,9988.47,0.0,27388.4,0.0,3619.88,65464.47,0.0,33757
3804,0.0,0.0,0.0,0.0,0.0,9988.47,0.0,29937.81,0.0,5597.29,70613.97,0.0,34329
3805,0.0,0.0,0.0,0.0,0.0,9988.47,0.0,28191.72,0.0,3304.2,73653.83,0.0,34876
3806,0.0,0.0,0.0,0.0,0.0,9988.47,0.0,31794.53,0.0,6898.01,80000.0,0.0,34885
3807,0.0,1503.02,0.0,0.0,0.0,9988.47,0.0,24486.5,0.0,0.0,80000.0,0.0,35978
3808,0.0,3663.81,0.0,0.0,0.0,9988.47,0.0,23836.71,0.0,0.0,80000.0,0.0,37489
3809,0.0,8510.89,0.0,0.0,0.0,9988.47,0.0,16587.26,3233.37,0.0,76485.47,0.0,38320
3810,0.0,13357.97,0.0,0.0,0.0,9988.47,0.0,9509.07,4617.48,0.0,71466.46,0.0,37473
3811,0.0,18205.05,0.0,0.0,0.0,9988.47,0.0,3214.43,5996.05,0.0,64949.02,0.0,37404
3812,0.0,19388.31,0.0,0.0,0.0,9988.47,0.0,402.85,7652.36,0.0,56631.23,0.0,37432
3813,0.0,19388.31,0.0,0.0,0.0,9988.47,0.0,0.0,7143.21,0.0,48866.87,0.0,36520
3814,0.0,19388.31,0.0,0.0,0.0,9988.47,0.0,0.0,5173.21,0.0,43243.82,0.0,34550
3815,0.0,19388.31,0.0,0.0,0.0,9988.47,1159.73,0.0,959.48,0.0,42200.91,0.0,31496
3816,0.0,17906.85,0.0,0.0,0.0,9988.47,1317.67,0.0,0.0,0.0,42200.91,0.0,29213
3817,0.0,17286.22,0.0,0.0,0.0,9988.47,1675.31,0.0,0.0,0.0,42200.91,0.0,28950
3818,0.0,15286.82,0.0,0.0,0.0,9988.47,2324.71,0.0,0.0,0.0,42200.91,0.0,27600
3819,0.0,14287.91,0.0,0.0,0.0,9988.47,2839.61,0.0,0.0,0.0,42200.91,0.0,27116
3820,0.0,14138.15,0.0,0.0,0.0,9988.47,3123.37,0.0,0.0,0.0,42200.91,0.0,27250
3821,0.0,15893.95,0.0,0.0,0.0,9988.47,2573.58,0.0,0.0,0.0,42200.91,0.0,28456
3822,0.0,17683.16,0.0,0.0,0.0,9988.47,1317.67,832.69,0.0,0.0,42200.91,0.0,29822
3823,0.0,14261.2,0.0,0.0,0.0,9988.47,0.0,4277.85,3612.47,0.0,38274.31,0.0,32140
3824,0.0,9414.12,0.0,0.0,0.0,9988.47,0.0,8777.82,5742.58,0.0,32032.37,0.0,33923
3825,0.0,4567.04,0.0,0.0,0.0,9988.47,0.0,19109.2,562.28,0.0,31421.2,0.0,34227
3826,0.0,91.6,0.0,0.0,0.0,9988.47,0.0,24352.93,0.0,0.0,31421.2,0.0,34433
3827,0.0,0.0,0.0,0.0,0.0,9988.47,0.0,26120.88,0.0,1441.35,32747.24,0.0,34668
3828,0.0,0.0,0.0,0.0,0.0,9988.47,0.0,30067.48,0.0,5934.95,38207.4,0.0,34121
3829,0.0,0.0,0.0,0.0,0.0,9988.47,0.0,30979.17,0.0,6896.64,44552.31,0.0,34071
3830,0.0,0.0,0.0,0.0,0.0,9988.47,0.0,25823.96,0.0,1894.43,46295.19,0.0,33918
3831,0.0,0.0,0.0,0.0,0.0,9988.47,0.0,27071.56,0.0,2966.04,49023.94,0.0,34094
3832,0.0,4847.08,0.0,0.0,0.0,9988.47,0.0,18467.99,1519.45,0.0,47372.36,0.0,34823
3833,0.0,9694.16,0.0,0.0,0.0,9988.47,0.0,13949.13,2388.24,0.0,44776.45,0.0,36020
3834,0.0,14541.24,0.0,0.0,0.0,9988.47,0.0,7364.51,4249.78,0.0,40157.13,0.0,36144
3835,0.0,19388.31,0.0,0.0,0.0,9988.47,1159.73,2807.04,3389.44,0.0,36472.96,0.0,36733
3836,0.0,19388.31,0.0,0.0,0.0,9988.47,1159.73,350.74,5602.74,0.0,30383.03,0.0,36490
3837,0.0,19388.31,0.0,0.0,0.0,9988.47,1489.34,0.0,5547.87,0.0,24352.73,0.0,36414
3838,0.0,19388.31,0.0,0.0,0.0,9988.47,1876.14,0.0,2818.07,0.0,21289.61,0.0,34071
3839,0.0,18290.95,0.0,0.0,0.0,9988.47,2573.58,0.0,0.0,0.0,21289.61,0.0,30853
3840,0.0,15826.15,0.0,0.0,0.0,9988.47,3123.37,0.0,0.0,0.0,21289.61,0.0,28938
3841,0.0,14205.09,0.0,0.0,0.0,9988.47,3425.44,0.0,0.0,0.0,21289.61,0.0,27619
3842,0.0,14866.11,0.0,0.0,0.0,9988.47,2092.42,0.0,0.0,0.0,21289.61,0.0,26947
3843,0.0,14963.22,0.0,0.0,0.0,9988.47,1675.31,0.0,0.0,0.0,21289.61,0.0,26627
3844,0.0,13141.16,0.0,0.0,0.0,9988.47,3746.37,0.0,0.0,0.0,21289.61,0.0,26876
3845,0.0,11546.19,0.0,0.0,0.0,9988.47,6100.34,0.0,0.0,0.0,21289.61,0.0,27635
3846,0.0,14541.24,0.0,0.0,0.0,9988.47,3746.37,1188.7,84.22,0.0,21198.07,0.0,29549
3847,0.0,9694.16,0.0,0.0,0.0,9988.47,2092.42,5173.22,4919.73,0.0,15850.54,0.0,31868
3848,0.0,4847.08,0.0,0.0,0.0,9988.47,3123.37,12309.26,3315.81,0.0,12246.4,0.0,33584
3849,0.0,0.0,0.0,0.0,0.0,9988.47,5230.28,19160.33,0.0,1203.08,13353.23,0.0,33176
3850,0.0,0.0,0.0,0.0,0.0,9988.47,5654.16,24518.02,0.0,6588.65,19414.79,0.0,33572
3851,0.0,0.0,0.0,0.0,0.0,9988.47,4828.13,28179.34,0.0,9296.95,27967.98,0.0,33699
3852,0.0,0.0,0.0,0.0,0.0,9988.47,3746.37,30177.12,0.0,10094.96,37255.35,0.0,33817
3853,0.0,0.0,0.0,0.0,0.0,9988.47,3425.44,30653.7,0.0,10033.61,46486.27,0.0,34034
3854,0.0,0.0,0.0,0.0,0.0,9988.47,3746.37,29285.38,0.0,9132.23,54887.92,0.0,33888
3855,0.0,0.0,0.0,0.0,0.0,9988.47,4086.75,26484.78,0.0,6316.01,60698.65,0.0,34244
3856,0.0,0.0,0.0,0.0,0.0,9988.47,4447.15,22080.8,0.0,1940.42,62483.84,0.0,34576
3857,0.0,4847.08,0.0,0.0,0.0,9988.47,4086.75,16514.83,1165.86,0.0,61216.59,0.0,36603
3858,0.0,9694.16,0.0,0.0,0.0,9988.47,3123.37,9645.74,4255.26,0.0,56591.31,0.0,36707
3859,0.0,14541.24,0.0,0.0,0.0,9988.47,2092.42,3452.74,6932.14,0.0,49056.38,0.0,37007
3860,0.0,19388.31,0.0,0.0,0.0,9988.47,1159.73,367.99,5399.49,0.0,43187.37,0.0,36304
3861,0.0,19388.31,0.0,0.0,0.0,9988.47,1317.67,0.0,4829.54,0.0,37937.87,0.0,35524
3862,0.0,19388.31,0.0,0.0,0.0,9988.47,2573.58,0.0,1850.63,0.0,35926.32,0.0,33801
3863,0.0,17902.09,0.0,0.0,0.0,9988.47,3425.44,0.0,0.0,0.0,35926.32,0.0,31316
3864,0.0,15277.16,0.0,0.0,0.0,9988.47,3746.37,0.0,0.0,0.0,35926.32,0.0,29012
3865,0.0,14325.09,0.0,0.0,0.0,9988.47,3425.44,0.0,0.0,0.0,35926.32,0.0,27739
3866,0.0,13692.15,0.0,0.0,0.0,9988.47,3123.37,0.0,0.0,0.0,35926.32,0.0,26804
3867,0.0,12959.15,0.0,0.0,0.0,9988.47,3123.37,0.0,0.0,0.0,35926.32,0.0,26071
3868,0.0,12364.09,0.0,0.0,0.0,9988.47,3425.44,0.0,0.0,0.0,35926.32,0.0,25778
3869,0.0,12128.16,0.0,0.0,0.0,9988.47,3746.37,0.0,0.0,0.0,35926.32,0.0,25863
3870,0.0,11816.02,0.0,0.0,0.0,9988.47,3425.44,1145.08,0.0,0.0,35926.32,0.0,26375
3871,0.0,6968.94,0.0,0.0,0.0,9988.47,2839.61,5083.29,2719.69,0.0,32970.14,0.0,27600
3872,0.0,2121.86,0.0,0.0,0.0,9988.47,2092.42,9640.05,5840.2,0.0,26622.1,0.0,29683
3873,0.0,0.0,0.0,0.0,0.0,9988.47,1317.67,19478.89,0.0,27.04,26646.97,0.0,30758
3874,0.0,0.0,0.0,0.0,0.0,9988.47,0.0,25413.21,0.0,3845.69,30185.0,0.0,31556
3875,0.0,0.0,0.0,0.0,0.0,9988.47,0.0,29450.09,0.0,7379.56,36974.2,0.0,32059
3876,0.0,0.0,0.0,0.0,0.0,9988.47,0.0,32253.32,0.0,9527.79,45739.77,0.0,32714
3877,0.0,0.0,0.0,0.0,0.0,9988.47,0.0,33007.31,0.0,10470.78,55372.89,0.0,32525
3878,0.0,0.0,0.0,0.0,0.0,9988.47,0.0,31415.18,0.0,8576.66,63263.41,0.0,32827
3879,0.0,0.0,0.0,0.0,0.0,9988.47,0.0,23642.67,0.0,958.14,64144.9,0.0,32673
3880,0.0,238.55,0.0,0.0,0.0,9988.47,0.0,23543.98,0.0,0.0,64144.9,0.0,33771
3881,0.0,5085.63,0.0,0.0,0.0,9988.47,1159.73,17221.92,1496.24,0.0,62518.55,0.0,34952
3882,0.0,9932.71,0.0,0.0,0.0,9988.47,1675.31,9692.59,3853.93,0.0,58329.5,0.0,35143
3883,0.0,14779.79,0.0,0.0,0.0,9988.47,2324.71,1674.36,6057.68,0.0,51745.07,0.0,34825
3884,0.0,19388.31,0.0,0.0,0.0,9988.47,3123.37,149.44,1291.4,0.0,50341.37,0.0,33941
3885,0.0,19388.31,0.0,0.0,0.0,9988.47,3746.37,0.0,580.84,0.0,49710.02,0.0,33704
3886,0.0,18163.78,0.0,0.0,0.0,9988.47,4086.75,0.0,0.0,0.0,49710.02,0.0,32239
3887,0.0,15531.38,0.0,0.0,0.0,9988.47,4447.15,0.0,0.0,0.0,49710.02,0.0,29967
3888,0.0,14189.78,0.0,0.0,0.0,9988.47,4086.75,0.0,0.0,0.0,49710.02,0.0,28265
3889,0.0,13144.0,0.0,0.0,0.0,9988.47,3746.37,0.0,158.16,0.0,49538.12,0.0,27037
3890,0.0,12340.16,0.0,0.0,0.0,9988.47,3746.37,0.0,0.0,0.0,49538.12,0.0,26075
3891,0.0,11467.78,0.0,0.0,0.0,9988.47,4086.75,0.0,0.0,0.0,49538.12,0.0,25543
3892,0.0,10208.25,0.0,0.0,0.0,9988.47,5230.28,0.0,0.0,0.0,49538.12,0.0,25427
3893,0.0,8284.62,0.0,0.0,0.0,9988.47,7061.9,0.0,0.0,0.0,49538.12,0.0,25335
3894,0.0,6679.64,0.0,0.0,0.0,9988.47,8119.55,1140.34,0.0,0.0,49538.12,0.0,25928
3895,0.0,4978.99,0.0,0.0,0.0,9988.47,8119.55,4025.99,0.0,0.0,49538.12,0.0,27113
3896,0.0,4351.39,0.0,0.0,0.0,9988.47,7578.43,7437.71,0.0,0.0,49538.12,0.0,29356
3897,0.0,4378.92,0.0,0.0,0.0,9988.47,6569.4,9842.21,0.0,0.0,49538.12,0.0,30779
3898,0.0,0.0,0.0,0.0,0.0,9988.47,6100.34,18461.99,0.0,2615.8,51944.65,0.0,31935
3899,0.0,0.0,0.0,0.0,0.0,9988.47,5230.28,21864.89,0.0,4120.64,55735.65,0.0,32963
3900,0.0,0.0,0.0,0.0,0.0,9988.47,4086.75,26330.85,0.0,6974.07,62151.79,0.0,33432
3901,0.0,1835.45,0.0,0.0,0.0,9988.47,2573.58,19140.49,0.0,0.0,62151.79,0.0,33538
3902,0.0,6682.53,0.0,0.0,0.0,9988.47,1159.73,12023.02,4228.24,0.0,57555.88,0.0,34082
3903,0.0,11529.61,0.0,0.0,0.0,9988.47,0.0,7921.99,4860.93,0.0,52272.27,0.0,34301
3904,0.0,16011.57,0.0,0.0,0.0,9988.47,0.0,5744.0,3414.95,0.0,48560.36,0.0,35159
3905,0.0,11164.49,0.0,0.0,0.0,9988.47,0.0,15893.03,0.0,0.0,48560.36,0.0,37046
3906,0.0,16011.57,0.0,0.0,0.0,9988.47,0.0,10039.1,1006.86,0.0,47465.95,0.0,37046
3907,0.0,19215.98,0.0,0.0,0.0,9988.47,3425.44,2900.85,782.25,0.0,46615.68,0.0,36313
3908,0.0,14368.91,0.0,0.0,0.0,9988.47,11214.04,436.58,0.0,0.0,46615.68,0.0,36008
3909,0.0,10800.41,0.0,0.0,0.0,9988.47,15009.12,0.0,0.0,0.0,46615.68,0.0,35798
3910,0.0,9992.9,0.0,0.0,0.0,9988.47,14190.63,0.0,0.0,0.0,46615.68,0.0,34172
3911,0.0,5145.82,0.0,0.0,0.0,9988.47,13402.44,0.0,3102.26,0.0,43243.65,0.0,31639
3912,0.0,4954.9,0.0,0.0,0.0,9988.47,14190.63,0.0,0.0,0.0,43243.65,0.0,29134
3913,0.0,1804.03,0.0,0.0,0.0,9988.47,15858.5,0.0,0.0,0.0,43243.65,0.0,27651
3914,0.0,0.0,0.0,0.0,0.0,9988.47,17652.19,0.0,0.0,702.66,43890.1,0.0,26938
3915,0.0,0.0,0.0,0.0,0.0,9988.47,16739.33,0.0,0.0,144.8,44023.32,0.0,26583
3916,0.0,1200.03,0.0,0.0,0.0,9988.47,15858.5,0.0,0.0,0.0,44023.32,0.0,27047
3917,0.0,3434.9,0.0,0.0,0.0,9988.47,14190.63,0.0,0.0,0.0,44023.32,0.0,27614
3918,0.0,5850.02,0.0,0.0,0.0,9988.47,12644.0,1039.51,0.0,0.0,44023.32,0.0,29522
3919,0.0,9460.71,0.0,0.0,0.0,9988.47,11914.72,714.09,0.0,0.0,44023.32,0.0,32078
3920,0.0,6471.16,0.0,0.0,0.0,9988.47,9896.18,7059.19,0.0,0.0,44023.32,0.0,33415
3921,0.0,3218.81,0.0,0.0,0.0,9988.47,9277.85,11013.86,0.0,0.0,44023.32,0.0,33499
3922,0.0,4032.35,0.0,0.0,0.0,9988.47,11214.04,8711.13,0.0,0.0,44023.32,0.0,33946
3923,0.0,672.74,0.0,0.0,0.0,9988.47,14190.63,9551.15,0.0,0.0,44023.32,0.0,34403
3924,0.0,0.0,0.0,0.0,0.0,9988.47,15858.5,15566.87,0.0,6309.84,49828.37,0.0,35104
3925,0.0,0.0,0.0,0.0,0.0,9988.47,16739.33,19914.13,0.0,11108.93,60048.59,0.0,35533
3926,0.0,0.0,0.0,0.0,0.0,9988.47,15858.5,23393.65,0.0,13158.62,72154.52,0.0,36082
3927,0.0,0.0,0.0,0.0,0.0,9988.47,15858.5,18550.31,0.0,7215.28,78792.58,0.0,37182
3928,0.0,3036.54,0.0,0.0,0.0,9988.47,15009.12,10531.87,0.0,0.0,78792.58,0.0,38566
3929,0.0,7883.62,0.0,0.0,0.0,9988.47,14190.63,6287.46,967.82,0.0,77740.6,0.0,39318
3930,0.0,6326.94,0.0,0.0,0.0,9988.47,15009.12,8030.46,0.0,0.0,77740.6,0.0,39355
3931,0.0,8234.43,0.0,0.0,0.0,9988.47,18597.64,2687.45,0.0,0.0,77740.6,0.0,39508
3932,0.0,4113.69,0.0,0.0,0.0,9988.47,23833.93,360.91,0.0,0.0,77740.6,0.0,38297
3933,0.0,0.0,0.0,0.0,0.0,9988.47,27403.48,0.0,1204.04,0.0,76431.86,0.0,38596
3934,0.0,0.0,0.0,0.0,0.0,9988.47,27403.48,0.0,0.0,1978.96,78252.5,0.0,35413
3935,0.0,0.0,0.0,0.0,0.0,9988.47,24986.99,0.0,0.0,1899.46,80000.0,0.0,33076
3936,0.0,408.88,0.0,0.0,0.0,9988.47,20588.64,0.0,0.0,0.0,80000.0,0.0,30986
3937,0.0,3006.2,0.0,0.0,0.0,9988.47,16739.33,0.0,0.0,0.0,80000.0,0.0,29734
3938,0.0,3195.41,0.0,0.0,0.0,9988.47,15009.12,0.0,0.0,0.0,80000.0,0.0,28193
3939,0.0,7633.14,0.0,0.0,0.0,9988.47,10541.38,0.0,0.0,0.0,80000.0,0.0,28163
3940,0.0,10481.09,0.0,0.0,0.0,9988.47,7578.43,0.0,0.0,0.0,80000.0,0.0,28048
3941,0.0,12522.19,0.0,0.0,0.0,9988.47,6100.34,0.0,0.0,0.0,80000.0,0.0,28611
3942,0.0,14313.34,0.0,0.0,0.0,9988.47,5230.28,868.91,0.0,0.0,80000.0,0.0,30401
3943,0.0,14772.74,0.0,0.0,0.0,9988.47,4447.15,3932.64,0.0,0.0,80000.0,0.0,33141
3944,0.0,14070.94,0.0,0.0,0.0,9988.47,3425.44,7306.37,206.78,0.0,79775.24,0.0,34998
3945,0.0,9223.86,0.0,0.0,0.0,9988.47,2573.58,14637.4,0.0,244.31,80000.0,0.0,36179
3946,0.0,14070.94,0.0,0.0,0.0,9988.47,1876.14,9115.28,1778.17,0.0,78067.2,0.0,36829
3947,0.0,11670.78,0.0,0.0,0.0,9988.47,1489.34,14278.4,0.0,0.0,78067.2,0.0,37427
3948,0.0,6823.7,0.0,0.0,0.0,9988.47,1489.34,9614.0,9832.48,0.0,67379.72,0.0,37748
3949,0.0,1976.62,0.0,0.0,0.0,9988.47,1489.34,27915.55,0.0,3119.99,70250.11,0.0,38250
3950,0.0,0.0,0.0,0.0,0.0,9988.47,1876.14,31988.99,0.0,4961.6,74814.78,0.0,38892
3951,0.0,1892.59,0.0,0.0,0.0,9988.47,2324.71,29050.09,0.0,3431.86,77972.1,0.0,39824
3952,0.0,6739.67,0.0,0.0,0.0,9988.47,2839.61,24176.49,0.0,2204.24,80000.0,0.0,41540
3953,0.0,11586.75,0.0,0.0,0.0,9988.47,3746.37,17998.18,330.23,0.0,79641.06,0.0,43650
3954,0.0,16433.83,0.0,0.0,0.0,9988.47,4828.13,10391.51,2495.06,0.0,76929.04,0.0,44137
3955,0.0,19388.31,0.0,0.0,0.0,9988.47,5230.28,3122.43,6400.5,0.0,69971.98,0.0,44130
3956,0.0,19388.31,0.0,0.0,0.0,9988.47,5654.16,472.66,6829.39,0.0,62548.72,0.0,42333
3957,0.0,19388.31,0.0,0.0,0.0,9988.47,5654.16,0.0,6038.06,0.0,55985.62,0.0,41069
3958,0.0,19388.31,0.0,0.0,0.0,9988.47,4447.15,0.0,4565.07,0.0,51023.59,0.0,38389
3959,0.0,19388.31,0.0,0.0,0.0,9988.47,3425.44,0.0,2294.78,0.0,48529.27,0.0,35097
3960,0.0,19049.15,0.0,0.0,0.0,9988.47,3123.37,0.0,0.0,0.0,48529.27,0.0,32161
3961,0.0,17971.91,0.0,0.0,0.0,9988.47,2839.61,0.0,0.0,0.0,48529.27,0.0,30800
3962,0.0,16606.15,0.0,0.0,0.0,9988.47,3123.37,0.0,0.0,0.0,48529.27,0.0,29718
3963,0.0,14611.78,0.0,0.0,0.0,9988.47,4086.75,0.0,0.0,0.0,48529.27,0.0,28687
3964,0.0,12882.37,0.0,0.0,0.0,9988.47,5654.16,0.0,0.0,0.0,48529.27,0.0,28525
3965,0.0,11763.09,0.0,0.0,0.0,9988.47,7578.43,0.0,0.0,0.0,48529.27,0.0,29330
3966,0.0,13034.17,0.0,0.0,0.0,9988.47,8119.55,196.81,0.0,0.0,48529.27,0.0,31339
3967,0.0,12274.75,0.0,0.0,0.0,9988.47,7578.43,4247.35,0.0,0.0,48529.27,0.0,34089
3968,0.0,9244.97,0.0,0.0,0.0,9988.47,6569.4,10893.15,0.0,0.0,48529.27,0.0,36696
3969,0.0,14092.05,0.0,0.0,0.0,9988.47,6100.34,3989.13,3465.0,0.0,44762.96,0.0,37635
3970,0.0,9244.97,0.0,0.0,0.0,9988.47,5654.16,17841.28,0.0,4238.89,48662.74,0.0,38490
3971,0.0,7735.66,0.0,0.0,0.0,9988.47,6100.34,15514.53,0.0,0.0,48662.74,0.0,39339
3972,0.0,10837.91,0.0,0.0,0.0,9988.47,7578.43,11483.49,657.7,0.0,47947.85,0.0,40546
3973,0.0,5990.83,0.0,0.0,0.0,9988.47,9277.85,16303.95,0.0,316.11,48238.67,0.0,41245
3974,0.0,5440.0,0.0,0.0,0.0,9988.47,10541.38,15060.15,0.0,0.0,48238.67,0.0,41030
3975,0.0,4847.08,0.0,0.0,0.0,9988.47,11214.04,18068.48,0.0,2234.08,50294.02,0.0,41884
3976,0.0,9694.16,0.0,0.0,0.0,9988.47,10541.38,19162.27,0.0,5122.28,55006.52,0.0,44264
3977,0.0,14541.24,0.0,0.0,0.0,9988.47,8685.83,1372.34,10901.12,0.0,43157.48,0.0,45489
3978,0.0,19388.31,0.0,0.0,0.0,9988.47,7061.9,4458.94,4600.37,0.0,38157.08,0.0,45498
3979,0.0,19388.31,0.0,0.0,0.0,9988.47,7578.43,266.75,8726.03,0.0,28672.26,0.0,45948
3980,0.0,19388.31,0.0,0.0,0.0,9988.47,9277.85,40.32,6173.04,0.0,21962.43,0.0,44868
3981,0.0,19388.31,0.0,0.0,0.0,9988.47,10541.38,0.0,3895.83,0.0,17727.84,0.0,43814
3982,0.0,19388.31,0.0,0.0,0.0,9988.47,10541.38,0.0,1187.83,0.0,16436.72,0.0,41106
3983,0.0,17777.35,0.0,0.0,0.0,9988.47,9896.18,0.0,0.0,0.0,16436.72,0.0,37662
3984,0.0,16159.69,0.0,0.0,0.0,9988.47,8685.83,0.0,0.0,0.0,16436.72,0.0,34834
3985,0.0,16155.62,0.0,0.0,0.0,9988.47,7061.9,0.0,0.0,0.0,16436.72,0.0,33206
3986,0.0,16940.39,0.0,0.0,0.0,9988.47,4828.13,0.0,0.0,0.0,16436.72,0.0,31757
3987,0.0,17920.91,0.0,0.0,0.0,9988.47,2839.61,0.0,0.0,0.0,16436.72,0.0,30749
3988,0.0,18499.39,0.0,0.0,0.0,9988.47,1876.14,0.0,0.0,0.0,16436.72,0.0,30364
3989,0.0,19388.31,0.0,0.0,0.0,9988.47,1317.67,0.0,282.54,0.0,16129.61,0.0,30977
3990,0.0,19388.31,0.0,0.0,0.0,9988.47,1489.34,1107.82,1568.05,0.0,14425.21,0.0,33542
3991,0.0,19388.31,0.0,0.0,0.0,9988.47,2092.42,2649.16,3045.64,0.0,11114.73,0.0,37164
3992,0.0,18602.98,0.0,0.0,0.0,9988.47,3123.37,8517.17,0.0,0.0,11114.73,0.0,40232
3993,0.0,19314.76,0.0,0.0,0.0,9988.47,4447.15,8047.62,0.0,0.0,11114.73,0.0,41798
3994,0.0,18172.17,0.0,0.0,0.0,9988.47,6100.34,9489.02,0.0,0.0,11114.73,0.0,43750
3995,0.0,17025.31,0.0,0.0,0.0,9988.47,8119.55,10064.67,0.0,0.0,11114.73,0.0,45198
3996,0.0,13388.38,0.0,0.0,0.0,9988.47,10541.38,13284.76,0.0,0.0,11114.73,0.0,47203
3997,0.0,13041.83,0.0,0.0,0.0,9988.47,11214.04,13931.65,0.0,0.0,11114.73,0.0,48176
3998,0.0,8194.75,0.0,0.0,0.0,9988.47,11214.04,23710.97,0.0,5566.24,16235.67,0.0,47542
3999,0.0,11490.71,0.0,0.0,0.0,9988.47,11914.72,14824.09,0.0,0.0,16235.67,0.0,48218
4000,0.0,16337.79,0.0,0.0,0.0,9988.47,12644.0,8886.21,1171.53,0.0,14962.27,0.0,49028
4001,0.0,11490.71,0.0,0.0,0.0,9988.47,13402.44,16060.21,0.0,1346.84,16201.37,0.0,49595
4002,0.0,13281.7,0.0,0.0,0.0,9988.47,14190.63,10775.2,0.0,0.0,16201.37,0.0,48236
4003,0.0,18128.78,0.0,0.0,0.0,9988.47,13402.44,235.77,6363.53,0.0,9284.49,0.0,48119
4004,0.0,19388.31,0.0,0.0,0.0,9988.47,13402.44,498.58,4109.19,0.0,4817.97,0.0,47387
4005,0.0,19388.31,0.0,0.0,0.0,9988.47,13402.44,0.0,3685.77,0.0,811.7,0.0,46465
4006,0.0,19388.31,0.0,0.0,0.0,9988.47,13402.44,0.0,746.77,0.0,0.0,0.0,43526
4007,0.0,15558.9,0.0,0.0,0.0,9988.47,14190.63,0.0,0.0,0.0,0.0,0.0,39738
4008,0.0,11836.41,0.0,0.0,0.0,9988.47,15009.12,0.0,0.0,0.0,0.0,0.0,36834
4009,0.0,10182.41,0.0,0.0,0.0,9988.47,15009.12,0.0,0.0,0.0,0.0,0.0,35180
4010,0.0,8016.41,0.0,0.0,0.0,9988.47,15009.12,0.0,0.0,0.0,0.0,0.0,33014
4011,0.0,6542.41,0.0,0.0,0.0,9988.47,15009.12,0.0,0.0,0.0,0.0,0.0,31540
4012,0.0,5066.03,0.0,0.0,0.0,9988.47,15858.5,0.0,0.0,0.0,0.0,0.0,30913
4013,0.0,5112.03,0.0,0.0,0.0,9988.47,15858.5,0.0,0.0,0.0,0.0,0.0,30959
4014,0.0,3080.35,0.0,0.0,0.0,9988.47,18597.64,888.53,0.0,0.0,0.0,0.0,32555
4015,0.0,0.0,0.0,0.0,0.0,9988.47,21635.33,4562.2,0.0,0.0,0.0,0.0,36186
4016,0.0,0.0,0.0,0.0,0.0,9988.47,22716.9,13599.67,0.0,8281.04,7618.56,0.0,38024
4017,0.0,0.0,0.0,0.0,0.0,9988.47,20249.15,21548.31,0.0,13408.94,19954.78,0.0,38377
4018,0.0,0.0,0.0,0.0,0.0,5614.47,22716.9,10597.63,0.0,0.0,19954.78,0.0,38929
4019,0.0,0.0,0.0,0.0,0.0,9988.47,20966.9,26305.65,0.0,18187.03,36686.84,0.0,39074
4020,0.0,0.0,0.0,0.0,0.0,9988.47,19576.27,9786.25,0.0,0.0,36686.84,0.0,39351
4021,0.0,0.0,0.0,0.0,0.0,9988.47,19576.27,22300.5,0.0,12583.25,48263.43,0.0,39282
4022,0.0,0.0,0.0,0.0,0.0,9988.47,19285.07,30411.46,0.0,20000.0,66663.43,0.0,39685
4023,0.0,0.0,0.0,0.0,0.0,9988.47,19285.07,25763.73,0.0,14496.27,80000.0,0.0,40541
4024,0.0,32.07,0.0,0.0,0.0,9988.47,20588.64,5528.09,5503.73,0.0,74017.69,0.0,41641
4025,0.0,0.0,0.0,0.0,0.0,9988.47,18597.64,5569.93,7353.95,0.0,66024.26,0.0,41510
4026,0.0,0.0,0.0,0.0,0.0,9988.47,16739.33,7831.85,6191.35,0.0,59294.53,0.0,40751
4027,0.0,0.0,0.0,0.0,0.0,9988.47,15009.12,3370.76,10862.64,0.0,47487.31,0.0,39231
4028,0.0,0.0,0.0,0.0,0.0,9988.47,14190.63,500.6,13104.3,0.0,33243.51,0.0,37784
4029,0.0,0.0,0.0,0.0,0.0,9988.47,14190.63,0.0,12186.9,0.0,19996.88,0.0,36366
4030,0.0,0.0,0.0,0.0,0.0,9988.47,14190.63,0.0,10283.9,0.0,8818.72,0.0,34463
4031,0.0,0.0,0.0,0.0,0.0,9988.47,15858.5,0.0,5790.03,0.0,2525.21,0.0,31637
4032,0.0,0.0,0.0,0.0,0.0,9988.47,16739.33,0.0,2323.2,0.0,0.0,0.0,29051
4033,0.0,0.0,0.0,0.0,0.0,9988.47,17201.53,0.0,0.0,0.0,0.0,0.0,27190
4034,0.0,0.0,0.0,0.0,0.0,9988.47,16455.53,0.0,0.0,0.0,0.0,0.0,26444
4035,0.0,0.0,0.0,0.0,0.0,5614.47,20195.53,0.0,0.0,0.0,0.0,0.0,25810
4036,0.0,0.0,0.0,0.0,0.0,9988.47,15773.53,0.0,0.0,0.0,0.0,0.0,25762
4037,0.0,0.0,0.0,0.0,0.0,5614.47,19958.53,0.0,0.0,0.0,0.0,0.0,25573
4038,0.0,0.0,0.0,0.0,0.0,6310.98,18625.74,1088.28,0.0,0.0,0.0,0.0,26025
4039,0.0,0.0,0.0,0.0,0.0,1936.98,24986.99,81.03,0.0,0.0,0.0,0.0,27005
4040,0.0,0.0,0.0,0.0,0.0,0.0,23333.06,4744.94,0.0,0.0,0.0,0.0,28078
4041,0.0,0.0,0.0,0.0,0.0,4228.66,24426.63,20093.71,0.0,20000.0,18400.0,0.0,28749
4042,0.0,0.0,0.0,0.0,0.0,0.0,5130.99,23966.01,0.0,0.0,18400.0,0.0,29097
4043,0.0,0.0,0.0,0.0,0.0,0.0,2976.86,26266.14,0.0,0.0,18400.0,0.0,29243
4044,0.0,0.0,0.0,0.0,0.0,0.0,29970.96,18822.04,0.0,20000.0,36800.0,0.0,28793
4045,0.0,0.0,0.0,0.0,0.0,0.0,34115.28,1119.24,0.0,6956.52,43200.0,0.0,28278
4046,0.0,0.0,0.0,0.0,0.0,0.0,35577.17,12633.83,0.0,20000.0,61600.0,0.0,28211
4047,0.0,0.0,0.0,0.0,0.0,4374.0,3551.57,20285.43,0.0,0.0,61600.0,0.0,28211
4048,0.0,0.0,0.0,0.0,0.0,8748.0,15989.39,24260.61,0.0,20000.0,80000.0,0.0,28998
4049,0.0,0.0,0.0,0.0,0.0,9988.47,2613.08,18020.44,0.0,0.0,80000.0,0.0,30622
4050,0.0,0.0,0.0,0.0,0.0,9988.47,14920.93,7038.6,0.0,0.0,80000.0,0.0,31948
4051,0.0,0.0,0.0,0.0,0.0,9988.47,12649.09,3199.75,7061.68,0.0,72324.26,0.0,32899
4052,0.0,0.0,0.0,0.0,0.0,9988.47,12644.0,463.38,9743.15,0.0,61733.88,0.0,32839
4053,0.0,0.0,0.0,0.0,0.0,9988.47,11214.04,0.0,11336.48,0.0,49411.62,0.0,32539
4054,0.0,0.0,0.0,0.0,0.0,9988.47,9277.85,0.0,11641.67,0.0,36757.63,0.0,30908
4055,0.0,0.0,0.0,0.0,0.0,9988.47,9277.85,0.0,9754.67,0.0,26154.72,0.0,29021
4056,0.0,0.0,0.0,0.0,0.0,9988.47,11214.04,0.0,6420.48,0.0,19175.93,0.0,27623
4057,0.0,0.0,0.0,0.0,0.0,9988.47,12644.0,0.0,3659.53,0.0,15198.19,0.0,26292
4058,0.0,0.0,0.0,0.0,0.0,9988.47,14190.63,0.0,1238.9,0.0,13851.56,0.0,25418
4059,0.0,0.0,0.0,0.0,0.0,9988.47,14190.63,0.0,876.9,0.0,12898.41,0.0,25056
4060,0.0,0.0,0.0,0.0,0.0,7843.41,14190.63,0.0,2707.97,0.0,9954.96,0.0,24742
4061,0.0,0.0,0.0,0.0,0.0,9988.47,12644.0,0.0,2123.53,0.0,7646.78,0.0,24756
4062,0.0,0.0,0.0,0.0,0.0,9988.47,9896.18,912.16,4259.19,0.0,3017.23,0.0,25056
4063,0.0,0.0,0.0,0.0,0.0,9988.47,8685.83,5097.84,2775.85,0.0,0.0,0.0,26548
4064,0.0,0.0,0.0,0.0,0.0,9988.47,8119.55,13309.31,0.0,3718.34,3420.87,0.0,27699
4065,0.0,0.0,0.0,0.0,0.0,9988.47,6100.34,20927.57,0.0,8682.38,11408.66,0.0,28334
4066,0.0,0.0,0.0,0.0,0.0,9988.47,4086.75,26815.36,0.0,12372.58,22791.43,0.0,28518
4067,0.0,0.0,0.0,0.0,0.0,9988.47,279.57,30921.28,0.0,12322.32,34127.97,0.0,28867
4068,0.0,0.0,0.0,0.0,0.0,9988.47,1489.34,33249.14,0.0,16261.95,49088.97,0.0,28465
4069,0.0,0.0,0.0,0.0,0.0,9988.47,0.0,33813.24,0.0,14854.72,62755.31,0.0,28947
4070,0.0,0.0,0.0,0.0,0.0,9988.47,0.0,28281.44,0.0,8757.92,70812.59,0.0,29512
4071,0.0,0.0,0.0,0.0,0.0,9988.47,0.0,29876.84,0.0,9986.32,80000.0,0.0,29879
4072,0.0,0.0,0.0,0.0,0.0,6610.64,0.0,24855.36,0.0,0.0,80000.0,0.0,31466
4073,0.0,3449.84,0.0,0.0,0.0,9988.47,0.0,18931.98,837.7,0.0,79089.45,0.0,33208
4074,0.0,8296.92,0.0,0.0,0.0,9988.47,0.0,10928.63,4150.97,0.0,74577.53,0.0,33365
4075,0.0,13144.0,0.0,0.0,0.0,9988.47,1489.34,3297.67,6012.51,0.0,68042.19,0.0,33932
4076,0.0,13144.0,0.0,0.0,0.0,9988.47,2092.42,495.68,8444.43,0.0,58863.46,0.0,34165
4077,0.0,15304.89,0.0,0.0,0.0,9988.47,3123.37,0.0,6122.26,0.0,52208.83,0.0,34539
4078,0.0,10457.81,0.0,0.0,0.0,9988.47,4447.15,0.0,7871.56,0.0,43652.79,0.0,32765
4079,0.0,13889.19,0.0,0.0,0.0,9988.47,6100.34,0.0,0.0,0.0,43652.79,0.0,29978
4080,0.0,9042.11,0.0,0.0,0.0,9988.47,7061.9,0.0,2580.51,0.0,40847.88,0.0,28673
4081,0.0,10819.62,0.0,0.0,0.0,9988.47,7061.9,0.0,0.0,0.0,40847.88,0.0,27870
4082,0.0,9843.62,0.0,0.0,0.0,9988.47,7061.9,0.0,0.0,0.0,40847.88,0.0,26894
4083,0.0,9405.62,0.0,0.0,0.0,9988.47,7061.9,0.0,0.0,0.0,40847.88,0.0,26456
4084,0.0,5687.02,0.0,0.0,0.0,9988.47,7061.9,0.0,4122.61,0.0,36366.79,0.0,26860
4085,0.0,10534.09,0.0,0.0,0.0,9988.47,7578.43,0.0,0.0,0.0,36366.79,0.0,28101
4086,0.0,12237.65,0.0,0.0,0.0,9988.47,6569.4,966.47,0.0,0.0,36366.79,0.0,29762
4087,0.0,7390.58,0.0,0.0,0.0,9988.47,4086.75,5102.43,5329.77,0.0,30573.56,0.0,31898
4088,0.0,2543.5,0.0,0.0,0.0,9988.47,2839.61,13009.7,5225.72,0.0,24893.43,0.0,33607
4089,0.0,0.0,0.0,0.0,0.0,9988.47,2573.58,20369.48,1028.47,0.0,23775.53,0.0,33960
4090,0.0,0.0,0.0,0.0,0.0,9988.47,3123.37,26021.99,0.0,4550.83,27962.3,0.0,34583
4091,0.0,0.0,0.0,0.0,0.0,9988.47,3746.37,29911.97,0.0,7788.81,35128.01,0.0,35858
4092,0.0,0.0,0.0,0.0,0.0,9988.47,4086.75,32157.01,0.0,10574.24,44856.31,0.0,35658
4093,0.0,0.0,0.0,0.0,0.0,9988.47,4828.13,32769.93,0.0,11474.53,55412.88,0.0,36112
4094,0.0,0.0,0.0,0.0,0.0,9988.47,5654.16,31749.75,0.0,10277.38,64868.07,0.0,37115
4095,0.0,0.0,0.0,0.0,0.0,9988.47,6569.4,28862.41,0.0,8687.29,72860.37,0.0,36733
4096,0.0,0.0,0.0,0.0,0.0,9988.47,8685.83,24223.85,0.0,5448.15,77872.67,0.0,37450
4097,0.0,3222.92,0.0,0.0,0.0,9988.47,9896.18,18068.74,0.0,2312.31,80000.0,0.0,38864
4098,0.0,8070.0,0.0,0.0,0.0,9988.47,9277.85,10471.05,941.62,0.0,78976.5,0.0,38749
4099,0.0,12917.08,0.0,0.0,0.0,9988.47,8685.83,3505.21,4224.41,0.0,74384.74,0.0,39321
4100,0.0,17764.15,0.0,0.0,0.0,9988.47,8685.83,578.32,1967.22,0.0,72246.46,0.0,38984
4101,0.0,19230.67,0.0,0.0,0.0,9988.47,9277.85,0.0,0.0,0.0,72246.46,0.0,38497
4102,0.0,16324.35,0.0,0.0,0.0,9988.47,9896.18,0.0,0.0,0.0,72246.46,0.0,36209
4103,0.0,14376.69,0.0,0.0,0.0,9988.47,8685.83,0.0,0.0,0.0,72246.46,0.0,33051
4104,0.0,14972.37,0.0,0.0,0.0,9988.47,5654.16,0.0,0.0,0.0,72246.46,0.0,30615
4105,0.0,15399.16,0.0,0.0,0.0,9988.47,3746.37,0.0,0.0,0.0,72246.46,0.0,29134
4106,0.0,14649.16,0.0,0.0,0.0,9988.47,3746.37,0.0,0.0,0.0,72246.46,0.0,28384
4107,0.0,13884.78,0.0,0.0,0.0,9988.47,4086.75,0.0,0.0,0.0,72246.46,0.0,27960
4108,0.0,14172.16,0.0,0.0,0.0,9988.47,3746.37,0.0,0.0,0.0,72246.46,0.0,27907
4109,0.0,15125.09,0.0,0.0,0.0,9988.47,3425.44,0.0,0.0,0.0,72246.46,0.0,28539
4110,0.0,16624.09,0.0,0.0,0.0,9988.47,2839.61,1197.83,0.0,0.0,72246.46,0.0,30650
4111,0.0,18064.38,0.0,0.0,0.0,9988.47,2092.42,4139.73,0.0,0.0,72246.46,0.0,34285
4112,0.0,13713.61,0.0,0.0,0.0,9988.47,1675.31,11567.61,0.0,0.0,72246.46,0.0,36945
4113,0.0,11672.13,0.0,0.0,0.0,9988.47,1675.31,15277.09,0.0,0.0,72246.46,0.0,38613
4114,0.0,7223.92,0.0,0.0,0.0,9988.47,1675.31,21399.3,0.0,0.0,72246.46,0.0,40287
4115,0.0,2871.43,0.0,0.0,0.0,9988.47,1675.31,27214.79,0.0,0.0,72246.46,0.0,41750
4116,0.0,1858.56,0.0,0.0,0.0,9988.47,1675.31,29373.66,0.0,0.0,72246.46,0.0,42896
4117,0.0,4847.08,0.0,0.0,0.0,9988.47,1876.14,28479.62,0.0,1744.31,73851.23,0.0,43447
4118,0.0,9694.16,0.0,0.0,0.0,9988.47,2324.71,26850.56,0.0,4471.89,77965.37,0.0,44386
4119,0.0,14541.24,0.0,0.0,0.0,9988.47,2573.58,20602.26,0.0,2211.55,80000.0,0.0,45494
4120,0.0,19388.31,0.0,0.0,0.0,9988.47,3123.37,5950.01,8793.83,0.0,70441.49,0.0,47244
4121,0.0,19388.31,0.0,0.0,0.0,9988.47,3425.44,4314.23,11795.55,0.0,57620.25,0.0,48912
4122,0.0,19388.31,0.0,0.0,4406.26,9988.47,3425.44,3079.0,8211.52,0.0,48694.69,0.0,48499
4123,0.0,19388.31,0.0,0.0,12747.27,9988.47,3425.44,2011.59,981.92,0.0,47627.38,0.0,48543
4124,0.0,19388.31,0.0,0.0,4691.82,9988.47,3425.44,180.08,10308.88,0.0,36422.08,0.0,47983
4125,0.0,19388.31,0.0,0.0,13032.82,9988.47,3123.37,0.0,2090.01,0.0,34150.33,0.0,47623
4126,0.0,19388.31,0.0,0.0,8341.01,9988.47,2839.61,0.0,4557.59,0.0,29196.42,0.0,45115
4127,0.0,19388.31,0.0,0.0,0.0,9988.47,2324.71,0.0,9044.51,0.0,19365.44,0.0,40746
4128,0.0,19388.31,0.0,0.0,6437.07,9988.47,1876.14,0.0,0.0,0.0,19365.44,0.0,37690
4129,0.0,19388.31,0.0,0.0,0.0,9988.47,2092.42,0.0,4218.8,0.0,14779.79,0.0,35688
4130,0.0,19388.31,0.0,0.0,785.84,9988.47,3746.37,0.0,0.0,0.0,14779.79,0.0,33909
4131,0.0,19388.31,0.0,0.0,0.0,9988.47,6100.34,0.0,0.0,2569.13,17143.38,0.0,32908
4132,0.0,19388.31,0.0,0.0,0.0,9988.47,6569.4,0.0,0.0,2955.19,19862.16,0.0,32991
4133,0.0,19388.31,0.0,0.0,0.0,9988.47,6100.34,0.0,0.0,2041.13,21739.99,0.0,33436
4134,0.0,19388.31,0.0,0.0,184.55,9988.47,4828.13,903.53,0.0,0.0,21739.99,0.0,35293
4135,0.0,19388.31,0.0,0.0,3632.34,9988.47,3746.37,2339.5,0.0,0.0,21739.99,0.0,39095
4136,0.0,19388.31,0.0,0.0,5708.22,9988.47,3123.37,5091.61,0.0,0.0,21739.99,0.0,43300
4137,0.0,19388.31,0.0,0.0,2274.5,9988.47,2839.61,11249.1,0.0,0.0,21739.99,0.0,45740
4138,0.0,19388.31,0.0,0.0,0.0,9988.47,3123.37,19587.78,0.0,4854.94,26206.54,0.0,47233
4139,0.0,19388.31,0.0,0.0,0.0,9988.47,3123.37,20127.79,0.0,4135.95,30011.62,0.0,48492
4140,0.0,19388.31,0.0,0.0,0.0,9988.47,3123.37,28713.44,0.0,12402.6,41422.01,0.0,48811
4141,0.0,19388.31,0.0,0.0,0.0,9988.47,3123.37,24912.75,0.0,8214.91,48979.73,0.0,49198
4142,0.0,19388.31,0.0,0.0,0.0,9988.47,2324.71,18994.42,0.0,1185.91,50070.77,0.0,49510
4143,0.0,19388.31,0.0,0.0,0.0,9988.47,1159.73,21818.16,0.0,2789.68,52637.27,0.0,49565
4144,0.0,19388.31,0.0,0.0,0.0,9988.47,0.0,20879.52,0.0,105.31,52734.16,0.0,50151
4145,0.0,19388.31,0.0,0.0,0.0,9988.47,0.0,15552.2,5713.02,0.0,46524.36,0.0,50642
4146,0.0,19388.31,0.0,0.0,0.0,9988.47,0.0,7055.57,13741.64,0.0,31587.79,0.0,50174
4147,0.0,19388.31,0.0,0.0,8341.01,9988.47,1489.34,3724.53,6557.33,0.0,24460.26,0.0,49489
4148,0.0,19388.31,0.0,0.0,8341.01,9988.47,2324.71,522.52,8551.97,0.0,15164.63,0.0,49117
4149,0.0,19388.31,0.0,0.0,0.0,9988.47,4086.75,0.0,13951.46,0.0,0.0,0.0,47415
4150,0.0,19388.31,0.0,0.0,8166.31,9988.47,7061.9,0.0,0.0,0.0,0.0,0.0,44605
4151,0.0,18171.48,0.0,0.0,0.0,9988.47,11214.04,0.0,0.0,0.0,0.0,0.0,39374
4152,0.0,19388.31,0.0,0.0,0.0,9988.47,12644.0,0.0,0.0,5756.79,5296.24,0.0,36264
4153,0.0,17991.08,0.0,0.0,0.0,9988.47,13402.44,0.0,0.0,8036.0,12689.36,0.0,33346
4154,0.0,13144.0,0.0,0.0,0.0,9988.47,13402.44,0.0,0.0,4320.92,16664.61,0.0,32214
4155,0.0,13144.0,0.0,0.0,0.0,9988.47,13402.44,0.0,0.0,5451.92,21680.37,0.0,31083
4156,0.0,17991.08,0.0,0.0,0.0,9988.47,12644.0,0.0,0.0,9911.55,30799.0,0.0,30712
4157,0.0,18262.49,0.0,0.0,0.0,9988.47,11214.04,0.0,0.0,8412.01,38538.05,0.0,31053
4158,0.0,13415.42,0.0,0.0,0.0,9988.47,8119.55,1036.56,0.0,0.0,38538.05,0.0,32560
4159,0.0,16660.28,0.0,0.0,0.0,9988.47,4447.15,5028.1,0.0,0.0,38538.05,0.0,36124
4160,0.0,17991.08,0.0,0.0,0.0,9988.47,2092.42,11363.5,0.0,3616.47,41865.2,0.0,37819
4161,0.0,13144.0,0.0,0.0,0.0,9988.47,1317.67,17713.26,0.0,2575.41,44234.58,0.0,39588
4162,0.0,13144.0,0.0,0.0,0.0,9988.47,0.0,23275.81,0.0,5599.28,49385.92,0.0,40809
4163,0.0,8296.92,0.0,0.0,0.0,9988.47,0.0,26315.29,0.0,2680.68,51852.15,0.0,41920
4164,0.0,10889.54,0.0,0.0,0.0,9988.47,0.0,28981.71,0.0,7376.72,58638.73,0.0,42483
4165,0.0,15736.61,0.0,0.0,0.0,9988.47,0.0,29809.1,0.0,12343.19,69994.47,0.0,43191
4166,0.0,10889.54,0.0,0.0,0.0,9988.47,0.0,28546.49,0.0,5833.5,75361.29,0.0,43591
4167,0.0,14028.59,0.0,0.0,0.0,9988.47,0.0,25411.0,0.0,5042.07,80000.0,0.0,44386
4168,0.0,18875.67,0.0,0.0,0.0,9988.47,0.0,17353.85,0.0,0.0,80000.0,0.0,46218
4169,0.0,19388.31,0.0,0.0,0.0,9988.47,0.0,5040.68,12923.53,0.0,65952.68,0.0,47341
4170,0.0,19388.31,0.0,0.0,0.0,9988.47,0.0,4153.76,13907.46,0.0,50835.88,0.0,47438
4171,0.0,19388.31,0.0,0.0,4828.01,9988.47,0.0,2530.79,10866.4,0.0,39024.57,0.0,47602
4172,0.0,19388.31,0.0,0.0,0.0,9988.47,1159.73,383.35,14996.13,0.0,22724.43,0.0,45916
4173,0.0,19388.31,0.0,0.0,0.0,9988.47,1317.67,0.0,12944.54,0.0,8654.28,0.0,43639
4174,0.0,19388.31,0.0,0.0,8341.01,9988.47,1489.34,0.0,1870.86,0.0,6620.73,0.0,41078
4175,0.0,19388.31,0.0,0.0,0.0,9988.47,1876.14,0.0,6091.07,0.0,0.0,0.0,37344
4176,0.0,19388.31,0.0,0.0,2841.51,9988.47,2324.71,0.0,0.0,0.0,0.0,0.0,34543
4177,0.0,19388.31,0.0,0.0,94.6,9988.47,2839.61,0.0,0.0,0.0,0.0,0.0,32311
4178,0.0,18125.91,0.0,0.0,0.0,9988.47,2839.61,0.0,0.0,0.0,0.0,0.0,30954
4179,0.0,16986.91,0.0,0.0,0.0,9988.47,2839.61,0.0,0.0,0.0,0.0,0.0,29815
4180,0.0,19388.31,0.0,0.0,0.0,9988.47,2839.61,0.0,0.0,2256.4,2075.89,0.0,29960
4181,0.0,19388.31,0.0,0.0,0.0,9988.47,2839.61,0.0,0.0,1610.4,3557.46,0.0,30606
4182,0.0,18751.29,0.0,0.0,0.0,9988.47,2324.71,1038.53,0.0,0.0,3557.46,0.0,32103
4183,0.0,19388.31,0.0,0.0,0.0,9988.47,1876.14,4995.78,0.0,1280.71,4735.71,0.0,34968
4184,0.0,19388.31,0.0,0.0,0.0,9988.47,1489.34,8912.28,0.0,2644.41,7168.57,0.0,37134
4185,0.0,19388.31,0.0,0.0,0.0,9988.47,1317.67,15927.47,0.0,8177.93,14692.26,0.0,38444
4186,0.0,19388.31,0.0,0.0,0.0,9988.47,1489.34,19228.93,0.0,10763.06,24594.28,0.0,39332
4187,0.0,19388.31,0.0,0.0,0.0,9988.47,1675.31,23874.33,0.0,14440.42,37879.47,0.0,40486
4188,0.0,19388.31,0.0,0.0,0.0,9988.47,1675.31,14301.22,0.0,3935.32,41499.96,0.0,41418
4189,0.0,19388.31,0.0,0.0,0.0,9988.47,1675.31,6459.98,4774.93,0.0,36309.82,0.0,42287
4190,0.0,14541.24,0.0,0.0,0.0,9988.47,2092.42,20624.15,0.0,4239.28,40209.96,0.0,43007
4191,0.0,19388.31,0.0,0.0,0.0,9988.47,3123.37,11449.76,270.08,0.0,39916.39,0.0,44220
4192,0.0,19388.31,0.0,0.0,0.0,9988.47,4828.13,20670.59,0.0,8738.51,47955.83,0.0,46137
4193,0.0,19175.53,0.0,0.0,0.0,9988.47,6100.34,12487.66,0.0,0.0,47955.83,0.0,47752
4194,0.0,19388.31,0.0,0.0,0.0,9988.47,8119.55,9339.28,895.39,0.0,46982.58,0.0,47731
4195,0.0,19388.31,0.0,0.0,0.0,9988.47,9277.85,3758.77,5370.59,0.0,41144.98,0.0,47784
4196,0.0,19388.31,0.0,0.0,0.0,9988.47,8685.83,432.78,7685.6,0.0,32791.07,0.0,46181
4197,0.0,19388.31,0.0,0.0,0.0,9988.47,8119.55,0.0,6942.66,0.0,25244.7,0.0,44439
4198,0.0,19388.31,0.0,0.0,0.0,9988.47,6569.4,0.0,5973.81,0.0,18751.43,0.0,41920
4199,0.0,19388.31,0.0,0.0,0.0,9988.47,4086.75,0.0,5324.46,0.0,12963.97,0.0,38788
4200,0.0,19388.31,0.0,0.0,0.0,9988.47,2324.71,0.0,3619.51,0.0,9029.72,0.0,35321
4201,0.0,19388.31,0.0,0.0,0.0,9988.47,1675.31,0.0,2439.91,0.0,6377.65,0.0,33492
4202,0.0,19388.31,0.0,0.0,0.0,9988.47,1159.73,0.0,1243.48,0.0,5026.04,0.0,31780
4203,0.0,19388.31,0.0,0.0,0.0,9988.47,0.0,0.0,1556.21,0.0,3334.51,0.0,30933
4204,0.0,19388.31,0.0,0.0,0.0,9988.47,0.0,0.0,966.21,0.0,2284.28,0.0,30343
4205,0.0,19388.31,0.0,0.0,0.0,9988.47,0.0,0.0,505.21,0.0,1735.13,0.0,29882
4206,0.0,19388.31,0.0,0.0,0.0,9988.47,0.0,538.2,137.01,0.0,1586.21,0.0,30052
4207,0.0,17425.9,0.0,0.0,0.0,9988.47,0.0,5029.62,0.0,0.0,1586.21,0.0,32444
4208,0.0,13566.6,0.0,0.0,0.0,9988.47,0.0,11827.92,0.0,0.0,1586.21,0.0,35383
4209,0.0,18413.68,0.0,0.0,0.0,9988.47,0.0,18950.12,0.0,8982.27,9849.9,0.0,38370
4210,0.0,17014.71,0.0,0.0,0.0,9988.47,0.0,24752.08,0.0,11011.27,19980.26,0.0,40744
4211,0.0,12167.63,0.0,0.0,0.0,9988.47,0.0,28590.65,0.0,8018.75,27357.51,0.0,42728
4212,0.0,17014.71,0.0,0.0,0.0,9988.47,0.0,31157.78,0.0,14613.96,40802.36,0.0,43547
4213,0.0,13144.0,0.0,0.0,0.0,9988.47,0.0,31745.13,0.0,10731.61,50675.43,0.0,44146
4214,0.0,13144.0,0.0,0.0,0.0,9988.47,0.0,30458.79,0.0,8729.27,58706.36,0.0,44862
4215,0.0,17991.08,0.0,0.0,0.0,9988.47,0.0,27365.24,0.0,9873.79,67790.25,0.0,45471
4216,0.0,14541.24,0.0,0.0,0.0,9988.47,0.0,22683.58,0.0,787.29,68514.55,0.0,46426
4217,0.0,19388.31,0.0,0.0,0.0,9988.47,0.0,17033.56,1235.65,0.0,67171.45,0.0,47646
4218,0.0,19388.31,0.0,0.0,0.0,9988.47,0.0,10061.16,7952.05,0.0,58527.92,0.0,47390
4219,0.0,19388.31,0.0,0.0,0.0,9988.47,1317.67,3752.33,12569.21,0.0,44865.73,0.0,47016
4220,0.0,19388.31,0.0,0.0,0.0,9988.47,1675.31,577.37,13308.53,0.0,30399.94,0.0,44938
4221,0.0,19388.31,0.0,0.0,0.0,9988.47,1876.14,0.0,12107.07,0.0,17240.08,0.0,43360
4222,0.0,19388.31,0.0,0.0,0.0,9988.47,2573.58,0.0,8929.63,0.0,7533.95,0.0,40880
4223,0.0,19388.31,0.0,0.0,0.0,9988.47,3425.44,0.0,5318.78,0.0,1752.68,0.0,38121
4224,0.0,19388.31,0.0,0.0,0.0,9988.47,4086.75,0.0,1612.46,0.0,0.0,0.0,35076
4225,0.0,18643.38,0.0,0.0,0.0,9988.47,4447.15,0.0,0.0,0.0,0.0,0.0,33079
4226,0.0,17037.38,0.0,0.0,0.0,9988.47,4447.15,0.0,0.0,0.0,0.0,0.0,31473
4227,0.0,18278.52,0.0,0.0,0.0,9988.47,4447.15,0.0,0.0,2000.14,1840.13,0.0,30714
4228,0.0,19388.31,0.0,0.0,0.0,9988.47,4086.75,0.0,0.0,3056.54,4652.15,0.0,30407
4229,0.0,16680.15,0.0,0.0,0.0,9988.47,3123.37,0.0,0.0,0.0,4652.15,0.0,29792
4230,0.0,16966.38,0.0,0.0,0.0,9988.47,2573.58,272.57,0.0,0.0,4652.15,0.0,29801
4231,0.0,19388.31,0.0,0.0,0.0,9988.47,2573.58,1550.21,0.0,1847.58,6351.92,0.0,31653
4232,0.0,19388.31,0.0,0.0,0.0,9988.47,3123.37,7554.35,0.0,5594.51,11498.86,0.0,34460
4233,0.0,19388.31,0.0,0.0,0.0,9988.47,3425.44,2805.06,917.71,0.0,10501.35,0.0,36525
4234,0.0,14541.24,0.0,0.0,0.0,9988.47,3123.37,16999.49,0.0,6812.57,16768.91,0.0,37840
4235,0.0,13144.0,0.0,0.0,0.0,9988.47,2573.58,27896.6,0.0,13984.65,29634.79,0.0,39618
4236,0.0,8296.92,0.0,0.0,0.0,9988.47,2092.42,30790.45,0.0,9919.26,38760.52,0.0,41249
4237,0.0,13144.0,0.0,0.0,0.0,9988.47,1675.31,31687.15,0.0,14456.92,52060.89,0.0,42038
4238,0.0,17991.08,0.0,0.0,0.0,9988.47,1675.31,30796.07,0.0,17895.93,68525.14,0.0,42555
4239,0.0,13144.0,0.0,0.0,0.0,9988.47,1675.31,27836.49,0.0,8701.27,76530.31,0.0,43943
4240,0.0,14541.24,0.0,0.0,0.0,9988.47,1489.34,23186.35,0.0,3771.4,80000.0,0.0,45434
4241,0.0,19388.31,0.0,0.0,923.74,9988.47,1159.73,15354.74,0.0,0.0,80000.0,0.0,46815
4242,0.0,19388.31,0.0,0.0,0.0,9988.47,0.0,9995.02,8149.19,0.0,71142.19,0.0,47521
4243,0.0,19388.31,0.0,0.0,1610.17,9988.47,0.0,3690.42,12559.62,0.0,57490.42,0.0,47237
4244,0.0,19388.31,0.0,0.0,0.0,9988.47,0.0,560.63,15071.58,0.0,41108.27,0.0,45009
4245,0.0,19388.31,0.0,0.0,0.0,9988.47,0.0,0.0,14763.21,0.0,25061.3,0.0,44140
4246,0.0,19388.31,0.0,0.0,8341.01,9988.47,0.0,0.0,4779.2,0.0,19866.51,0.0,42497
4247,0.0,19388.31,0.0,0.0,0.0,9988.47,0.0,0.0,9911.21,0.0,9093.46,0.0,39288
4248,0.0,19388.31,0.0,0.0,5875.21,9988.47,0.0,0.0,0.0,0.0,9093.46,0.0,35252
4249,0.0,19388.31,0.0,0.0,0.0,9988.47,0.0,0.0,3526.21,0.0,5260.62,0.0,32903
4250,0.0,19388.31,0.0,0.0,2050.21,9988.47,0.0,0.0,0.0,0.0,5260.62,0.0,31427
4251,0.0,19388.31,0.0,0.0,1072.21,9988.47,0.0,0.0,0.0,0.0,5260.62,0.0,30449
4252,0.0,19388.31,0.0,0.0,0.0,9988.47,0.0,0.0,1107.21,0.0,4057.13,0.0,30484
4253,0.0,19388.31,0.0,0.0,1030.21,9988.47,0.0,0.0,0.0,0.0,4057.13,0.0,30407
4254,0.0,19388.31,0.0,0.0,0.0,9988.47,0.0,216.3,2456.91,0.0,1386.57,0.0,32050
4255,0.0,19388.31,0.0,0.0,0.0,9988.47,0.0,3994.57,1275.65,0.0,0.0,0.0,34647
4256,0.0,14541.24,0.0,0.0,0.0,9988.47,0.0,11624.6,0.0,77.31,71.12,0.0,36077
4257,0.0,9694.16,0.0,0.0,0.0,9988.47,0.0,18401.72,0.0,1900.35,1819.44,0.0,36184
4258,0.0,9539.97,0.0,0.0,0.0,9988.47,1159.73,16205.83,0.0,0.0,1819.44,0.0,36894
4259,0.0,4692.89,0.0,0.0,0.0,9988.47,1876.14,23354.3,0.0,3065.8,4639.98,0.0,36846
4260,0.0,603.99,0.0,0.0,0.0,9988.47,2839.61,27426.65,0.0,3699.72,8043.73,0.0,37159
4261,0.0,5451.07,0.0,0.0,0.0,9988.47,3123.37,26829.29,0.0,7617.21,15051.56,0.0,37775
4262,0.0,10298.15,0.0,0.0,0.0,9988.47,2839.61,15239.43,0.0,354.67,15377.86,0.0,38011
4263,0.0,5451.07,0.0,0.0,0.0,9988.47,2573.58,27571.31,0.0,7357.43,22146.7,0.0,38227
4264,0.0,9694.16,0.0,0.0,0.0,9988.47,2324.71,17379.9,0.0,634.24,22730.2,0.0,38753
4265,0.0,14541.24,0.0,0.0,0.0,9988.47,1876.14,14914.7,0.0,1829.55,24413.39,0.0,39491
4266,0.0,19388.31,0.0,0.0,0.0,9988.47,1876.14,4068.27,2682.8,0.0,21497.29,0.0,38004
4267,0.0,19388.31,0.0,0.0,0.0,9988.47,2092.42,3216.91,2841.88,0.0,18408.29,0.0,37528
4268,0.0,19388.31,0.0,0.0,0.0,9988.47,2324.71,579.45,4708.06,0.0,13290.83,0.0,36989
4269,0.0,19388.31,0.0,0.0,0.0,9988.47,3746.37,0.0,4467.84,0.0,8434.48,0.0,37591
4270,0.0,17918.09,0.0,0.0,0.0,9988.47,7578.43,0.0,0.0,0.0,8434.48,0.0,35485
4271,0.0,13071.02,0.0,0.0,0.0,9988.47,11214.04,0.0,0.0,1407.53,9729.41,0.0,32866
4272,0.0,8223.94,0.0,0.0,0.0,9988.47,12644.0,0.0,0.0,112.41,9832.83,0.0,30744
4273,0.0,6492.8,0.0,0.0,0.0,9988.47,11914.72,0.0,0.0,0.0,9832.83,0.0,28396
4274,0.0,5433.53,0.0,0.0,0.0,9988.47,12644.0,0.0,0.0,0.0,9832.83,0.0,28066
4275,0.0,5209.53,0.0,0.0,0.0,9988.47,12644.0,0.0,0.0,0.0,9832.83,0.0,27842
4276,0.0,4937.53,0.0,0.0,0.0,9988.47,12644.0,0.0,0.0,0.0,9832.83,0.0,27570
4277,0.0,5292.53,0.0,0.0,0.0,9988.47,12644.0,0.0,0.0,0.0,9832.83,0.0,27925
4278,0.0,5418.67,0.0,0.0,0.0,9988.47,13402.44,1012.42,0.0,0.0,9832.83,0.0,29822
4279,0.0,5707.72,0.0,0.0,0.0,9988.47,12644.0,4133.81,0.0,0.0,9832.83,0.0,32474
4280,0.0,1344.51,0.0,0.0,0.0,9988.47,11214.04,11128.97,0.0,0.0,9832.83,0.0,33676
4281,0.0,0.0,0.0,0.0,0.0,9988.47,8685.83,19423.93,0.0,4602.23,14066.89,0.0,33496
4282,0.0,0.0,0.0,0.0,0.0,9988.47,6569.4,25014.6,0.0,7190.47,20682.12,0.0,34382
4283,0.0,0.0,0.0,0.0,0.0,9988.47,6100.34,28974.5,0.0,10042.31,29921.04,0.0,35021
4284,0.0,0.0,0.0,0.0,0.0,9988.47,6100.34,31290.16,0.0,11773.97,40753.1,0.0,35605
4285,0.0,0.0,0.0,0.0,0.0,9988.47,6100.34,31551.63,0.0,11842.44,51648.14,0.0,35798
4286,0.0,0.0,0.0,0.0,0.0,9988.47,6100.34,30255.25,0.0,10255.06,61082.8,0.0,36089
4287,0.0,0.0,0.0,0.0,0.0,9988.47,6100.34,27512.1,0.0,6971.91,67496.96,0.0,36629
4288,0.0,4847.08,0.0,0.0,0.0,9988.47,6569.4,23194.1,0.0,6372.05,73359.24,0.0,38227
4289,0.0,9694.16,0.0,0.0,0.0,9988.47,6569.4,17421.65,0.0,3646.68,76714.19,0.0,40027
4290,0.0,14541.24,0.0,0.0,0.0,9988.47,6569.4,10255.18,0.0,216.29,76913.17,0.0,41138
4291,0.0,19388.31,0.0,0.0,0.0,9988.47,7578.43,3441.99,1144.79,0.0,75668.84,0.0,41542
4292,0.0,19388.31,0.0,0.0,0.0,9988.47,7578.43,532.44,3268.34,0.0,72116.3,0.0,40756
4293,0.0,19388.31,0.0,0.0,0.0,9988.47,8685.83,0.0,1338.38,0.0,70661.54,0.0,39401
4294,0.0,16721.35,0.0,0.0,0.0,9988.47,9896.18,0.0,0.0,0.0,70661.54,0.0,36606
4295,0.0,12803.48,0.0,0.0,0.0,9988.47,11214.04,0.0,0.0,0.0,70661.54,0.0,34006
4296,0.0,10171.48,0.0,0.0,0.0,9988.47,11214.04,0.0,0.0,0.0,70661.54,0.0,31374
4297,0.0,9534.14,0.0,0.0,0.0,9988.47,10541.38,0.0,0.0,0.0,70661.54,0.0,30064
4298,0.0,8286.14,0.0,0.0,0.0,9988.47,10541.38,0.0,0.0,0.0,70661.54,0.0,28816
4299,0.0,8935.67,0.0,0.0,0.0,9988.47,9277.85,0.0,0.0,0.0,70661.54,0.0,28202
4300,0.0,8926.67,0.0,0.0,0.0,9988.47,9277.85,0.0,0.0,0.0,70661.54,0.0,28193
4301,0.0,9528.67,0.0,0.0,0.0,9988.47,9277.85,0.0,0.0,0.0,70661.54,0.0,28795
4302,0.0,9893.71,0.0,0.0,0.0,9988.47,9896.18,896.64,0.0,0.0,70661.54,0.0,30675
4303,0.0,9257.89,0.0,0.0,0.0,9988.47,9277.85,4692.78,0.0,0.0,70661.54,0.0,33217
4304,0.0,5983.05,0.0,0.0,0.0,9988.47,7578.43,11572.04,0.0,0.0,70661.54,0.0,35122
4305,0.0,2490.44,0.0,0.0,0.0,9988.47,5230.28,18199.81,0.0,0.0,70661.54,0.0,35909
4306,0.0,0.0,0.0,0.0,0.0,9988.47,3123.37,23613.76,0.0,22.6,70682.33,0.0,36703
4307,0.0,0.0,0.0,0.0,0.0,9988.47,1675.31,26727.73,0.0,1647.51,72198.04,0.0,36744
4308,0.0,3462.17,0.0,0.0,0.0,9988.47,0.0,23653.36,0.0,0.0,72198.04,0.0,37104
4309,0.0,327.01,0.0,0.0,0.0,9988.47,0.0,27325.51,0.0,0.0,72198.04,0.0,37641
4310,0.0,0.0,0.0,0.0,0.0,9988.47,2573.58,28008.67,0.0,2315.72,74328.51,0.0,38255
4311,0.0,2364.65,0.0,0.0,0.0,9988.47,4828.13,21387.75,0.0,0.0,74328.51,0.0,38569
4312,0.0,5402.24,0.0,0.0,0.0,9988.47,5654.16,21255.38,0.0,3215.25,77286.53,0.0,39085
4313,0.0,10249.32,0.0,0.0,0.0,9988.47,5654.16,15921.47,0.0,2949.42,80000.0,0.0,38864
4314,0.0,15096.39,0.0,0.0,0.0,9988.47,4828.13,9604.0,0.0,0.0,80000.0,0.0,39517
4315,0.0,19388.31,0.0,0.0,0.0,9988.47,3425.44,3723.43,3805.35,0.0,75863.75,0.0,40331
4316,0.0,19388.31,0.0,0.0,0.0,9988.47,2573.58,431.02,7490.61,0.0,67721.78,0.0,39872
4317,0.0,19388.31,0.0,0.0,0.0,9988.47,2573.58,0.0,7254.63,0.0,59836.31,0.0,39205
4318,0.0,19388.31,0.0,0.0,0.0,9988.47,2839.61,0.0,5704.6,0.0,53635.66,0.0,37921
4319,0.0,19388.31,0.0,0.0,0.0,9988.47,4086.75,0.0,1359.46,0.0,52157.98,0.0,34823
4320,0.0,17991.08,0.0,0.0,0.0,9988.47,6569.4,0.0,0.0,2623.95,54572.02,0.0,31925
4321,0.0,13144.0,0.0,0.0,0.0,9988.47,9896.18,0.0,0.0,3054.65,57382.3,0.0,29974
4322,0.0,9263.35,0.0,0.0,0.0,9988.47,9896.18,0.0,0.0,0.0,57382.3,0.0,29148
4323,0.0,11933.13,0.0,0.0,0.0,9988.47,6569.4,0.0,0.0,0.0,57382.3,0.0,28491
4324,0.0,14592.16,0.0,0.0,0.0,9988.47,3746.37,0.0,0.0,0.0,57382.3,0.0,28327
4325,0.0,16930.39,0.0,0.0,0.0,9988.47,1876.14,0.0,0.0,0.0,57382.3,0.0,28795
4326,0.0,19388.31,0.0,0.0,0.0,9988.47,0.0,928.64,496.57,0.0,56842.54,0.0,30802
4327,0.0,18150.48,0.0,0.0,0.0,9988.47,0.0,4748.04,0.0,0.0,56842.54,0.0,32887
4328,0.0,13303.4,0.0,0.0,0.0,9988.47,0.0,11602.52,0.0,159.4,56989.19,0.0,34735
4329,0.0,8456.32,0.0,0.0,0.0,9988.47,0.0,18610.51,0.0,768.31,57696.03,0.0,36287
4330,0.0,9226.08,0.0,0.0,0.0,9988.47,0.0,24316.68,0.0,6270.23,63464.64,0.0,37261
4331,0.0,4379.0,0.0,0.0,0.0,9988.47,0.0,28144.33,0.0,4632.8,67726.82,0.0,37879
4332,0.0,0.0,0.0,0.0,0.0,9988.47,0.0,30593.33,0.0,1581.8,69182.08,0.0,39000
4333,0.0,0.0,0.0,0.0,0.0,9988.47,0.0,31167.94,0.0,1648.41,70698.62,0.0,39508
4334,0.0,2765.86,0.0,0.0,0.0,9988.47,0.0,30067.69,0.0,2754.02,73232.32,0.0,40068
4335,0.0,7612.94,0.0,0.0,0.0,9988.47,0.0,27082.45,0.0,3399.86,76360.19,0.0,41284
4336,0.0,12460.02,0.0,0.0,0.0,9988.47,1876.14,22426.68,0.0,3956.32,80000.0,0.0,42795
4337,0.0,17307.1,0.0,0.0,0.0,9988.47,2573.58,14475.85,0.0,0.0,80000.0,0.0,44345
4338,0.0,19388.31,0.0,0.0,0.0,9988.47,3123.37,9840.73,2301.11,0.0,77498.8,0.0,44642
4339,0.0,19388.31,0.0,0.0,0.0,9988.47,3123.37,3710.89,7623.95,0.0,69211.9,0.0,43835
4340,0.0,19388.31,0.0,0.0,0.0,9988.47,3425.44,518.83,9461.94,0.0,58927.18,0.0,42783
4341,0.0,19388.31,0.0,0.0,0.0,9988.47,10541.38,0.0,1879.83,0.0,56883.89,0.0,41798
4342,0.0,19388.31,0.0,0.0,0.0,9988.47,9896.18,0.0,0.0,143.97,57016.34,0.0,39129
4343,0.0,17174.69,0.0,0.0,0.0,9988.47,8685.83,0.0,0.0,0.0,57016.34,0.0,35849
4344,0.0,14574.69,0.0,0.0,0.0,9988.47,8685.83,0.0,0.0,0.0,57016.34,0.0,33249
4345,0.0,18099.83,0.0,0.0,0.0,6290.26,7061.9,0.0,0.0,0.0,57016.34,0.0,31452
4346,0.0,18824.46,0.0,0.0,0.0,6290.26,5230.28,0.0,0.0,0.0,57016.34,0.0,30345
4347,0.0,19388.31,0.0,0.0,0.0,6290.26,5654.16,0.0,0.0,2018.73,58873.57,0.0,29314
4348,0.0,17418.64,0.0,0.0,0.0,6290.26,8119.55,0.0,0.0,2913.45,61553.94,0.0,28915
4349,0.0,12571.56,0.0,0.0,0.0,6290.26,9896.18,0.0,0.0,0.0,61553.94,0.0,28758
4350,0.0,13976.9,0.0,0.0,0.0,6290.26,8685.83,762.0,0.0,0.0,61553.94,0.0,29715
4351,0.0,16219.87,0.0,0.0,0.0,6290.26,3746.37,4582.5,0.0,0.0,61553.94,0.0,30839
4352,0.0,15991.95,0.0,0.0,0.0,6290.26,0.0,12816.68,0.0,2624.89,63968.84,0.0,32474
4353,0.0,11144.88,0.0,0.0,0.0,6290.26,0.0,20354.43,0.0,2856.57,66596.89,0.0,34933
4354,0.0,6297.8,0.0,0.0,0.0,6290.26,0.0,26243.12,0.0,1951.18,68391.97,0.0,36880
4355,0.0,1450.72,0.0,0.0,0.0,6290.26,0.0,30535.02,0.0,0.0,68391.97,0.0,38276
4356,0.0,0.0,0.0,0.0,0.0,6290.26,0.0,33408.4,0.0,1450.67,69726.58,0.0,38248
4357,0.0,0.0,0.0,0.0,0.0,6290.26,0.0,34321.82,0.0,1665.09,71258.46,0.0,38947
4358,0.0,1554.4,0.0,0.0,0.0,6290.26,0.0,33225.76,0.0,2111.42,73200.97,0.0,38959
4359,0.0,6401.48,0.0,0.0,0.0,6290.26,0.0,30209.58,0.0,3204.32,76148.94,0.0,39697
4360,0.0,11248.56,0.0,0.0,0.0,6290.26,0.0,25466.09,0.0,2834.91,78757.05,0.0,40170
4361,0.0,16095.63,0.0,0.0,0.0,6290.26,0.0,19034.1,0.0,0.0,78757.05,0.0,41420
4362,0.0,19388.31,0.0,0.0,0.0,6290.26,0.0,9225.38,5992.05,0.0,72243.96,0.0,40896
4363,0.0,19388.31,0.0,0.0,0.0,6290.26,0.0,3227.63,11085.79,0.0,60194.19,0.0,39992
4364,0.0,19388.31,0.0,0.0,0.0,6290.26,1159.73,558.14,11176.55,0.0,48045.76,0.0,38573
4365,0.0,19388.31,0.0,0.0,0.0,6290.26,1317.67,0.0,11007.75,0.0,36080.81,0.0,38004
4366,0.0,19388.31,0.0,0.0,0.0,6290.26,1489.34,0.0,9422.08,0.0,25839.42,0.0,36590
4367,0.0,19388.31,0.0,0.0,0.0,6290.26,1675.31,0.0,7895.12,0.0,17257.77,0.0,35249
4368,0.0,19388.31,0.0,0.0,0.0,6290.26,2092.42,0.0,5368.01,0.0,11422.98,0.0,33139
4369,0.0,19388.31,0.0,0.0,0.0,6290.26,2839.61,0.0,2269.81,0.0,8955.79,0.0,30788
4370,0.0,19226.37,0.0,0.0,0.0,6290.26,3746.37,0.0,0.0,0.0,8955.79,0.0,29263
4371,0.0,19388.31,0.0,0.0,0.0,6290.26,4828.13,0.0,0.0,2417.71,11180.08,0.0,28089
4372,0.0,19038.42,0.0,0.0,0.0,6290.26,5654.16,0.0,0.0,3499.84,14399.93,0.0,27483
4373,0.0,14191.34,0.0,0.0,0.0,6290.26,6569.4,0.0,0.0,0.0,14399.93,0.0,27051
4374,0.0,15952.81,0.0,0.0,0.0,6290.26,8685.83,869.05,0.0,4977.95,18979.65,0.0,26820
4375,0.0,11105.73,0.0,0.0,0.0,6290.26,11214.04,4534.54,0.0,4723.58,23325.34,0.0,28421
4376,0.0,6258.65,0.0,0.0,0.0,6290.26,12644.0,9889.66,0.0,4852.57,27789.7,0.0,30230
4377,0.0,1411.58,0.0,0.0,0.0,6290.26,10541.38,19700.13,0.0,5637.36,32976.07,0.0,32306
4378,0.0,6258.65,0.0,0.0,0.0,6290.26,8685.83,25697.4,0.0,12797.15,44749.45,0.0,34135
4379,0.0,1411.58,0.0,0.0,0.0,6290.26,6100.34,26547.01,0.0,5049.19,49394.7,0.0,35300
4380,0.0,0.0,0.0,0.0,0.0,6290.26,2839.61,32745.45,0.0,5761.32,54695.12,0.0,36114
4381,0.0,4847.08,0.0,0.0,0.0,6290.26,0.0,33321.92,0.0,7962.26,62020.41,0.0,36497
4382,0.0,9694.16,0.0,0.0,0.0,6290.26,0.0,32142.2,0.0,11156.62,72284.5,0.0,36970
4383,0.0,9694.16,0.0,0.0,0.0,6290.26,0.0,26609.21,0.0,5369.63,77224.56,0.0,37224
4384,0.0,14541.24,0.0,0.0,0.0,6290.26,0.0,20881.28,0.0,3016.78,80000.0,0.0,38696
4385,0.0,19388.31,0.0,0.0,905.54,6290.26,0.0,13571.89,0.0,0.0,80000.0,0.0,40156
4386,0.0,19388.31,0.0,0.0,0.0,6290.26,0.0,8094.73,7012.7,0.0,72377.5,0.0,40786
4387,0.0,19388.31,0.0,0.0,399.56,6290.26,0.0,2801.03,11636.84,0.0,59728.76,0.0,40516
4388,0.0,19388.31,0.0,0.0,0.0,6290.26,0.0,444.51,12925.91,0.0,45678.86,0.0,39049
4389,0.0,19388.31,0.0,0.0,0.0,6290.26,0.0,0.0,11637.42,0.0,33029.49,0.0,37316
4390,0.0,19388.31,0.0,0.0,0.0,6290.26,0.0,0.0,9967.42,0.0,22195.33,0.0,35646
4391,0.0,19388.31,0.0,0.0,0.0,6290.26,0.0,0.0,7647.42,0.0,13882.92,0.0,33326
4392,0.0,19388.31,0.0,0.0,0.0,6290.26,0.0,0.0,5365.42,0.0,8050.93,0.0,31044
4393,0.0,19388.31,0.0,0.0,3446.42,6290.26,0.0,0.0,0.0,0.0,8050.93,0.0,29125
4394,0.0,19388.31,0.0,0.0,2256.42,6290.26,0.0,0.0,0.0,0.0,8050.93,0.0,27935
4395,0.0,19388.31,0.0,0.0,0.0,6290.26,0.0,0.0,1612.42,0.0,6298.3,0.0,27291
4396,0.0,19388.31,0.0,0.0,0.0,6290.26,0.0,0.0,1072.42,0.0,5132.62,0.0,26751
4397,0.0,19388.31,0.0,0.0,0.0,6290.26,0.0,0.0,731.42,0.0,4337.6,0.0,26410
4398,0.0,19388.31,0.0,0.0,565.12,6290.26,0.0,214.3,0.0,0.0,4337.6,0.0,26458
4399,0.0,19388.31,0.0,0.0,77.58,6290.26,0.0,2000.84,0.0,0.0,4337.6,0.0,27757
4400,0.0,19388.31,0.0,0.0,0.0,6290.26,0.0,445.25,3125.17,0.0,940.67,0.0,29249
4401,0.0,19388.31,0.0,0.0,0.0,6290.26,0.0,3944.0,865.42,0.0,0.0,0.0,30488
4402,0.0,14541.24,0.0,0.0,0.0,6290.26,0.0,11412.61,0.0,448.11,412.26,0.0,31796
4403,0.0,19388.31,0.0,0.0,0.0,6290.26,1489.34,16004.41,0.0,10497.32,10069.8,0.0,32675
4404,0.0,19388.31,0.0,0.0,0.0,6290.26,2092.42,17397.25,0.0,11310.24,20475.22,0.0,33858
4405,0.0,14541.24,0.0,0.0,0.0,6290.26,2573.58,21117.98,0.0,10321.06,29970.6,0.0,34202
4406,0.0,13144.0,0.0,0.0,0.0,6290.26,3123.37,21628.92,0.0,9290.56,38517.91,0.0,34896
4407,0.0,13144.0,0.0,0.0,0.0,6290.26,4086.75,20903.78,0.0,8347.79,46197.88,0.0,36077
4408,0.0,17991.08,0.0,0.0,0.0,6290.26,5230.28,15723.32,0.0,7373.94,52981.9,0.0,37861
4409,0.0,14541.24,0.0,0.0,0.0,6290.26,6100.34,15688.79,0.0,2637.62,55408.51,0.0,39983
4410,0.0,19388.31,0.0,0.0,0.0,6290.26,6100.34,9436.48,93.61,0.0,55306.76,0.0,41309
4411,0.0,19388.31,0.0,0.0,0.0,6290.26,6100.34,3008.42,6865.66,0.0,47844.09,0.0,41653
4412,0.0,19388.31,0.0,0.0,0.0,6290.26,6100.34,469.84,8061.25,0.0,39081.86,0.0,40310
4413,0.0,19388.31,0.0,0.0,0.0,6290.26,5654.16,0.0,7404.27,0.0,31033.74,0.0,38737
4414,0.0,19388.31,0.0,0.0,0.0,6290.26,5230.28,0.0,5826.15,0.0,24700.97,0.0,36735
4415,0.0,19388.31,0.0,0.0,0.0,6290.26,4828.13,0.0,3522.29,0.0,20872.4,0.0,34029
4416,0.0,19388.31,0.0,0.0,0.0,6290.26,4086.75,0.0,1779.67,0.0,18937.97,0.0,31545
4417,0.0,19388.31,0.0,0.0,0.0,6290.26,3425.44,0.0,477.99,0.0,18418.42,0.0,29582
4418,0.0,19388.31,0.0,0.0,0.0,6290.26,2839.61,0.0,78.81,0.0,18332.75,0.0,28597
4419,0.0,19388.31,0.0,0.0,0.0,6290.26,2573.58,0.0,0.0,220.16,18535.29,0.0,28032
4420,0.0,19388.31,0.0,0.0,0.0,6290.26,2092.42,0.0,533.01,0.0,17955.94,0.0,28304
4421,0.0,19388.31,0.0,0.0,0.0,6290.26,1675.31,0.0,1229.12,0.0,16619.94,0.0,28583
4422,0.0,19388.31,0.0,0.0,0.0,6290.26,1159.73,794.69,2528.01,0.0,13872.11,0.0,30161
4423,0.0,19388.31,0.0,0.0,0.0,6290.26,0.0,4137.6,2528.82,0.0,11123.39,0.0,32345
4424,0.0,19388.31,0.0,0.0,0.0,6290.26,0.0,10667.53,0.0,1228.11,12253.24,0.0,35118
4425,0.0,19388.31,0.0,0.0,0.0,6290.26,0.0,17548.13,0.0,6643.7,18365.45,0.0,36583
4426,0.0,14541.24,0.0,0.0,0.0,6290.26,0.0,23495.99,0.0,6376.49,24231.82,0.0,37951
4427,0.0,12239.2,0.0,0.0,0.0,6290.26,0.0,30271.63,0.0,9243.09,32735.47,0.0,39558
4428,0.0,17086.28,0.0,0.0,0.0,6290.26,0.0,32810.45,0.0,15514.99,47009.26,0.0,40672
4429,0.0,13144.0,0.0,0.0,0.0,6290.26,0.0,33336.22,0.0,10884.48,57022.99,0.0,41886
4430,0.0,13144.0,0.0,0.0,0.0,6290.26,1159.73,29202.06,0.0,7156.06,63606.56,0.0,42640
4431,0.0,17991.08,0.0,0.0,0.0,6290.26,1489.34,25618.17,0.0,9366.85,72224.06,0.0,42022
4432,0.0,19388.31,0.0,0.0,0.0,6290.26,1876.14,23198.39,0.0,8452.11,80000.0,0.0,42301
4433,0.0,18142.44,0.0,0.0,0.0,6290.26,2324.71,16830.59,0.0,0.0,80000.0,0.0,43588
4434,0.0,19388.31,0.0,0.0,0.0,6290.26,2839.61,11126.36,3641.45,0.0,76041.9,0.0,43286
4435,0.0,19388.31,0.0,0.0,0.0,6290.26,2839.61,3319.41,11067.4,0.0,64012.12,0.0,42905
4436,0.0,19388.31,0.0,0.0,0.0,6290.26,2573.58,463.91,13203.93,0.0,49660.02,0.0,41920
4437,0.0,19388.31,0.0,0.0,5662.9,6290.26,2573.58,0.0,7495.95,0.0,41512.25,0.0,41411
4438,0.0,19388.31,0.0,0.0,0.0,6290.26,3123.37,0.0,10046.05,0.0,30592.63,0.0,38848
4439,0.0,19388.31,0.0,0.0,0.0,6290.26,3746.37,0.0,6678.05,0.0,23333.88,0.0,36103
4440,0.0,19388.31,0.0,0.0,4270.05,6290.26,3746.37,0.0,0.0,0.0,23333.88,0.0,33695
4441,0.0,19388.31,0.0,0.0,0.0,6290.26,3425.44,0.0,3028.99,0.0,20041.5,0.0,32133
4442,0.0,19388.31,0.0,0.0,0.0,6290.26,2324.71,0.0,3142.72,0.0,16625.5,0.0,31146
4443,0.0,19388.31,0.0,0.0,3346.75,6290.26,1317.67,0.0,0.0,0.0,16625.5,0.0,30343
4444,0.0,19388.31,0.0,0.0,0.0,6290.26,0.0,0.0,4120.42,0.0,12146.78,0.0,29799
4445,0.0,19388.31,0.0,0.0,0.0,6290.26,0.0,0.0,4648.42,0.0,7094.14,0.0,30327
4446,0.0,19388.31,0.0,0.0,0.0,6290.26,0.0,725.81,6526.61,0.0,0.0,0.0,32931
4447,0.0,19388.31,0.0,0.0,5052.19,6290.26,0.0,4378.23,0.0,0.0,0.0,0.0,35109
4448,0.0,18835.58,0.0,0.0,0.0,6290.26,0.0,12451.15,0.0,0.0,0.0,0.0,37577
4449,0.0,19388.31,0.0,0.0,0.0,6290.26,0.0,20022.44,0.0,7024.01,6462.09,0.0,38677
4450,0.0,19388.31,0.0,0.0,0.0,6290.26,0.0,25675.05,0.0,12687.63,18134.71,0.0,38666
4451,0.0,17991.08,0.0,0.0,0.0,6290.26,0.0,29752.99,0.0,14686.33,31646.13,0.0,39348
4452,0.0,13144.0,0.0,0.0,0.0,6290.26,0.0,32127.04,0.0,11574.3,42294.49,0.0,39987
4453,0.0,16781.95,0.0,0.0,0.0,6290.26,0.0,32747.9,0.0,15701.12,56739.51,0.0,40119
4454,0.0,13144.0,0.0,0.0,0.0,6290.26,0.0,31512.7,0.0,10590.96,66483.19,0.0,40356
4455,0.0,17991.08,0.0,0.0,0.0,6290.26,0.0,28823.52,0.0,11979.86,77504.67,0.0,41125
4456,0.0,14429.97,0.0,0.0,0.0,6290.26,0.0,24480.08,0.0,2712.32,80000.0,0.0,42488
4457,0.0,19277.05,0.0,0.0,0.0,6290.26,0.0,18583.69,0.0,0.0,80000.0,0.0,44151
4458,0.0,19388.31,0.0,0.0,0.0,6290.26,0.0,10897.15,7942.27,0.0,71367.09,0.0,44518
4459,0.0,19388.31,0.0,0.0,3014.45,6290.26,0.0,3390.11,11889.86,0.0,58443.33,0.0,43973
4460,0.0,19388.31,0.0,0.0,0.0,6290.26,0.0,472.23,16932.19,0.0,40038.78,0.0,43083
4461,0.0,19388.31,0.0,0.0,8341.01,6290.26,0.0,0.0,7619.42,0.0,31756.8,0.0,41639
4462,0.0,19388.31,0.0,0.0,0.0,6290.26,0.0,0.0,13439.42,0.0,17148.73,0.0,39118
4463,0.0,19388.31,0.0,0.0,8341.01,6290.26,0.0,0.0,1827.42,0.0,15162.41,0.0,35847
4464,0.0,19388.31,0.0,0.0,0.0,6290.26,1489.34,0.0,6254.08,0.0,8364.49,0.0,33422
4465,0.0,19388.31,0.0,0.0,4307.01,6290.26,2092.42,0.0,0.0,0.0,8364.49,0.0,32078
4466,0.0,19388.31,0.0,0.0,2618.84,6290.26,2573.58,0.0,0.0,0.0,8364.49,0.0,30871
4467,0.0,19388.31,0.0,0.0,0.0,6290.26,2839.61,0.0,1840.81,0.0,6363.61,0.0,30359
4468,0.0,19388.31,0.0,0.0,1250.81,6290.26,2839.61,0.0,0.0,0.0,6363.61,0.0,29769
4469,0.0,19388.31,0.0,0.0,2381.84,6290.26,2573.58,0.0,0.0,0.0,6363.61,0.0,30634
4470,0.0,19388.31,0.0,0.0,0.0,6290.26,2092.42,757.29,3408.72,0.0,2658.48,0.0,31937
4471,0.0,19388.31,0.0,0.0,0.0,6290.26,1489.34,4348.28,2445.8,0.0,0.0,0.0,33962
4472,0.0,17610.39,0.0,0.0,0.0,6290.26,0.0,11856.34,0.0,0.0,0.0,0.0,35757
4473,0.0,19388.31,0.0,0.0,0.0,6290.26,0.0,19025.23,0.0,8088.8,7441.7,0.0,36615
4474,0.0,17991.08,0.0,0.0,0.0,6290.26,0.0,24731.77,0.0,11895.11,18385.2,0.0,37118
4475,0.0,13144.0,0.0,0.0,0.0,6290.26,0.0,29016.44,0.0,10631.71,28166.37,0.0,37819
4476,0.0,17564.55,0.0,0.0,0.0,6290.26,0.0,31686.76,0.0,16788.57,43611.86,0.0,38753
4477,0.0,12717.47,0.0,0.0,0.0,6290.26,0.0,32694.22,0.0,13079.96,55645.42,0.0,38622
4478,0.0,13144.0,0.0,0.0,0.0,6290.26,0.0,31507.15,0.0,11113.41,65869.76,0.0,39828
4479,0.0,17991.08,0.0,0.0,0.0,6290.26,0.0,28752.1,0.0,12783.45,77630.53,0.0,40250
4480,0.0,13144.0,0.0,0.0,0.0,6290.26,0.0,24139.25,0.0,2575.52,80000.0,0.0,40998
4481,0.0,17651.95,0.0,0.0,0.0,6290.26,0.0,18079.79,0.0,0.0,80000.0,0.0,42022
4482,0.0,19388.31,0.0,0.0,0.0,6290.26,0.0,10559.74,5691.68,0.0,73813.39,0.0,41930
4483,0.0,19388.31,0.0,0.0,0.0,6290.26,0.0,3449.98,12727.44,0.0,59979.22,0.0,41856
4484,0.0,19388.31,0.0,0.0,0.0,6290.26,1675.31,502.67,13321.45,0.0,45499.38,0.0,41178
4485,0.0,19388.31,0.0,0.0,0.0,6290.26,2573.58,0.0,11910.84,0.0,32552.81,0.0,40163
4486,0.0,19388.31,0.0,0.0,0.0,6290.26,3425.44,0.0,8892.99,0.0,22886.52,0.0,37997
4487,0.0,19388.31,0.0,0.0,0.0,6290.26,3746.37,0.0,5271.05,0.0,17157.11,0.0,34696
4488,0.0,19388.31,0.0,0.0,0.0,6290.26,3425.44,0.0,2968.99,0.0,13929.95,0.0,32073
4489,0.0,19388.31,0.0,0.0,0.0,6290.26,2573.58,0.0,1958.84,0.0,11800.77,0.0,30211
4490,0.0,19388.31,0.0,0.0,421.03,6290.26,2092.42,0.0,1326.97,0.0,10358.41,0.0,29519
4491,0.0,19388.31,0.0,0.0,0.0,6290.26,2092.42,0.0,595.01,0.0,9711.66,0.0,28366
4492,0.0,19388.31,0.0,0.0,0.0,6290.26,2092.42,0.0,613.01,0.0,9045.35,0.0,28384
4493,0.0,19388.31,0.0,0.0,0.0,6290.26,1489.34,0.0,2001.08,0.0,6870.26,0.0,29169
4494,0.0,19388.31,0.0,0.0,0.0,6290.26,0.0,823.85,3803.58,0.0,2735.94,0.0,30306
4495,0.0,19388.31,0.0,0.0,0.0,6290.26,0.0,4354.36,2517.06,0.0,0.0,0.0,32550
4496,0.0,16629.11,0.0,0.0,0.0,6290.26,0.0,11695.63,0.0,0.0,0.0,0.0,34615
4497,0.0,19388.31,0.0,0.0,0.0,6290.26,1317.67,19040.05,0.0,9809.3,9024.55,0.0,36227
4498,0.0,17991.08,0.0,0.0,0.0,6290.26,1876.14,24778.67,0.0,13627.15,21561.53,0.0,37309
4499,0.0,13144.0,0.0,0.0,0.0,6290.26,1876.14,28999.68,0.0,11289.09,31947.49,0.0,39021
4500,0.0,17991.08,0.0,0.0,0.0,6290.26,1876.14,31687.48,0.0,18343.96,48823.93,0.0,39501
4501,0.0,13144.0,0.0,0.0,0.0,6290.26,1876.14,32673.36,0.0,13585.76,61322.84,0.0,40398
4502,0.0,9931.05,0.0,0.0,0.0,6290.26,1675.31,31522.86,0.0,8230.48,68894.88,0.0,41189
4503,0.0,14778.13,0.0,0.0,0.0,6290.26,1675.31,28469.89,0.0,9191.59,77351.14,0.0,42022
4504,0.0,14541.24,0.0,0.0,0.0,6290.26,1489.34,23754.35,0.0,2879.19,80000.0,0.0,43196
4505,0.0,19388.31,0.0,0.0,257.92,6290.26,1489.34,17500.16,0.0,0.0,80000.0,0.0,44926
4506,0.0,19388.31,0.0,0.0,0.0,6290.26,1489.34,10184.14,7352.95,0.0,72007.67,0.0,44705
4507,0.0,19388.31,0.0,0.0,4699.12,6290.26,1489.34,3565.54,8969.43,0.0,62258.29,0.0,44402
4508,0.0,19388.31,0.0,0.0,0.0,6290.26,1489.34,504.39,15888.7,0.0,44987.97,0.0,43561
4509,0.0,19388.31,0.0,0.0,8341.01,6290.26,1876.14,0.0,6779.28,0.0,37619.19,0.0,42675
4510,0.0,19388.31,0.0,0.0,0.0,6290.26,2092.42,0.0,12239.01,0.0,24315.92,0.0,40010
4511,0.0,19388.31,0.0,0.0,8341.01,6290.26,2573.58,0.0,328.84,0.0,23958.49,0.0,36922
4512,0.0,19388.31,0.0,0.0,0.0,6290.26,3123.37,0.0,5093.05,0.0,18422.56,0.0,33895
4513,0.0,19388.31,0.0,0.0,3148.81,6290.26,2839.61,0.0,0.0,0.0,18422.56,0.0,31667
4514,0.0,19388.31,0.0,0.0,2422.72,6290.26,2324.71,0.0,0.0,0.0,18422.56,0.0,30426
4515,0.0,19388.31,0.0,0.0,2328.08,6290.26,1489.34,0.0,0.0,0.0,18422.56,0.0,29496
4516,0.0,19388.31,0.0,0.0,3635.42,6290.26,0.0,0.0,0.0,0.0,18422.56,0.0,29314
4517,0.0,19388.31,0.0,0.0,0.0,6290.26,0.0,0.0,4306.42,0.0,13741.67,0.0,29985
4518,0.0,19388.31,0.0,0.0,0.0,6290.26,0.0,818.44,5063.98,0.0,8237.34,0.0,31561
4519,0.0,19388.31,0.0,0.0,0.0,6290.26,0.0,4275.39,3951.03,0.0,3942.74,0.0,33905
4520,0.0,19388.31,0.0,0.0,0.0,6290.26,0.0,11018.74,0.0,8.32,3950.4,0.0,36689
4521,0.0,19388.31,0.0,0.0,0.0,6290.26,0.0,18178.58,0.0,5231.16,8763.06,0.0,38626
4522,0.0,19388.31,0.0,0.0,0.0,6290.26,0.0,24129.73,0.0,9814.31,17792.23,0.0,39994
4523,0.0,19388.31,0.0,0.0,0.0,6290.26,0.0,28448.16,0.0,12734.73,29508.18,0.0,41392
4524,0.0,19388.31,0.0,0.0,0.0,6290.26,0.0,31000.77,0.0,13995.34,42383.9,0.0,42684
4525,0.0,19388.31,0.0,0.0,6939.8,6290.26,0.0,3896.97,6004.66,0.0,35857.1,0.0,42520
4526,0.0,19388.31,0.0,0.0,0.0,6290.26,0.0,25745.77,0.0,8823.35,43974.57,0.0,42601
4527,0.0,19388.31,0.0,0.0,0.0,6290.26,0.0,27922.97,0.0,10698.55,53817.24,0.0,42903
4528,0.0,19388.31,0.0,0.0,3042.12,6290.26,0.0,14420.3,0.0,0.0,53817.24,0.0,43141
4529,0.0,19388.31,0.0,0.0,661.71,6290.26,0.0,17388.72,0.0,0.0,53817.24,0.0,43729
4530,0.0,19388.31,0.0,0.0,0.0,6290.26,0.0,9210.78,8013.65,0.0,45106.75,0.0,42903
4531,0.0,19388.31,0.0,0.0,8341.01,6290.26,1159.73,2641.07,5054.61,0.0,39612.61,0.0,42875
4532,0.0,19388.31,0.0,0.0,0.0,6290.26,1876.14,363.78,13623.5,0.0,24804.45,0.0,41542
4533,0.0,19388.31,0.0,0.0,0.0,6290.26,2324.71,0.0,11455.72,0.0,12352.59,0.0,39459
4534,0.0,19388.31,0.0,0.0,8341.01,6290.26,2324.71,0.0,321.71,0.0,12002.9,0.0,36666
4535,0.0,19388.31,0.0,0.0,0.0,6290.26,1876.14,0.0,6216.28,0.0,5246.07,0.0,33771
4536,0.0,19388.31,0.0,0.0,3575.12,6290.26,1675.31,0.0,0.0,0.0,5246.07,0.0,30929
4537,0.0,19388.31,0.0,0.0,1883.08,6290.26,1489.34,0.0,0.0,0.0,5246.07,0.0,29051
4538,0.0,19388.31,0.0,0.0,757.08,6290.26,1489.34,0.0,0.0,0.0,5246.07,0.0,27925
4539,0.0,19388.31,0.0,0.0,82.08,6290.26,1489.34,0.0,0.0,0.0,5246.07,0.0,27250
4540,0.0,19388.31,0.0,0.0,0.0,6290.26,1489.34,0.0,0.0,300.92,5522.91,0.0,26867
4541,0.0,19388.31,0.0,0.0,0.0,6290.26,1675.31,0.0,0.0,431.88,5920.25,0.0,26922
4542,0.0,19388.31,0.0,0.0,0.0,6290.26,2092.42,701.87,0.0,1359.86,7171.31,0.0,27113
4543,0.0,19388.31,0.0,0.0,0.0,6290.26,1675.31,347.25,1118.87,0.0,5955.15,0.0,28820
4544,0.0,19388.31,0.0,0.0,0.0,6290.26,1159.73,1534.23,2113.46,0.0,3657.91,0.0,30486
4545,0.0,19388.31,0.0,0.0,0.0,6290.26,0.0,2145.14,3365.28,0.0,0.0,0.0,31189
4546,0.0,19388.31,0.0,0.0,0.0,6290.26,0.0,19317.06,0.0,12839.63,11812.46,0.0,32156
4547,0.0,14541.24,0.0,0.0,0.0,6290.26,0.0,19310.95,0.0,7119.44,18362.35,0.0,33023
4548,0.0,9694.16,0.0,0.0,0.0,6290.26,0.0,31583.14,0.0,14274.56,31494.95,0.0,33293
4549,0.0,10119.48,0.0,0.0,0.0,6290.26,0.0,32724.06,0.0,15962.8,46180.73,0.0,33171
4550,0.0,5272.4,0.0,0.0,0.0,6290.26,0.0,31778.0,0.0,10148.67,55517.5,0.0,33192
4551,0.0,10119.48,0.0,0.0,0.0,6290.26,0.0,29440.59,0.0,11973.33,66532.96,0.0,33877
4552,0.0,14966.56,0.0,0.0,0.0,6290.26,0.0,25017.06,0.0,10781.88,76452.29,0.0,35492
4553,0.0,14541.24,0.0,0.0,0.0,6290.26,0.0,18994.12,0.0,2255.62,78527.46,0.0,37570
4554,0.0,19388.31,0.0,0.0,0.0,6290.26,0.0,11073.87,1880.55,0.0,76483.38,0.0,38633
4555,0.0,19388.31,0.0,0.0,0.0,6290.26,0.0,3215.85,10149.58,0.0,65451.23,0.0,39044
4556,0.0,19388.31,0.0,0.0,0.0,6290.26,0.0,382.95,11939.47,0.0,52473.54,0.0,38001
4557,0.0,19388.31,0.0,0.0,0.0,6290.26,0.0,0.0,10415.42,0.0,41152.43,0.0,36094
4558,0.0,19388.31,0.0,0.0,0.0,6290.26,0.0,0.0,8961.42,0.0,31411.75,0.0,34640
4559,0.0,19388.31,0.0,0.0,0.0,6290.26,0.0,0.0,7206.42,0.0,23578.68,0.0,32885
4560,0.0,19388.31,0.0,0.0,0.0,6290.26,0.0,0.0,4532.42,0.0,18652.14,0.0,30211
4561,0.0,19388.31,0.0,0.0,0.0,6290.26,0.0,0.0,2705.42,0.0,15711.46,0.0,28384
4562,0.0,19388.31,0.0,0.0,0.0,6290.26,0.0,0.0,2055.42,0.0,13477.3,0.0,27734
4563,0.0,19388.31,0.0,0.0,0.0,6290.26,0.0,0.0,1536.42,0.0,11807.28,0.0,27215
4564,0.0,19388.31,0.0,0.0,0.0,6290.26,1159.73,0.0,157.69,0.0,11635.87,0.0,26996
4565,0.0,18562.32,0.0,0.0,0.0,6290.26,2092.42,0.0,0.0,0.0,11635.87,0.0,26945
4566,0.0,14541.24,0.0,0.0,0.0,6290.26,2573.58,600.99,3231.93,0.0,8122.91,0.0,27238
4567,0.0,9694.16,0.0,0.0,0.0,6290.26,2573.58,4108.8,5468.2,0.0,2179.21,0.0,28135
4568,0.0,4847.08,0.0,0.0,0.0,6290.26,3425.44,12488.35,2004.87,0.0,0.0,0.0,29056
4569,0.0,0.0,0.0,0.0,0.0,6290.26,4828.13,19731.61,0.0,0.0,0.0,0.0,30850
4570,0.0,0.0,0.0,0.0,0.0,6290.26,823.25,24994.49,0.0,0.0,0.0,0.0,32108
4571,0.0,0.0,0.0,0.0,0.0,6290.26,1145.12,30364.96,0.0,3766.34,3465.03,0.0,34034
4572,0.0,0.0,0.0,0.0,0.0,6290.26,14190.63,32675.13,0.0,18050.01,20071.05,0.0,35106
4573,0.0,0.0,0.0,0.0,0.0,1916.26,16739.33,33302.62,0.0,15977.21,34770.08,0.0,35981
4574,0.0,0.0,0.0,0.0,0.0,6290.26,18797.4,31880.34,0.0,20000.0,53170.08,0.0,36968
4575,0.0,0.0,0.0,0.0,0.0,6016.62,23833.93,28411.46,0.0,20000.0,71570.08,0.0,38262
4576,0.0,0.0,0.0,0.0,0.0,6290.26,29970.96,4122.78,0.0,0.0,71570.08,0.0,40384
4577,0.0,0.0,0.0,0.0,0.0,6290.26,17995.58,18451.16,0.0,0.0,71570.08,0.0,42737
4578,0.0,0.0,0.0,0.0,0.0,6290.26,40212.19,6073.51,0.0,9162.96,80000.0,0.0,43413
4579,0.0,0.0,0.0,0.0,0.0,6290.26,36940.74,0.0,0.0,0.0,80000.0,0.0,43231
4580,0.0,4847.08,0.0,0.0,0.0,6290.26,29970.96,440.52,344.18,0.0,79625.89,0.0,41893
4581,0.0,2322.42,0.0,0.0,0.0,6290.26,24986.99,0.0,6696.33,0.0,72347.28,0.0,40296
4582,0.0,7169.5,0.0,0.0,0.0,6290.26,19576.27,0.0,5659.96,0.0,66195.14,0.0,38696
4583,0.0,12016.58,0.0,0.0,0.0,6290.26,16739.33,0.0,604.83,0.0,65537.72,0.0,35651
4584,0.0,7169.5,0.0,0.0,0.0,6290.26,15009.12,0.0,4723.12,0.0,60403.9,0.0,33192
4585,0.0,8296.92,0.0,0.0,0.0,6290.26,10541.38,0.0,5917.43,0.0,53971.91,0.0,31046
4586,0.0,13144.0,0.0,0.0,0.0,6290.26,8685.83,0.0,1774.9,0.0,52042.66,0.0,29895
4587,0.0,8296.92,0.0,0.0,0.0,6290.26,9277.85,0.0,5457.96,0.0,46110.09,0.0,29323
4588,0.0,4847.08,0.0,0.0,0.0,6290.26,11214.04,0.0,6870.62,0.0,38642.03,0.0,29222
4589,0.0,0.0,0.0,0.0,0.0,6290.26,13402.44,0.0,10396.29,0.0,27341.71,0.0,30089
4590,0.0,4847.08,0.0,0.0,0.0,6290.26,16739.33,311.16,3186.18,0.0,23878.48,0.0,31374
4591,0.0,0.0,0.0,0.0,0.0,6290.26,16739.33,1726.18,9178.23,0.0,13902.14,0.0,33934
4592,0.0,0.0,0.0,0.0,0.0,6290.26,16739.33,746.44,12789.97,0.0,0.0,0.0,36566
4593,0.0,0.0,0.0,0.0,0.0,6290.26,17035.0,14682.73,0.0,0.0,0.0,0.0,38008
4594,0.0,0.0,0.0,0.0,0.0,6290.26,23833.93,13819.58,0.0,4625.77,4255.7,0.0,39318
4595,0.0,0.0,0.0,0.0,0.0,6290.26,27403.48,21878.77,0.0,15100.52,18148.18,0.0,40472
4596,0.0,0.0,0.0,0.0,0.0,6290.26,29970.96,25331.31,0.0,19851.54,36411.6,0.0,41741
4597,0.0,0.0,0.0,0.0,0.0,6290.26,28668.06,26697.29,0.0,18948.61,53844.32,0.0,42707
4598,0.0,0.0,0.0,0.0,0.0,6290.26,28668.06,24040.84,0.0,15475.17,68081.48,0.0,43524
4599,0.0,0.0,0.0,0.0,0.0,6290.26,28668.06,22938.59,0.0,12954.92,80000.0,0.0,44942
4600,0.0,1817.45,0.0,0.0,0.0,6290.26,24986.99,13323.59,83.72,0.0,79909.0,0.0,46502
4601,0.0,6335.72,0.0,0.0,0.0,6290.26,21635.33,13575.6,0.0,98.91,80000.0,0.0,47738
4602,0.0,11182.8,0.0,0.0,0.0,6290.26,21635.33,7618.77,708.84,0.0,79229.52,0.0,47436
4603,0.0,12216.17,0.0,0.0,0.0,6290.26,24986.99,3158.58,0.0,0.0,79229.52,0.0,46652
4604,0.0,12951.22,0.0,0.0,0.0,6290.26,26176.65,395.87,0.0,0.0,79229.52,0.0,45814
4605,0.0,11880.26,0.0,0.0,0.0,6290.26,27403.48,0.0,0.0,0.0,79229.52,0.0,45574
4606,0.0,8205.67,0.0,0.0,0.0,6290.26,28668.06,0.0,0.0,0.0,79229.52,0.0,43164
4607,0.0,6379.26,0.0,0.0,0.0,6290.26,27403.48,0.0,0.0,0.0,79229.52,0.0,40073
4608,0.0,6824.81,0.0,0.0,0.0,6290.26,23833.93,0.0,0.0,0.0,79229.52,0.0,36949
4609,0.0,9581.47,0.0,0.0,0.0,6290.26,19576.27,0.0,0.0,0.0,79229.52,0.0,35448
4610,0.0,12012.24,0.0,0.0,0.0,6290.26,15858.5,0.0,0.0,0.0,79229.52,0.0,34161
4611,0.0,14444.74,0.0,0.0,0.0,6290.26,12644.0,0.0,0.0,0.0,79229.52,0.0,33379
4612,0.0,15472.7,0.0,0.0,0.0,6290.26,11214.04,0.0,0.0,0.0,79229.52,0.0,32977
4613,0.0,16487.35,0.0,0.0,0.0,6290.26,10541.38,0.0,0.0,0.0,79229.52,0.0,33319
4614,0.0,17998.08,0.0,0.0,0.0,6290.26,9896.18,739.48,0.0,0.0,79229.52,0.0,34924
4615,0.0,17581.47,0.0,0.0,0.0,6290.26,9896.18,4090.09,0.0,0.0,79229.52,0.0,37858
4616,0.0,13493.79,0.0,0.0,0.0,6290.26,9896.18,11072.77,0.0,0.0,79229.52,0.0,40753
4617,0.0,15639.2,0.0,0.0,0.0,6290.26,8685.83,11081.7,0.0,0.0,79229.52,0.0,41697
4618,0.0,13325.59,0.0,0.0,0.0,6290.26,7578.43,15431.72,0.0,0.0,79229.52,0.0,42626
4619,0.0,8478.51,0.0,0.0,0.0,6290.26,6569.4,22906.29,0.0,490.46,79680.74,0.0,43754
4620,0.0,6875.17,0.0,0.0,0.0,6290.26,5654.16,25631.41,0.0,0.0,79680.74,0.0,44451
4621,0.0,8757.73,0.0,0.0,0.0,6290.26,4447.15,25707.86,0.0,0.0,79680.74,0.0,45203
4622,0.0,11606.99,0.0,0.0,0.0,6290.26,3123.37,23274.39,0.0,347.02,80000.0,0.0,43948
4623,0.0,16454.07,0.0,0.0,0.0,6290.26,2324.71,19443.96,0.0,0.0,80000.0,0.0,44513
4624,0.0,19388.31,0.0,0.0,0.0,6290.26,1489.34,8204.97,9973.11,0.0,69159.66,0.0,45346
4625,0.0,19388.31,0.0,0.0,3074.89,6290.26,0.0,12378.64,5500.9,0.0,63180.43,0.0,46633
4626,0.0,19388.31,0.0,0.0,11415.89,6290.26,0.0,2399.72,7053.81,0.0,55513.24,0.0,46548
4627,0.0,19388.31,0.0,0.0,13032.82,6290.26,0.0,2696.15,4561.45,0.0,50555.14,0.0,45969
4628,0.0,19388.31,0.0,0.0,4691.82,6290.26,0.0,246.61,13756.0,0.0,35602.97,0.0,44373
4629,0.0,19388.31,0.0,0.0,13032.82,6290.26,0.0,0.0,5167.6,0.0,29986.01,0.0,43879
4630,0.0,19388.31,0.0,0.0,13032.82,6290.26,0.0,0.0,2210.6,0.0,27583.19,0.0,40922
4631,0.0,19388.31,0.0,0.0,12133.42,6290.26,0.0,0.0,0.0,0.0,27583.19,0.0,37812
4632,0.0,19388.31,0.0,0.0,7823.75,6290.26,1317.67,0.0,0.0,0.0,27583.19,0.0,34820
4633,0.0,19388.31,0.0,0.0,5725.12,6290.26,1675.31,0.0,0.0,0.0,27583.19,0.0,33079
4634,0.0,19388.31,0.0,0.0,0.0,6290.26,1876.14,0.0,4008.28,0.0,23226.36,0.0,31563
4635,0.0,19388.31,0.0,0.0,2819.72,6290.26,2324.71,0.0,0.0,0.0,23226.36,0.0,30823
4636,0.0,19388.31,0.0,0.0,2364.84,6290.26,2573.58,0.0,0.0,0.0,23226.36,0.0,30617
4637,0.0,19388.31,0.0,0.0,2738.84,6290.26,2573.58,0.0,0.0,0.0,23226.36,0.0,30991
4638,0.0,19388.31,0.0,0.0,4138.71,6290.26,2324.71,332.0,0.0,0.0,23226.36,0.0,32474
4639,0.0,19388.31,0.0,0.0,0.0,6290.26,1876.14,2102.25,5196.04,0.0,17578.49,0.0,34853
4640,0.0,19388.31,0.0,0.0,0.0,6290.26,1675.31,2946.71,6831.41,0.0,10153.05,0.0,37132
4641,0.0,19388.31,0.0,0.0,0.0,6290.26,1489.34,2067.28,9340.8,0.0,0.0,0.0,38576
4642,0.0,19388.31,0.0,0.0,6465.52,6290.26,1317.67,6412.23,0.0,0.0,0.0,0.0,39874
4643,0.0,14541.24,0.0,0.0,0.0,6290.26,1159.73,23944.15,0.0,4896.38,4504.67,0.0,41039
4644,0.0,16767.96,0.0,0.0,0.0,6290.26,1317.67,33306.41,0.0,16564.3,19743.83,0.0,41118
4645,0.0,11920.88,0.0,0.0,0.0,6290.26,1489.34,34543.22,0.0,12756.7,31480.0,0.0,41487
4646,0.0,9514.88,0.0,0.0,0.0,6290.26,1876.14,33546.44,0.0,10015.72,40694.47,0.0,41212
4647,0.0,14361.96,0.0,0.0,0.0,6290.26,2573.58,30621.08,0.0,12740.88,52416.08,0.0,41106
4648,0.0,9514.88,0.0,0.0,0.0,6290.26,3746.37,25610.75,0.0,3666.26,55789.04,0.0,41496
4649,0.0,14361.96,0.0,0.0,0.0,6290.26,4828.13,19055.7,0.0,2519.05,58106.57,0.0,42017
4650,0.0,19209.03,0.0,0.0,0.0,6290.26,5230.28,10884.43,0.0,0.0,58106.57,0.0,41614
4651,0.0,19388.31,0.0,0.0,0.0,6290.26,5230.28,3188.56,7013.58,0.0,50483.11,0.0,41111
4652,0.0,19388.31,0.0,0.0,0.0,6290.26,4447.15,356.93,10542.35,0.0,39024.03,0.0,41025
4653,0.0,19388.31,0.0,0.0,0.0,6290.26,4447.15,0.0,9988.28,0.0,28167.21,0.0,40114
4654,0.0,19388.31,0.0,0.0,0.0,6290.26,4828.13,0.0,7545.29,0.0,19965.81,0.0,38052
4655,0.0,19388.31,0.0,0.0,0.0,6290.26,5654.16,0.0,3718.27,0.0,15924.21,0.0,35051
4656,0.0,19388.31,0.0,0.0,0.0,6290.26,7578.43,0.0,0.0,321.01,16219.54,0.0,32936
4657,0.0,16298.9,0.0,0.0,0.0,6290.26,8685.83,0.0,0.0,0.0,16219.54,0.0,31275
4658,0.0,19388.31,0.0,0.0,0.0,6290.26,8685.83,0.0,0.0,4037.41,19933.96,0.0,30327
4659,0.0,15160.19,0.0,0.0,0.0,6290.26,8119.55,0.0,0.0,0.0,19933.96,0.0,29570
4660,0.0,14860.19,0.0,0.0,0.0,6290.26,8119.55,0.0,0.0,0.0,19933.96,0.0,29270
4661,0.0,19388.31,0.0,0.0,0.0,6290.26,8119.55,0.0,0.0,3942.13,23560.71,0.0,29856
4662,0.0,19388.31,0.0,0.0,0.0,6290.26,8685.83,592.58,0.0,3434.99,26720.9,0.0,31522
4663,0.0,15173.96,0.0,0.0,0.0,6290.26,8685.83,3901.94,0.0,0.0,26720.9,0.0,34052
4664,0.0,13144.0,0.0,0.0,0.0,6290.26,8685.83,11924.91,0.0,3961.0,30365.02,0.0,36084
4665,0.0,8296.92,0.0,0.0,0.0,6290.26,9277.85,19878.76,0.0,6743.8,36569.32,0.0,37000
4666,0.0,9694.16,0.0,0.0,0.0,6290.26,11214.04,26035.67,0.0,15189.13,50543.32,0.0,38045
4667,0.0,4847.08,0.0,0.0,0.0,6290.26,10541.38,25550.05,0.0,8422.78,58292.28,0.0,38806
4668,0.0,9694.16,0.0,0.0,0.0,6290.26,8685.83,27171.47,0.0,12294.73,69603.43,0.0,39547
4669,0.0,14541.24,0.0,0.0,0.0,6290.26,7578.43,23103.7,0.0,11300.62,80000.0,0.0,40213
4670,0.0,19388.31,0.0,0.0,0.0,6290.26,6100.34,1233.95,7480.13,0.0,71869.42,0.0,40493
4671,0.0,19388.31,0.0,0.0,0.0,6290.26,5230.28,2549.89,7788.26,0.0,63403.93,0.0,41247
4672,0.0,19388.31,0.0,0.0,0.0,6290.26,4447.15,18939.84,0.0,6794.57,69654.93,0.0,42271
4673,0.0,19388.31,0.0,0.0,0.0,6290.26,4086.75,8261.17,6302.51,0.0,62804.38,0.0,44329
4674,0.0,19388.31,0.0,0.0,4077.53,6290.26,4086.75,10705.8,197.34,0.0,62589.88,0.0,44746
4675,0.0,19388.31,0.0,0.0,0.0,6290.26,3746.37,3316.13,11877.92,0.0,49679.1,0.0,44619
4676,0.0,19388.31,0.0,0.0,0.0,6290.26,3746.37,371.11,13231.94,0.0,35296.55,0.0,43028
4677,0.0,19388.31,0.0,0.0,0.0,6290.26,3425.44,0.0,12511.99,0.0,21696.57,0.0,41616
4678,0.0,19388.31,0.0,0.0,8341.01,6290.26,3123.37,0.0,2415.04,0.0,19071.52,0.0,39558
4679,0.0,19388.31,0.0,0.0,0.0,6290.26,2839.61,0.0,7895.81,0.0,10489.11,0.0,36414
4680,0.0,19388.31,0.0,0.0,0.0,6290.26,2573.58,0.0,5262.84,0.0,4768.63,0.0,33515
4681,0.0,19388.31,0.0,0.0,3405.84,6290.26,2573.58,0.0,0.0,0.0,4768.63,0.0,31658
4682,0.0,19388.31,0.0,0.0,1951.81,6290.26,2839.61,0.0,0.0,0.0,4768.63,0.0,30470
4683,0.0,19388.31,0.0,0.0,0.0,6290.26,3123.37,0.0,897.05,0.0,3793.58,0.0,29699
4684,0.0,19388.31,0.0,0.0,407.99,6290.26,3425.44,0.0,0.0,0.0,3793.58,0.0,29512
4685,0.0,19388.31,0.0,0.0,578.99,6290.26,3425.44,0.0,0.0,0.0,3793.58,0.0,29683
4686,0.0,19388.31,0.0,0.0,0.0,6290.26,3123.37,520.41,1777.64,0.0,1861.36,0.0,31100
4687,0.0,19388.31,0.0,0.0,0.0,6290.26,2839.61,3826.36,1712.45,0.0,0.0,0.0,34057
4688,0.0,19388.31,0.0,0.0,0.0,6290.26,2092.42,11884.28,0.0,3817.28,3511.89,0.0,35838
4689,0.0,19388.31,0.0,0.0,0.0,6290.26,1675.31,19357.23,0.0,9473.11,12227.16,0.0,37238
4690,0.0,16276.47,0.0,0.0,0.0,6290.26,1489.34,25101.95,0.0,10377.03,21774.03,0.0,38781
4691,0.0,11429.4,0.0,0.0,0.0,6290.26,1317.67,29532.65,0.0,8708.98,29786.29,0.0,39861
4692,0.0,13144.0,0.0,0.0,0.0,6290.26,1159.73,32230.38,0.0,12518.38,41303.19,0.0,40306
4693,0.0,17991.08,0.0,0.0,0.0,6290.26,1159.73,33313.86,0.0,17389.93,57301.93,0.0,41365
4694,0.0,13144.0,0.0,0.0,0.0,6290.26,1159.73,32370.03,0.0,10753.02,67194.71,0.0,42211
4695,0.0,17991.08,0.0,0.0,0.0,6290.26,1159.73,29619.74,0.0,12191.81,78411.18,0.0,42869
4696,0.0,14541.24,0.0,0.0,0.0,6290.26,0.0,25053.48,0.0,1726.98,80000.0,0.0,44158
4697,0.0,19388.31,0.0,0.0,64.93,6290.26,0.0,18815.5,0.0,0.0,80000.0,0.0,44559
4698,0.0,19388.31,0.0,0.0,1901.38,6290.26,0.0,10826.13,5799.92,0.0,73695.74,0.0,44206
4699,0.0,19388.31,0.0,0.0,0.0,6290.26,0.0,3093.79,14391.63,0.0,58052.66,0.0,43164
4700,0.0,19388.31,0.0,0.0,8341.01,6290.26,0.0,318.85,7625.56,0.0,49764.01,0.0,41964
4701,0.0,19388.31,0.0,0.0,4691.82,6290.26,0.0,0.0,11379.61,0.0,37394.87,0.0,41750
4702,0.0,19388.31,0.0,0.0,13032.82,6290.26,0.0,0.0,318.6,0.0,37048.57,0.0,39030
4703,0.0,19388.31,0.0,0.0,8341.01,6290.26,0.0,0.0,2194.42,0.0,34663.33,0.0,36214
4704,0.0,19388.31,0.0,0.0,0.0,6290.26,0.0,0.0,8350.42,0.0,25586.78,0.0,34029
4705,0.0,19388.31,0.0,0.0,0.0,6290.26,0.0,0.0,6472.42,0.0,18551.54,0.0,32151
4706,0.0,19388.31,0.0,0.0,5141.42,6290.26,0.0,0.0,0.0,0.0,18551.54,0.0,30820
4707,0.0,19388.31,0.0,0.0,4334.42,6290.26,0.0,0.0,0.0,0.0,18551.54,0.0,30013
4708,0.0,19388.31,0.0,0.0,3921.42,6290.26,0.0,0.0,0.0,0.0,18551.54,0.0,29600
4709,0.0,19388.31,0.0,0.0,3940.42,6290.26,0.0,0.0,0.0,0.0,18551.54,0.0,29619
4710,0.0,19388.31,0.0,0.0,3731.77,6290.26,0.0,565.65,0.0,0.0,18551.54,0.0,29976
4711,0.0,19388.31,0.0,0.0,2282.63,6290.26,0.0,3800.79,0.0,0.0,18551.54,0.0,31762
4712,0.0,19388.31,0.0,0.0,0.0,6290.26,0.0,10946.27,0.0,2477.85,20831.16,0.0,34147
4713,0.0,19388.31,0.0,0.0,0.0,6290.26,0.0,15883.75,0.0,4765.33,25215.26,0.0,36797
4714,0.0,19388.31,0.0,0.0,0.0,6290.26,0.0,24171.43,0.0,11657.0,35939.7,0.0,38193
4715,0.0,19388.31,0.0,0.0,0.0,6290.26,0.0,28083.14,0.0,14311.72,49106.49,0.0,39450
4716,0.0,19388.31,0.0,0.0,1052.94,6290.26,0.0,13913.49,0.0,0.0,49106.49,0.0,40645
4717,0.0,19388.31,0.0,0.0,0.0,6290.26,0.0,20997.71,0.0,5208.29,53898.11,0.0,41468
4718,0.0,19388.31,0.0,0.0,0.0,6290.26,0.0,19203.74,0.0,2929.32,56593.09,0.0,41953
4719,0.0,19388.31,0.0,0.0,0.0,6290.26,0.0,3488.74,13463.69,0.0,41958.65,0.0,42631
4720,0.0,19388.31,0.0,0.0,0.0,6290.26,0.0,22443.02,0.0,3979.59,45619.87,0.0,44142
4721,0.0,19388.31,0.0,0.0,3978.83,6290.26,0.0,16475.6,0.0,0.0,45619.87,0.0,46133
4722,0.0,19388.31,0.0,0.0,12319.83,6290.26,0.0,5062.13,2649.46,0.0,42740.02,0.0,45710
4723,0.0,19388.31,0.0,0.0,4691.82,6290.26,0.0,3331.44,11503.16,0.0,30236.59,0.0,45205
4724,0.0,19388.31,0.0,0.0,13032.82,6290.26,0.0,338.42,4077.18,0.0,25804.87,0.0,43127
4725,0.0,19388.31,0.0,0.0,4691.82,6290.26,0.0,0.0,11335.61,0.0,13483.55,0.0,41706
4726,0.0,19388.31,0.0,0.0,13032.82,6290.26,0.0,0.0,706.6,0.0,12715.51,0.0,39418
4727,0.0,19388.31,0.0,0.0,11035.42,6290.26,0.0,0.0,0.0,0.0,12715.51,0.0,36714
4728,0.0,19388.31,0.0,0.0,7763.75,6290.26,1317.67,0.0,0.0,0.0,12715.51,0.0,34760
4729,0.0,19388.31,0.0,0.0,5343.08,6290.26,1489.34,0.0,0.0,0.0,12715.51,0.0,32511
4730,0.0,19388.31,0.0,0.0,4047.75,6290.26,1317.67,0.0,0.0,0.0,12715.51,0.0,31044
4731,0.0,19388.31,0.0,0.0,0.0,6290.26,0.0,0.0,4424.42,0.0,7906.36,0.0,30103
4732,0.0,19388.31,0.0,0.0,0.0,6290.26,0.0,0.0,3822.42,0.0,3751.55,0.0,29501
4733,0.0,19388.31,0.0,0.0,0.0,6290.26,0.0,0.0,3451.42,0.0,0.0,0.0,29130
4734,0.0,19388.31,0.0,0.0,3115.73,6290.26,0.0,572.69,0.0,0.0,0.0,0.0,29367
4735,0.0,19388.31,0.0,0.0,882.94,6290.26,0.0,3972.49,0.0,0.0,0.0,0.0,30534
4736,0.0,15882.85,0.0,0.0,0.0,6290.26,0.0,10749.89,0.0,133.0,122.36,0.0,32790
4737,0.0,19388.31,0.0,0.0,0.0,6290.26,0.0,18172.37,0.0,8469.94,7914.71,0.0,35381
4738,0.0,19388.31,0.0,0.0,0.0,6290.26,0.0,24198.59,0.0,11857.16,18823.3,0.0,38020
4739,0.0,19388.31,0.0,0.0,0.0,6290.26,0.0,28367.67,0.0,13558.25,31296.89,0.0,40488
4740,0.0,19388.31,0.0,0.0,0.0,6290.26,0.0,30928.72,0.0,15028.3,45122.93,0.0,41579
4741,0.0,19388.31,0.0,0.0,0.0,6290.26,0.0,31594.47,0.0,15260.05,59162.17,0.0,42013
4742,0.0,19388.31,0.0,0.0,0.0,6290.26,0.0,30430.83,0.0,13448.41,71534.71,0.0,42661
4743,0.0,19388.31,0.0,0.0,0.0,6290.26,0.0,27329.83,0.0,9201.41,80000.0,0.0,43807
4744,0.0,16088.52,0.0,0.0,0.0,6290.26,0.0,22609.22,0.0,0.0,80000.0,0.0,44988
4745,0.0,19388.31,0.0,0.0,445.15,6290.26,0.0,16601.37,3236.9,0.0,76481.63,0.0,45962
4746,0.0,19388.31,0.0,0.0,0.0,6290.26,0.0,9571.46,10312.96,0.0,65271.89,0.0,45563
4747,0.0,19388.31,0.0,0.0,4691.82,6290.26,0.0,3402.13,10865.47,0.0,53461.59,0.0,44638
4748,0.0,19388.31,0.0,0.0,13032.82,6290.26,0.0,360.43,4733.17,0.0,48316.84,0.0,43805
4749,0.0,19388.31,0.0,0.0,4691.82,6290.26,0.0,0.0,12846.61,0.0,34353.14,0.0,43217
4750,0.0,19388.31,0.0,0.0,13032.82,6290.26,1876.14,0.0,901.46,0.0,33373.29,0.0,41489
4751,0.0,19388.31,0.0,0.0,9621.05,6290.26,3746.37,0.0,0.0,0.0,33373.29,0.0,39046
4752,0.0,19388.31,0.0,0.0,5293.27,6290.26,5654.16,0.0,0.0,0.0,33373.29,0.0,36626
4753,0.0,19388.31,0.0,0.0,3388.27,6290.26,5654.16,0.0,0.0,0.0,33373.29,0.0,34721
4754,0.0,19388.31,0.0,0.0,3885.67,6290.26,4086.75,0.0,0.0,0.0,33373.29,0.0,33651
4755,0.0,19388.31,0.0,0.0,3432.05,6290.26,3746.37,0.0,0.0,0.0,33373.29,0.0,32857
4756,0.0,19388.31,0.0,0.0,2611.28,6290.26,4447.15,0.0,0.0,0.0,33373.29,0.0,32737
4757,0.0,19388.31,0.0,0.0,2292.15,6290.26,5230.28,0.0,0.0,0.0,33373.29,0.0,33201
4758,0.0,19388.31,0.0,0.0,3138.36,6290.26,6100.34,532.72,0.0,0.0,33373.29,0.0,35450
4759,0.0,19388.31,0.0,0.0,4044.66,6290.26,4828.13,3454.63,0.0,0.0,33373.29,0.0,38006
4760,0.0,19388.31,0.0,0.0,0.0,6290.26,3425.44,6109.89,5085.1,0.0,27846.01,0.0,40299
4761,0.0,19388.31,0.0,0.0,987.14,6290.26,2573.58,12535.7,0.0,0.0,27846.01,0.0,41775
4762,0.0,19388.31,0.0,0.0,0.0,6290.26,2324.71,15901.91,0.0,1233.19,28980.55,0.0,42672
4763,0.0,19388.31,0.0,0.0,0.0,6290.26,2573.58,24390.91,0.0,9177.07,37423.45,0.0,43466
4764,0.0,19388.31,0.0,0.0,0.0,6290.26,3425.44,30493.52,0.0,15354.53,51549.62,0.0,44243
4765,0.0,19388.31,0.0,0.0,0.0,6290.26,4447.15,24378.88,0.0,9495.6,60285.57,0.0,45009
4766,0.0,19388.31,0.0,0.0,0.0,6290.26,4828.13,17153.44,0.0,2300.15,62401.71,0.0,45360
4767,0.0,19388.31,0.0,0.0,0.0,6290.26,4828.13,18737.6,0.0,3990.31,66072.8,0.0,45254
4768,0.0,19388.31,0.0,0.0,4744.84,6290.26,4447.15,11594.44,0.0,0.0,66072.8,0.0,46465
4769,0.0,19388.31,0.0,0.0,3058.86,6290.26,4086.75,14927.81,0.0,0.0,66072.8,0.0,47752
4770,0.0,19388.31,0.0,0.0,0.0,6290.26,3746.37,8140.08,10949.97,0.0,54170.65,0.0,48515
4771,0.0,19388.31,0.0,0.0,4691.82,6290.26,3425.44,2709.16,12149.01,0.0,40965.21,0.0,48654
4772,0.0,19388.31,0.0,0.0,13032.82,6290.26,3123.37,244.19,5184.04,0.0,35330.39,0.0,47263
4773,0.0,19388.31,0.0,0.0,13032.82,6290.26,2839.61,0.0,3840.99,0.0,31155.4,0.0,45392
4774,0.0,19388.31,0.0,0.0,13032.82,6290.26,2324.71,0.0,2055.89,0.0,28920.74,0.0,43092
4775,0.0,19388.31,0.0,0.0,10768.84,6290.26,2573.58,0.0,0.0,0.0,28920.74,0.0,39021
4776,0.0,19388.31,0.0,0.0,6523.99,6290.26,3425.44,0.0,0.0,0.0,28920.74,0.0,35628
4777,0.0,19388.31,0.0,0.0,3393.28,6290.26,4447.15,0.0,0.0,0.0,28920.74,0.0,33519
4778,0.0,19388.31,0.0,0.0,0.0,6290.26,5654.16,0.0,1446.27,0.0,27348.7,0.0,32779
4779,0.0,19388.31,0.0,0.0,0.0,6290.26,6569.4,0.0,0.0,363.97,27683.56,0.0,31884
4780,0.0,19388.31,0.0,0.0,0.0,6290.26,8119.55,0.0,0.0,2034.13,29554.96,0.0,31764
4781,0.0,19388.31,0.0,0.0,0.0,6290.26,9896.18,0.0,0.0,3434.75,32714.93,0.0,32140
4782,0.0,19388.31,0.0,0.0,0.0,6290.26,10541.38,488.03,0.0,2988.0,35463.89,0.0,33720
4783,0.0,19388.31,0.0,0.0,0.0,6290.26,9277.85,3870.75,0.0,1580.18,36917.65,0.0,37247
4784,0.0,19388.31,0.0,0.0,0.0,6290.26,7578.43,10396.09,0.0,2644.1,39350.22,0.0,41009
4785,0.0,19388.31,0.0,0.0,0.0,6290.26,6100.34,17429.38,0.0,5874.3,44754.57,0.0,43334
4786,0.0,19388.31,0.0,0.0,0.0,6290.26,5230.28,23430.2,0.0,8649.06,52711.7,0.0,45690
4787,0.0,19388.31,0.0,0.0,0.0,6290.26,4828.13,22515.4,0.0,5409.11,57688.09,0.0,47613
4788,0.0,19388.31,0.0,0.0,0.0,6290.26,4447.15,23100.31,0.0,4411.03,61746.23,0.0,48815
4789,0.0,19388.31,0.0,0.0,0.0,6290.26,3425.44,30825.19,0.0,10311.2,71232.54,0.0,49618
4790,0.0,19388.31,0.0,0.0,2120.72,6290.26,2573.58,29085.97,0.0,9529.85,80000.0,0.0,49929
4791,0.0,19388.31,0.0,0.0,10461.72,6290.26,1876.14,12729.56,0.0,0.0,80000.0,0.0,50746
4792,0.0,19388.31,0.0,0.0,13032.82,6290.26,1317.67,3366.01,7631.92,0.0,71704.44,0.0,51027
4793,0.0,19388.31,0.0,0.0,13032.82,6290.26,0.0,844.26,12415.34,0.0,58209.5,0.0,51971
4794,0.0,19388.31,0.0,0.0,13032.82,6290.26,0.0,2058.06,11379.54,0.0,45840.43,0.0,52149
4795,0.0,19388.31,0.0,0.0,13032.82,6290.26,0.0,193.21,12584.39,0.0,32161.75,0.0,51489
4796,0.0,19388.31,5470.0,0.0,13032.82,6290.26,0.0,0.0,6479.6,0.0,25118.7,0.0,50661
4797,0.0,19388.31,0.0,0.0,13032.82,6290.26,0.0,0.0,11469.6,0.0,12651.75,0.0,50181
4798,0.0,19388.31,2320.21,0.0,13032.82,6290.26,0.0,0.0,6602.39,0.0,5475.24,0.0,47634
4799,0.0,19388.31,0.0,0.0,13032.82,6290.26,1317.67,0.0,4398.93,0.0,693.8,0.0,44428
4800,0.0,19388.31,0.0,0.0,13032.82,6290.26,1675.31,0.0,638.29,0.0,0.0,0.0,41025
4801,0.0,19388.31,0.0,0.0,11716.9,6290.26,1876.14,0.0,0.0,306.62,282.09,0.0,38965
4802,0.0,19388.31,0.0,0.0,10023.01,6290.26,2092.42,0.0,0.0,0.0,282.09,0.0,37794
4803,0.0,19388.31,0.0,0.0,13032.82,6290.26,2092.42,0.0,0.0,4412.82,4341.88,0.0,36391
4804,0.0,19388.31,0.0,0.0,8193.28,6290.26,1876.14,0.0,0.0,0.0,4341.88,0.0,35748
4805,0.0,19388.31,0.0,0.0,8804.28,6290.26,1876.14,0.0,0.0,0.0,4341.88,0.0,36359
4806,0.0,19388.31,0.0,0.0,9351.72,6290.26,2324.71,0.0,0.0,0.0,4341.88,0.0,37355
4807,0.0,19388.31,0.0,0.0,11552.69,6290.26,3123.37,375.36,0.0,0.0,4341.88,0.0,40730
4808,0.0,19388.31,0.0,0.0,10154.46,6290.26,4086.75,4695.21,0.0,0.0,4341.88,0.0,44615
4809,0.0,19388.31,0.0,0.0,5798.37,6290.26,5230.28,9837.78,0.0,0.0,4341.88,0.0,46545
4810,0.0,19388.31,0.0,0.0,13032.82,6290.26,6100.34,1642.56,1763.7,0.0,2424.81,0.0,48218
4811,0.0,19388.31,0.0,0.0,11919.55,6290.26,6569.4,4940.47,0.0,0.0,2424.81,0.0,49108
4812,0.0,19388.31,0.0,0.0,7981.58,6290.26,7578.43,8464.41,0.0,0.0,2424.81,0.0,49703
4813,0.0,19388.31,0.0,0.0,11932.98,6290.26,7578.43,4636.01,0.0,0.0,2424.81,0.0,49826
4814,0.0,19388.31,0.0,0.0,10116.66,6290.26,7061.9,6942.86,0.0,0.0,2424.81,0.0,49800
4815,0.0,19388.31,0.0,0.0,8889.36,6290.26,7061.9,8611.16,0.0,0.0,2424.81,0.0,50241
4816,0.0,19388.31,0.0,0.0,13032.82,6290.26,8119.55,22635.56,0.0,19064.51,19964.16,0.0,50402
4817,0.0,19388.31,0.0,0.0,4691.82,6290.26,9896.18,16679.31,0.0,6670.88,26101.37,0.0,50275
4818,0.0,19388.31,0.0,0.0,1710.51,6290.26,11914.72,9705.19,0.0,0.0,26101.37,0.0,49009
4819,0.0,19388.31,0.0,0.0,8241.71,6290.26,12644.0,3219.72,0.0,0.0,26101.37,0.0,49784
4820,0.0,19388.31,0.0,0.0,12082.8,6290.26,10541.38,307.23,0.0,0.0,26101.37,0.0,48610
4821,0.0,19388.31,0.0,0.0,13032.82,6290.26,9277.85,0.0,885.75,0.0,25138.6,0.0,48875
4822,0.0,19388.31,0.0,0.0,10620.57,6290.26,9277.85,0.0,0.0,0.0,25138.6,0.0,45577
4823,0.0,19388.31,0.0,0.0,6758.25,6290.26,9896.18,0.0,0.0,0.0,25138.6,0.0,42333
4824,0.0,19388.31,0.0,0.0,3131.04,6290.26,10541.38,0.0,0.0,0.0,25138.6,0.0,39351
4825,0.0,19388.31,0.0,0.0,988.04,6290.26,10541.38,0.0,0.0,0.0,25138.6,0.0,37208
4826,0.0,19388.31,0.0,0.0,691.57,6290.26,9277.85,0.0,0.0,0.0,25138.6,0.0,35648
4827,0.0,19388.31,0.0,0.0,1311.99,6290.26,7578.43,0.0,0.0,0.0,25138.6,0.0,34569
4828,0.0,19388.31,0.0,0.0,2060.03,6290.26,6569.4,0.0,0.0,0.0,25138.6,0.0,34308
4829,0.0,19388.31,0.0,0.0,2475.03,6290.26,6569.4,0.0,0.0,0.0,25138.6,0.0,34723
4830,0.0,19388.31,0.0,0.0,2599.27,6290.26,7578.43,414.72,0.0,0.0,25138.6,0.0,36271
4831,0.0,19388.31,0.0,0.0,1547.8,6290.26,8685.83,3678.79,0.0,0.0,25138.6,0.0,39591
4832,0.0,19388.31,0.0,0.0,0.0,6290.26,8685.83,10886.68,0.0,2502.09,27440.52,0.0,42749
4833,0.0,19388.31,0.0,0.0,3933.43,6290.26,5654.16,8515.84,0.0,0.0,27440.52,0.0,43782
4834,0.0,19388.31,0.0,0.0,0.0,6290.26,3123.37,17989.62,0.0,1517.57,28836.68,0.0,45274
4835,0.0,19388.31,0.0,0.0,3202.3,6290.26,1675.31,29048.14,0.0,13409.32,41173.26,0.0,46195
4836,0.0,19388.31,0.0,0.0,11543.3,6290.26,0.0,10154.12,0.0,0.0,41173.26,0.0,47376
4837,0.0,19388.31,0.0,0.0,13032.82,6290.26,0.0,5553.15,3718.45,0.0,37131.46,0.0,47983
4838,0.0,19388.31,0.0,0.0,10797.16,6290.26,0.0,11271.27,0.0,0.0,37131.46,0.0,47747
4839,0.0,19388.31,0.0,0.0,2456.15,6290.26,0.0,24235.47,0.0,4459.2,41233.93,0.0,47911
4840,0.0,19388.31,0.0,0.0,4691.82,6290.26,0.0,21558.24,0.0,3583.64,44530.87,0.0,48345
4841,0.0,19388.31,0.0,0.0,13032.82,6290.26,0.0,6845.1,3759.5,0.0,40444.46,0.0,49316
4842,0.0,19388.31,0.0,0.0,13032.82,6290.26,0.0,8624.31,1830.29,0.0,38455.01,0.0,49166
4843,0.0,19388.31,0.0,0.0,13032.82,6290.26,0.0,3302.92,6840.68,0.0,31019.49,0.0,48855
4844,0.0,19388.31,0.0,0.0,13032.82,6290.26,0.0,273.07,9291.53,0.0,20920.0,0.0,48276
4845,0.0,19388.31,0.0,0.0,13032.82,6290.26,0.0,0.0,8968.6,0.0,11171.52,0.0,47680
4846,0.0,19388.31,0.0,0.0,13032.82,6290.26,0.0,0.0,6814.6,0.0,3764.35,0.0,45526
4847,0.0,19388.31,0.0,0.0,13032.82,6290.26,0.0,0.0,3158.6,0.0,331.09,0.0,41870
4848,0.0,19388.31,0.0,0.0,13032.82,6290.26,0.0,0.0,304.6,0.0,0.0,0.0,39016
4849,0.0,19388.31,0.0,0.0,10613.42,6290.26,0.0,0.0,0.0,0.0,0.0,0.0,36292
4850,0.0,19388.31,0.0,0.0,8786.42,6290.26,0.0,0.0,0.0,0.0,0.0,0.0,34465
4851,0.0,19388.31,0.0,0.0,7810.42,6290.26,0.0,0.0,0.0,0.0,0.0,0.0,33489
4852,0.0,19388.31,0.0,0.0,5323.12,6290.26,1675.31,0.0,0.0,0.0,0.0,0.0,32677
4853,0.0,19388.31,0.0,0.0,4232.99,6290.26,3425.44,0.0,0.0,0.0,0.0,0.0,33337
4854,0.0,19388.31,0.0,0.0,2716.22,6290.26,6100.34,350.87,0.0,0.0,0.0,0.0,34846
4855,0.0,19388.31,0.0,0.0,0.0,6290.26,8685.83,3033.16,0.0,5.57,5.12,0.0,37392
4856,0.0,19388.31,0.0,0.0,0.0,6290.26,11914.72,4104.93,0.0,910.23,842.53,0.0,40788
4857,0.0,19388.31,0.0,0.0,0.0,6290.26,15009.12,8051.24,0.0,5597.93,5992.63,0.0,43141
4858,0.0,19388.31,0.0,0.0,0.0,6290.26,16739.33,8483.85,0.0,6014.75,11526.2,0.0,44887
4859,0.0,16687.06,0.0,0.0,0.0,6290.26,15858.5,27799.18,0.0,20000.0,29926.2,0.0,46635
4860,0.0,18059.04,0.0,0.0,0.0,6290.26,13402.44,30009.25,0.0,20000.0,48326.2,0.0,47761
4861,0.0,19388.31,0.0,0.0,0.0,6290.26,10541.38,23465.64,0.0,11409.6,58823.04,0.0,48276
4862,0.0,19388.31,0.0,0.0,7182.13,6290.26,7578.43,7895.86,0.0,0.0,58823.04,0.0,48335
4863,0.0,19388.31,0.0,0.0,4049.71,6290.26,4828.13,5314.39,8098.19,0.0,50020.66,0.0,47969
4864,0.0,19388.31,0.0,0.0,0.0,6290.26,3746.37,19396.59,0.0,409.54,50397.44,0.0,48412
4865,0.0,19388.31,0.0,0.0,2172.05,6290.26,3746.37,17511.0,0.0,0.0,50397.44,0.0,49108
4866,0.0,19388.31,0.0,0.0,4691.82,6290.26,4447.15,7793.51,6676.95,0.0,43139.88,0.0,49288
4867,0.0,19388.31,0.0,0.0,13032.82,6290.26,5230.28,2861.65,2221.67,0.0,40725.02,0.0,49025
4868,0.0,19388.31,0.0,0.0,13032.82,6290.26,5230.28,408.81,3498.51,0.0,36922.29,0.0,47849
4869,0.0,19388.31,0.0,0.0,13032.82,6290.26,5654.16,0.0,1776.44,0.0,34991.38,0.0,46142
4870,0.0,19388.31,0.0,0.0,11439.03,6290.26,6569.4,0.0,0.0,0.0,34991.38,0.0,43687
4871,0.0,19388.31,0.0,0.0,9563.15,6290.26,5230.28,0.0,0.0,0.0,34991.38,0.0,40472
4872,0.0,19388.31,0.0,0.0,8686.99,6290.26,3425.44,0.0,0.0,0.0,34991.38,0.0,37791
4873,0.0,19388.31,0.0,0.0,7038.05,6290.26,3123.37,0.0,0.0,0.0,34991.38,0.0,35840
4874,0.0,19388.31,0.0,0.0,4501.28,6290.26,4447.15,0.0,0.0,0.0,34991.38,0.0,34627
4875,0.0,19388.31,0.0,0.0,746.52,6290.26,7061.9,0.0,0.0,0.0,34991.38,0.0,33487
4876,0.0,19388.31,0.0,0.0,0.0,6290.26,9277.85,0.0,0.0,1847.43,36691.01,0.0,33109
4877,0.0,19388.31,0.0,0.0,0.0,6290.26,11214.04,0.0,0.0,4503.62,40834.34,0.0,32389
4878,0.0,19388.31,0.0,0.0,0.0,6290.26,10541.38,357.65,0.0,4050.61,44560.9,0.0,32527
4879,0.0,19388.31,0.0,0.0,0.0,6290.26,8119.55,2776.7,0.0,1878.83,46289.43,0.0,34696
4880,0.0,19388.31,0.0,0.0,0.0,6290.26,6100.34,8568.21,0.0,1960.13,48092.74,0.0,38387
4881,0.0,19388.31,0.0,0.0,3809.11,6290.26,4828.13,708.37,6997.81,0.0,40486.43,0.0,42022
4882,0.0,19388.31,0.0,0.0,12150.12,6290.26,4828.13,975.17,0.0,0.0,40486.43,0.0,43632
4883,0.0,19388.31,0.0,0.0,13032.82,6290.26,3425.44,996.0,1952.16,0.0,38364.51,0.0,45085
4884,0.0,19388.31,0.0,0.0,8341.01,6290.26,2573.58,9935.09,206.75,0.0,38139.78,0.0,46735
4885,0.0,19388.31,0.0,0.0,0.0,6290.26,2573.58,32192.58,0.0,13592.73,50645.1,0.0,46852
4886,0.0,19388.31,0.0,0.0,0.0,6290.26,1876.14,31072.74,0.0,11260.46,61004.72,0.0,47367
4887,0.0,19388.31,0.0,0.0,6601.5,6290.26,0.0,15828.92,0.0,0.0,61004.72,0.0,48109
4888,0.0,19388.31,0.0,0.0,4691.82,6290.26,0.0,6062.89,12176.72,0.0,47769.15,0.0,48610
4889,0.0,19388.31,0.0,0.0,13032.82,6290.26,0.0,2072.35,8633.25,0.0,38385.18,0.0,49417
4890,0.0,19388.31,0.0,0.0,13032.82,6290.26,0.0,7507.2,3115.4,0.0,34998.87,0.0,49334
4891,0.0,19388.31,0.0,0.0,13032.82,6290.26,0.0,3016.42,7016.18,0.0,27372.59,0.0,48744
4892,0.0,19388.31,0.0,0.0,13032.82,6290.26,0.0,381.58,8144.02,0.0,18520.4,0.0,47237
4893,0.0,19388.31,0.0,0.0,13032.82,6290.26,1159.73,0.0,6579.87,0.0,11368.37,0.0,46451
4894,0.0,19388.31,0.0,0.0,13032.82,6290.26,1317.67,0.0,4190.93,0.0,6813.01,0.0,44220
4895,0.0,19388.31,0.0,0.0,13032.82,6290.26,0.0,0.0,1674.6,0.0,4992.8,0.0,40386
4896,0.0,19388.31,0.0,0.0,12341.42,6290.26,0.0,0.0,0.0,0.0,4992.8,0.0,38020
4897,0.0,19388.31,0.0,0.0,10152.42,6290.26,0.0,0.0,0.0,0.0,4992.8,0.0,35831
4898,0.0,19388.31,0.0,0.0,7206.12,6290.26,1675.31,0.0,0.0,0.0,4992.8,0.0,34560
4899,0.0,19388.31,0.0,0.0,3868.99,6290.26,3425.44,0.0,0.0,0.0,4992.8,0.0,32973
4900,0.0,19388.31,0.0,0.0,1411.15,6290.26,5230.28,0.0,0.0,0.0,4992.8,0.0,32320
4901,0.0,19388.31,0.0,0.0,1259.15,6290.26,5230.28,0.0,0.0,0.0,4992.8,0.0,32168
4902,0.0,19388.31,0.0,0.0,3056.24,6290.26,3123.37,329.81,0.0,0.0,4992.8,0.0,32188
4903,0.0,19388.31,0.0,0.0,0.0,6290.26,0.0,3455.05,4593.37,0.0,0.0,0.0,33727
4904,0.0,19388.31,0.0,0.0,1522.68,6290.26,0.0,8481.74,0.0,0.0,0.0,0.0,35683
4905,0.0,19388.31,0.0,0.0,0.0,6290.26,0.0,14191.91,0.0,2372.49,2182.69,0.0,37498
4906,0.0,19388.31,0.0,0.0,0.0,6290.26,1489.34,25250.88,0.0,12664.8,13834.31,0.0,39754
4907,0.0,19388.31,0.0,0.0,0.0,6290.26,2324.71,29757.43,0.0,17369.71,29814.44,0.0,40391
4908,0.0,19388.31,0.0,0.0,0.0,6290.26,2839.61,15597.75,0.0,2997.94,32572.54,0.0,41118
4909,0.0,19388.31,0.0,0.0,0.0,6290.26,2839.61,25978.61,0.0,12559.8,44127.56,0.0,41937
4910,0.0,19388.31,0.0,0.0,0.0,6290.26,2839.61,28817.58,0.0,14501.77,57469.19,0.0,42834
4911,0.0,19388.31,0.0,0.0,0.0,6290.26,2839.61,24792.42,0.0,10481.61,67112.27,0.0,42829
4912,0.0,19388.31,0.0,0.0,0.0,6290.26,2573.58,24746.07,0.0,8427.22,74865.32,0.0,44571
4913,0.0,19388.31,0.0,0.0,22.74,6290.26,2324.71,18399.98,0.0,0.0,74865.32,0.0,46426
4914,0.0,19388.31,0.0,0.0,0.0,6290.26,2573.58,10395.49,8917.35,0.0,65172.54,0.0,47565
4915,0.0,19388.31,0.0,0.0,0.0,6290.26,2839.61,2855.24,15750.58,0.0,48052.35,0.0,47124
4916,0.0,19388.31,0.0,0.0,2018.09,6290.26,3425.44,255.92,14186.97,0.0,32631.73,0.0,45565
4917,0.0,19388.31,0.0,0.0,0.0,6290.26,4828.13,0.0,14468.29,0.0,16905.33,0.0,44975
4918,0.0,19388.31,0.0,0.0,0.0,6290.26,6569.4,0.0,9737.03,0.0,6321.6,0.0,41985
4919,0.0,19388.31,0.0,0.0,0.0,6290.26,8119.55,0.0,5815.87,0.0,0.0,0.0,39614
4920,0.0,19388.31,0.0,0.0,3170.59,6290.26,8685.83,0.0,0.0,0.0,0.0,0.0,37535
4921,0.0,19388.31,0.0,0.0,327.57,6290.26,9277.85,0.0,0.0,0.0,0.0,0.0,35284
4922,0.0,15767.7,0.0,0.0,0.0,6290.26,11214.04,0.0,0.0,0.0,0.0,0.0,33272
4923,0.0,12417.29,0.0,0.0,0.0,6290.26,13402.44,0.0,0.0,0.0,0.0,0.0,32110
4924,0.0,8738.41,0.0,0.0,0.0,6290.26,16739.33,0.0,0.0,0.0,0.0,0.0,31768
4925,0.0,6086.47,0.0,0.0,0.0,6290.26,19576.27,0.0,0.0,0.0,0.0,0.0,31953
4926,0.0,5076.62,0.0,0.0,0.0,6290.26,21635.33,323.8,0.0,0.0,0.0,0.0,33326
4927,0.0,1293.27,0.0,0.0,0.0,6290.26,24986.99,3426.49,0.0,0.0,0.0,0.0,35997
4928,0.0,0.0,0.0,0.0,0.0,2158.78,24986.99,10998.24,0.0,0.0,0.0,0.0,38144
4929,0.0,0.0,0.0,0.0,0.0,6290.26,21244.83,12372.3,0.0,1534.39,1411.64,0.0,38373
4930,0.0,0.0,0.0,0.0,0.0,6290.26,21635.33,25352.96,0.0,14123.55,14405.31,0.0,39155
4931,0.0,0.0,0.0,0.0,0.0,6290.26,18597.64,29767.08,0.0,15098.98,28296.37,0.0,39556
4932,0.0,0.0,0.0,0.0,0.0,1916.26,15009.12,22941.62,0.0,0.0,28296.37,0.0,39867
4933,0.0,0.0,0.0,0.0,0.0,6290.26,15009.12,33393.38,0.0,14688.77,41810.04,0.0,40004
4934,0.0,0.0,0.0,0.0,0.0,6290.26,17652.19,32254.57,0.0,15901.02,56438.97,0.0,40296
4935,0.0,0.0,0.0,0.0,0.0,6290.26,20588.64,29405.32,0.0,15593.22,70784.74,0.0,40691
4936,0.0,0.0,0.0,0.0,0.0,6290.26,20588.64,24508.69,0.0,10016.59,80000.0,0.0,41371
4937,0.0,853.74,0.0,0.0,0.0,5884.95,17652.19,17809.12,0.0,0.0,80000.0,0.0,42200
4938,0.0,5700.81,0.0,0.0,0.0,6290.26,15858.5,10137.7,4278.72,0.0,75349.21,0.0,42266
4939,0.0,10547.89,0.0,0.0,0.0,6290.26,14190.63,2903.22,8471.0,0.0,66141.61,0.0,42403
4940,0.0,15394.97,0.0,0.0,0.0,6290.26,11914.72,296.29,7793.75,0.0,57670.14,0.0,41690
4941,0.0,19388.31,0.0,0.0,0.0,6290.26,10541.38,0.0,4017.04,0.0,53303.79,0.0,40237
4942,0.0,19388.31,0.0,0.0,0.0,6290.26,11914.72,0.0,465.7,0.0,52797.6,0.0,38059
4943,0.0,19388.31,0.0,0.0,0.0,6290.26,12644.0,0.0,0.0,3492.58,56010.77,0.0,34830
4944,0.0,19388.31,0.0,0.0,0.0,6290.26,12644.0,0.0,0.0,5407.58,60985.74,0.0,32915
4945,0.0,19388.31,0.0,0.0,0.0,6290.26,11914.72,0.0,0.0,6387.3,66862.05,0.0,31206
4946,0.0,19388.31,0.0,0.0,0.0,6290.26,9896.18,0.0,0.0,5457.75,71883.19,0.0,30117
4947,0.0,19388.31,0.0,0.0,0.0,6290.26,8685.83,0.0,0.0,4734.41,76238.84,0.0,29630
4948,0.0,19388.31,0.0,0.0,0.0,6290.26,7061.9,0.0,0.0,3091.48,79083.01,0.0,29649
4949,0.0,19388.31,0.0,0.0,0.0,6290.26,5654.16,0.0,0.0,996.73,80000.0,0.0,30336
4950,0.0,19388.31,0.0,0.0,977.14,6290.26,4086.75,129.13,903.4,0.0,79018.04,0.0,31775
4951,0.0,19388.31,0.0,0.0,0.0,6290.26,2092.42,1857.38,4227.63,0.0,74422.8,0.0,33856
4952,0.0,19388.31,0.0,0.0,0.0,6290.26,0.0,4643.54,4903.88,0.0,69092.49,0.0,35226
4953,0.0,19388.31,0.0,0.0,0.0,6290.26,0.0,1136.56,9656.86,0.0,58595.91,0.0,36472
4954,0.0,19388.31,0.0,0.0,0.0,6290.26,0.0,1406.86,10143.56,0.0,47570.29,0.0,37229
4955,0.0,19388.31,0.0,0.0,0.0,6290.26,0.0,12960.3,0.0,365.87,47906.9,0.0,38273
4956,0.0,19388.31,0.0,0.0,0.0,6290.26,0.0,23764.2,0.0,10280.77,57365.21,0.0,39162
4957,0.0,19388.31,0.0,0.0,3362.07,6290.26,0.0,10702.35,0.0,0.0,57365.21,0.0,39743
4958,0.0,19388.31,0.0,0.0,0.0,6290.26,0.0,2777.68,11639.74,0.0,44713.32,0.0,40096
4959,0.0,19388.31,0.0,0.0,3672.53,6290.26,0.0,11803.9,0.0,0.0,44713.32,0.0,41155
4960,0.0,19388.31,0.0,0.0,0.0,6290.26,0.0,22245.04,0.0,6005.61,50238.48,0.0,41918
4961,0.0,19388.31,0.0,0.0,2385.53,6290.26,0.0,15883.9,0.0,0.0,50238.48,0.0,43948
4962,0.0,19388.31,0.0,0.0,8972.43,6290.26,0.0,9607.99,0.0,0.0,50238.48,0.0,44259
4963,0.0,19388.31,0.0,0.0,4691.82,6290.26,0.0,3028.49,11181.12,0.0,38085.09,0.0,44580
4964,0.0,19388.31,0.0,0.0,13032.82,6290.26,0.0,234.46,3865.14,0.0,33883.85,0.0,42811
4965,0.0,19388.31,0.0,0.0,4691.82,6290.26,0.0,0.0,12025.61,0.0,20812.54,0.0,42396
4966,0.0,19388.31,0.0,0.0,13032.82,6290.26,0.0,0.0,1391.6,0.0,19299.93,0.0,40103
4967,0.0,19388.31,0.0,0.0,11642.42,6290.26,0.0,0.0,0.0,0.0,19299.93,0.0,37321
4968,0.0,19388.31,0.0,0.0,8202.42,6290.26,0.0,0.0,0.0,0.0,19299.93,0.0,33881
4969,0.0,19388.31,0.0,0.0,0.0,6290.26,0.0,0.0,6463.42,0.0,12274.47,0.0,32142
4970,0.0,19388.31,0.0,0.0,5653.42,6290.26,0.0,0.0,0.0,0.0,12274.47,0.0,31332
4971,0.0,19388.31,0.0,0.0,4763.42,6290.26,0.0,0.0,0.0,0.0,12274.47,0.0,30442
4972,0.0,19388.31,0.0,0.0,0.0,6290.26,0.0,0.0,4673.42,0.0,7194.66,0.0,30352
4973,0.0,19388.31,0.0,0.0,5416.42,6290.26,0.0,0.0,0.0,0.0,7194.66,0.0,31095
4974,0.0,19388.31,0.0,0.0,0.0,6290.26,0.0,294.33,6619.09,0.0,0.0,0.0,32592
4975,0.0,19388.31,0.0,0.0,5776.78,6290.26,0.0,3304.64,0.0,0.0,0.0,0.0,34760
4976,0.0,19388.31,0.0,0.0,49.0,6290.26,0.0,10977.42,0.0,0.0,0.0,0.0,36705
4977,0.0,19388.31,0.0,0.0,0.0,6290.26,0.0,18477.41,0.0,5810.99,5346.11,0.0,38345
4978,0.0,19388.31,0.0,0.0,0.0,6290.26,0.0,24138.99,0.0,10446.57,14956.95,0.0,39371
4979,0.0,14541.24,0.0,0.0,0.0,6290.26,0.0,27352.42,0.0,7806.92,22139.32,0.0,40377
4980,0.0,19388.31,0.0,0.0,0.0,6290.26,0.0,30125.41,0.0,13714.99,34757.11,0.0,42089
4981,0.0,15941.64,0.0,0.0,0.0,6290.26,0.0,30854.95,0.0,9922.85,43886.13,0.0,43164
4982,0.0,13144.0,0.0,0.0,0.0,6290.26,1489.34,28950.49,0.0,6078.09,49477.98,0.0,43796
4983,0.0,17991.08,0.0,0.0,0.0,6290.26,2573.58,26078.13,0.0,8738.05,57516.98,0.0,44195
4984,0.0,15349.07,0.0,0.0,0.0,6290.26,3746.37,20027.3,0.0,0.0,57516.98,0.0,45413
4985,0.0,19388.31,0.0,0.0,0.0,6290.26,4828.13,15772.19,20.1,0.0,57495.13,0.0,46299
4986,0.0,19388.31,0.0,0.0,0.0,6290.26,6100.34,6969.95,6786.14,0.0,50118.89,0.0,45535
4987,0.0,19388.31,0.0,0.0,0.0,6290.26,7578.43,1583.36,10147.63,0.0,39088.86,0.0,44988
4988,0.0,19388.31,0.0,0.0,0.0,6290.26,8685.83,54.1,10002.49,0.0,28216.59,0.0,44421
4989,0.0,19388.31,0.0,0.0,0.0,6290.26,8119.55,0.0,10029.87,0.0,17314.55,0.0,43828
4990,0.0,19388.31,0.0,0.0,0.0,6290.26,7578.43,0.0,7830.99,0.0,8802.6,0.0,41088
4991,0.0,19388.31,0.0,0.0,0.0,6290.26,7061.9,0.0,5876.52,0.0,2415.08,0.0,38617
4992,0.0,19388.31,0.0,0.0,0.0,6290.26,8119.55,0.0,2221.87,0.0,0.0,0.0,36020
4993,0.0,18467.89,0.0,0.0,0.0,6290.26,9277.85,0.0,0.0,0.0,0.0,0.0,34036
4994,0.0,15161.7,0.0,0.0,0.0,6290.26,11214.04,0.0,0.0,0.0,0.0,0.0,32666
4995,0.0,11742.11,0.0,0.0,0.0,6290.26,14190.63,0.0,0.0,0.0,0.0,0.0,32223
4996,0.0,8243.55,0.0,0.0,0.0,6290.26,17652.19,0.0,0.0,0.0,0.0,0.0,32186
4997,0.0,6103.1,0.0,0.0,0.0,6290.26,20588.64,0.0,0.0,0.0,0.0,0.0,32982
4998,0.0,5067.35,0.0,0.0,0.0,6290.26,22716.9,242.49,0.0,0.0,0.0,0.0,34317
4999,0.0,3261.42,0.0,0.0,0.0,6290.26,23833.93,3413.39,0.0,0.0,0.0,0.0,36799
5000,0.0,0.0,0.0,0.0,0.0,6290.26,26176.65,10018.04,0.0,3184.95,2930.15,0.0,39300
5001,0.0,0.0,0.0,0.0,0.0,6290.26,23833.93,17200.46,0.0,6559.65,8965.03,0.0,40765
5002,0.0,0.0,0.0,0.0,0.0,6290.26,21635.33,23225.55,0.0,8227.14,16534.0,0.0,42924
5003,0.0,0.0,0.0,0.0,0.0,6290.26,26176.65,27500.06,0.0,14426.97,29806.81,0.0,45540
5004,0.0,0.0,0.0,0.0,0.0,5200.99,31312.75,29425.26,0.0,20000.0,48206.81,0.0,45939
5005,0.0,3050.64,0.0,0.0,0.0,6290.26,28668.06,7026.03,0.0,0.0,48206.81,0.0,45035
5006,0.0,0.0,0.0,0.0,0.0,6290.26,23833.93,25823.51,0.0,10241.7,57629.17,0.0,45706
5007,0.0,0.0,0.0,0.0,0.0,6290.26,21635.33,22023.52,0.0,3710.11,61042.47,0.0,46239
5008,0.0,0.0,0.0,0.0,0.0,6290.26,18597.64,22910.38,0.0,1038.29,61997.69,0.0,46760
5009,0.0,4847.08,0.0,0.0,0.0,6290.26,15858.5,16799.4,3093.76,0.0,58634.91,0.0,46889
5010,0.0,9694.16,0.0,0.0,0.0,6290.26,14190.63,9484.13,7432.83,0.0,50555.75,0.0,47092
5011,0.0,14541.24,0.0,0.0,0.0,6290.26,12644.0,2983.08,11164.42,0.0,38420.51,0.0,47623
5012,0.0,19388.31,0.0,0.0,0.0,6290.26,11914.72,172.31,8117.39,0.0,29597.26,0.0,45883
5013,0.0,19388.31,0.0,0.0,0.0,6290.26,11914.72,0.0,6691.7,0.0,22323.67,0.0,44285
5014,0.0,17183.63,0.0,0.0,0.0,6290.26,12644.0,0.0,5228.11,0.0,16640.95,0.0,41346
5015,0.0,19388.31,0.0,0.0,0.0,6290.26,11914.72,0.0,1023.7,0.0,15528.23,0.0,38617
5016,0.0,18160.7,0.0,0.0,0.0,6290.26,11214.04,0.0,0.0,0.0,15528.23,0.0,35665
5017,0.0,16553.35,0.0,0.0,0.0,6290.26,10541.38,0.0,0.0,0.0,15528.23,0.0,33385
5018,0.0,11706.27,0.0,0.0,0.0,6290.26,9277.85,0.0,4510.61,0.0,10625.39,0.0,31785
5019,0.0,15673.9,0.0,0.0,0.0,6290.26,8685.83,0.0,0.0,0.0,10625.39,0.0,30650
5020,0.0,14739.89,0.0,0.0,0.0,6290.26,9277.85,0.0,0.0,0.0,10625.39,0.0,30308
5021,0.0,14765.56,0.0,0.0,0.0,6290.26,9896.18,0.0,0.0,0.0,10625.39,0.0,30952
5022,0.0,9918.48,0.0,0.0,0.0,6290.26,10541.38,255.95,4787.92,0.0,5421.13,0.0,31794
5023,0.0,9694.16,0.0,0.0,0.0,6290.26,11214.04,3311.44,3914.1,0.0,1166.68,0.0,34424
5024,0.0,4847.08,0.0,0.0,0.0,6290.26,14190.63,10637.69,1073.34,0.0,0.0,0.0,37039
5025,0.0,0.0,0.0,0.0,0.0,1916.26,19576.27,17362.47,0.0,0.0,0.0,0.0,38855
5026,0.0,0.0,0.0,0.0,0.0,4374.0,26715.2,23224.91,0.0,14451.11,13295.02,0.0,39863
5027,0.0,0.0,0.0,0.0,0.0,0.0,15194.47,27271.86,0.0,1053.33,14264.09,0.0,41413
5028,0.0,0.0,0.0,0.0,0.0,0.0,31328.02,30195.98,0.0,20000.0,32664.09,0.0,41524
5029,0.0,0.0,0.0,0.0,0.0,0.0,31112.21,30512.79,0.0,20000.0,51064.09,0.0,41625
5030,0.0,0.0,0.0,0.0,0.0,0.0,30409.32,27485.71,0.0,16088.03,65865.07,0.0,41807
5031,0.0,0.0,0.0,0.0,0.0,0.0,15070.78,27394.22,0.0,0.0,65865.07,0.0,42465
5032,0.0,2319.2,0.0,0.0,0.0,4374.0,27403.48,23329.72,0.0,14308.4,79028.8,0.0,43118
5033,0.0,7166.28,0.0,0.0,0.0,1916.26,18644.57,16769.89,0.0,0.0,79028.8,0.0,44497
5034,0.0,12013.35,0.0,0.0,0.0,6290.26,19576.27,7997.77,0.0,1055.65,80000.0,0.0,44822
5035,0.0,16860.43,0.0,0.0,0.0,6290.26,15009.12,2504.1,3397.09,0.0,76307.51,0.0,44061
5036,0.0,19388.31,0.0,0.0,0.0,6290.26,11914.72,172.28,5379.42,0.0,70460.31,0.0,43145
5037,0.0,19388.31,0.0,0.0,0.0,6290.26,9277.85,0.0,6850.57,0.0,63014.04,0.0,41807
5038,0.0,19388.31,0.0,0.0,0.0,6290.26,7061.9,0.0,6236.52,0.0,56235.22,0.0,38977
5039,0.0,19388.31,0.0,0.0,0.0,6290.26,5230.28,0.0,5166.15,0.0,50619.84,0.0,36075
5040,0.0,19388.31,0.0,0.0,0.0,6290.26,4828.13,0.0,3093.29,0.0,47257.57,0.0,33600
5041,0.0,19388.31,0.0,0.0,0.0,6290.26,5230.28,0.0,772.15,0.0,46418.28,0.0,31681
5042,0.0,19388.31,0.0,0.0,0.0,6290.26,6100.34,0.0,0.0,1599.91,47890.2,0.0,30179
5043,0.0,19388.31,0.0,0.0,0.0,6290.26,6569.4,0.0,0.0,2566.97,50251.81,0.0,29681
5044,0.0,19388.31,0.0,0.0,0.0,6290.26,7578.43,0.0,0.0,4063.01,53989.78,0.0,29194
5045,0.0,19388.31,0.0,0.0,0.0,6290.26,8119.55,0.0,0.0,4675.13,58290.9,0.0,29123
5046,0.0,19388.31,0.0,0.0,0.0,6290.26,7578.43,52.45,0.0,3923.46,61900.48,0.0,29386
5047,0.0,19388.31,0.0,0.0,0.0,6290.26,6569.4,1184.35,0.0,2418.33,64125.34,0.0,31014
5048,0.0,19388.31,0.0,0.0,0.0,6290.26,5654.16,586.73,896.54,0.0,63150.83,0.0,32816
5049,0.0,19388.31,0.0,0.0,0.0,6290.26,4828.13,980.76,3079.53,0.0,59803.52,0.0,34567
5050,0.0,19388.31,0.0,0.0,0.0,6290.26,4086.75,998.2,5731.47,0.0,53573.66,0.0,36495
5051,0.0,19388.31,0.0,0.0,0.0,6290.26,3425.44,3863.72,4436.27,0.0,48751.63,0.0,37404
5052,0.0,19388.31,0.0,0.0,0.0,6290.26,3123.37,6011.05,2683.0,0.0,45835.33,0.0,37496
5053,0.0,19388.31,0.0,0.0,0.0,6290.26,3123.37,7074.12,2247.93,0.0,43391.93,0.0,38124
5054,0.0,19388.31,0.0,0.0,0.0,6290.26,3123.37,10014.07,0.0,51.02,43438.86,0.0,38765
5055,0.0,19388.31,0.0,0.0,0.0,6290.26,3123.37,13370.11,0.0,3218.06,46399.48,0.0,38954
5056,0.0,19388.31,0.0,0.0,0.0,6290.26,3425.44,23609.49,0.0,12352.5,57763.78,0.0,40361
5057,0.0,19388.31,0.0,0.0,0.0,6290.26,3425.44,17032.8,0.0,4133.81,61566.89,0.0,42003
5058,0.0,19388.31,0.0,0.0,0.0,6290.26,2839.61,9337.44,4816.37,0.0,56331.7,0.0,42672
5059,0.0,19388.31,0.0,0.0,0.0,6290.26,2573.58,2746.45,11519.39,0.0,43810.62,0.0,42518
5060,0.0,19388.31,0.0,0.0,0.0,6290.26,2839.61,151.41,12143.4,0.0,30611.27,0.0,40813
5061,0.0,19388.31,0.0,0.0,0.0,6290.26,3123.37,0.0,10816.05,0.0,18854.7,0.0,39618
5062,0.0,19388.31,0.0,0.0,0.0,6290.26,3425.44,0.0,8285.99,0.0,9848.19,0.0,37390
5063,0.0,19388.31,0.0,0.0,0.0,6290.26,3425.44,0.0,5814.99,0.0,3527.55,0.0,34919
5064,0.0,19388.31,0.0,0.0,0.0,6290.26,3746.37,0.0,3176.05,0.0,75.32,0.0,32601
5065,0.0,19388.31,0.0,0.0,0.0,6290.26,4828.13,0.0,69.29,0.0,0.0,0.0,30576
5066,0.0,16535.34,0.0,0.0,0.0,6290.26,6569.4,0.0,0.0,0.0,0.0,0.0,29395
5067,0.0,19388.31,0.0,0.0,0.0,6290.26,8119.55,0.0,0.0,4500.13,4140.12,0.0,29298
5068,0.0,19388.31,0.0,0.0,0.0,6290.26,9277.85,0.0,0.0,5969.43,9631.99,0.0,28987
5069,0.0,19388.31,0.0,0.0,0.0,6290.26,9277.85,0.0,0.0,5859.43,15022.66,0.0,29097
5070,0.0,19388.31,0.0,0.0,0.0,6290.26,8685.83,278.47,0.0,5785.88,20345.67,0.0,28857
5071,0.0,14541.24,0.0,0.0,0.0,6290.26,7578.43,3029.11,0.0,1108.04,21365.07,0.0,30331
5072,0.0,19388.31,0.0,0.0,0.0,6290.26,5654.16,8088.32,0.0,6884.05,27698.4,0.0,32537
5073,0.0,19388.31,0.0,0.0,0.0,6290.26,3425.44,17427.55,0.0,12202.56,38924.76,0.0,34329
5074,0.0,19388.31,0.0,0.0,0.0,6290.26,1675.31,8941.22,14.89,0.0,38908.57,0.0,36310
5075,0.0,18093.12,0.0,0.0,0.0,6290.26,0.0,13758.62,0.0,0.0,38908.57,0.0,38142
5076,0.0,13246.04,0.0,0.0,0.0,6290.26,0.0,23748.47,0.0,3721.77,42332.59,0.0,39563
5077,0.0,18093.12,0.0,0.0,0.0,6290.26,0.0,25806.17,0.0,10202.54,51718.93,0.0,39987
5078,0.0,19388.31,0.0,0.0,0.0,6290.26,0.0,13467.33,1526.09,0.0,50060.14,0.0,40672
5079,0.0,14541.24,0.0,0.0,0.0,6290.26,0.0,28847.07,0.0,8217.57,57620.31,0.0,41461
5080,0.0,14541.24,0.0,0.0,0.0,6290.26,0.0,24119.49,0.0,1959.99,59423.5,0.0,42991
5081,0.0,19388.31,0.0,0.0,0.0,6290.26,0.0,17767.4,1427.02,0.0,57872.38,0.0,44873
5082,0.0,19388.31,0.0,0.0,0.0,6290.26,0.0,9795.98,9527.44,0.0,47516.47,0.0,45002
5083,0.0,19388.31,0.0,0.0,0.0,6290.26,0.0,2484.71,16506.72,0.0,29574.39,0.0,44670
5084,0.0,19388.31,0.0,0.0,0.0,6290.26,0.0,132.26,17076.16,0.0,11013.34,0.0,42887
5085,0.0,19388.31,0.0,0.0,0.0,6290.26,10541.38,0.0,5020.04,0.0,5556.78,0.0,41240
5086,0.0,18954.29,0.0,0.0,0.0,6290.26,13402.44,0.0,0.0,0.0,5556.78,0.0,38647
5087,0.0,14107.22,0.0,0.0,0.0,6290.26,15858.5,0.0,0.0,166.97,5710.39,0.0,36089
5088,0.0,13483.96,0.0,0.0,0.0,6290.26,16739.33,0.0,0.0,2645.55,8144.3,0.0,33868
5089,0.0,8636.88,0.0,0.0,0.0,4969.47,18597.64,0.0,0.0,0.0,8144.3,0.0,32204
5090,0.0,13144.0,0.0,0.0,0.0,4969.47,20588.64,0.0,0.0,7951.11,15459.33,0.0,30751
5091,0.0,8296.92,0.0,0.0,0.0,4969.47,22716.9,0.0,0.0,6404.29,21351.28,0.0,29579
5092,0.0,7793.05,0.0,0.0,0.0,4969.47,21635.33,0.0,0.0,5182.85,26119.49,0.0,29215
5093,0.0,12640.13,0.0,0.0,0.0,4969.47,18597.64,0.0,0.0,6212.24,31834.76,0.0,29995
5094,0.0,13144.0,0.0,0.0,0.0,4969.47,15858.5,281.33,0.0,4388.3,35871.99,0.0,29865
5095,0.0,10812.24,0.0,0.0,0.0,4969.47,12644.0,3003.29,0.0,0.0,35871.99,0.0,31429
5096,0.0,9694.16,0.0,0.0,0.0,4969.47,10541.38,11030.06,0.0,2224.07,37918.14,0.0,34011
5097,0.0,4847.08,0.0,0.0,0.0,4969.47,8685.83,19156.21,0.0,1122.59,38950.92,0.0,36536
5098,0.0,9694.16,0.0,0.0,0.0,4969.47,7061.9,25373.98,0.0,8263.51,46553.35,0.0,38836
5099,0.0,4847.08,0.0,0.0,0.0,4969.47,5230.28,29995.93,0.0,4949.76,51107.13,0.0,40093
5100,0.0,9694.16,0.0,0.0,0.0,4969.47,3746.37,32776.32,0.0,10479.32,60748.11,0.0,40707
5101,0.0,14541.24,0.0,0.0,0.0,4969.47,2573.58,29788.11,0.0,9905.4,69861.07,0.0,41967
5102,0.0,9694.16,0.0,0.0,0.0,4969.47,2324.71,29414.88,0.0,3553.22,73130.03,0.0,42850
5103,0.0,14541.24,0.0,0.0,0.0,4969.47,2092.42,29318.23,0.0,7467.36,80000.0,0.0,43454
5104,0.0,19388.31,0.0,0.0,5138.94,4969.47,2092.42,933.22,12532.64,0.0,66377.56,0.0,45055
5105,0.0,19388.31,0.0,0.0,7536.16,4969.47,2092.42,1446.6,10377.03,0.0,55098.18,0.0,45810
5106,0.0,19388.31,0.0,0.0,4691.82,4969.47,2573.58,6961.34,6929.47,0.0,47566.14,0.0,45514
5107,0.0,19388.31,0.0,0.0,13032.82,4969.47,3425.44,2583.46,1293.49,0.0,46160.17,0.0,44693
5108,0.0,19388.31,0.0,0.0,4691.82,4969.47,3123.37,174.15,11542.88,0.0,33613.57,0.0,43890
5109,0.0,19388.31,0.0,0.0,13032.82,4969.47,3123.37,0.0,2359.02,0.0,31049.42,0.0,42873
5110,0.0,19388.31,0.0,0.0,13032.82,4969.47,3123.37,0.0,235.02,0.0,30793.96,0.0,40749
5111,0.0,19388.31,0.0,0.0,8341.01,4969.47,3123.37,0.0,2483.83,0.0,28094.15,0.0,38306
5112,0.0,19388.31,0.0,0.0,0.0,4969.47,2839.61,0.0,8870.6,0.0,18452.19,0.0,36068
5113,0.0,19388.31,0.0,0.0,6826.6,4969.47,2839.61,0.0,0.0,0.0,18452.19,0.0,34024
5114,0.0,19388.31,0.0,0.0,5687.6,4969.47,2839.61,0.0,0.0,0.0,18452.19,0.0,32885
5115,0.0,19388.31,0.0,0.0,4854.6,4969.47,2839.61,0.0,0.0,0.0,18452.19,0.0,32052
5116,0.0,19388.31,0.0,0.0,0.0,4969.47,3123.37,0.0,4342.84,0.0,13731.71,0.0,31824
5117,0.0,19388.31,0.0,0.0,4467.78,4969.47,3425.44,0.0,0.0,0.0,13731.71,0.0,32251
5118,0.0,19388.31,0.0,0.0,0.0,4969.47,3425.44,279.9,6103.88,0.0,7097.06,0.0,34167
5119,0.0,19388.31,0.0,0.0,0.0,4969.47,3123.37,2931.55,6529.29,0.0,0.0,0.0,36942
5120,0.0,19388.31,0.0,0.0,1114.87,4969.47,2324.71,10879.64,0.0,0.0,0.0,0.0,38677
5121,0.0,19388.31,0.0,0.0,0.0,4969.47,1675.31,18888.14,0.0,5817.23,5351.85,0.0,39104
5122,0.0,19388.31,0.0,0.0,0.0,4969.47,1675.31,22255.58,0.0,7242.67,12015.11,0.0,41046
5123,0.0,19388.31,0.0,0.0,0.0,4969.47,1675.31,29570.11,0.0,13731.2,24647.81,0.0,41872
5124,0.0,19388.31,0.0,0.0,0.0,4969.47,1489.34,28885.65,0.0,11695.78,35407.93,0.0,43037
5125,0.0,19388.31,0.0,0.0,0.0,4969.47,1159.73,32961.08,0.0,15169.6,49363.96,0.0,43309
5126,0.0,19388.31,0.0,0.0,0.0,4969.47,0.0,31840.25,0.0,12587.03,60944.03,0.0,43611
5127,0.0,19388.31,0.0,0.0,0.0,4969.47,0.0,26589.83,0.0,6777.61,67179.44,0.0,44170
5128,0.0,19388.31,0.0,0.0,1216.21,4969.47,0.0,19933.01,0.0,0.0,67179.44,0.0,45507
5129,0.0,19388.31,0.0,0.0,4524.81,4969.47,0.0,12734.05,5507.35,0.0,61193.18,0.0,47124
5130,0.0,19388.31,0.0,0.0,12865.82,4969.47,0.0,9143.81,1061.58,0.0,60039.29,0.0,47429
5131,0.0,19388.31,0.0,0.0,4691.82,4969.47,0.0,2318.42,15197.97,0.0,43519.75,0.0,46566
5132,0.0,19388.31,0.0,0.0,13032.82,4969.47,0.0,0.0,7330.39,0.0,35551.94,0.0,44721
5133,0.0,19388.31,0.0,0.0,12089.21,4969.47,0.0,0.0,6304.0,0.0,28699.76,0.0,42751
5134,0.0,19388.31,0.0,0.0,3748.21,4969.47,0.0,0.0,11868.01,0.0,15799.76,0.0,39974
5135,0.0,19388.31,0.0,0.0,12089.21,4969.47,0.0,0.0,0.0,0.0,15799.76,0.0,36447
5136,0.0,19388.31,0.0,0.0,9198.21,4969.47,0.0,0.0,0.0,0.0,15799.76,0.0,33556
5137,0.0,19388.31,0.0,0.0,5934.48,4969.47,1159.73,0.0,0.0,0.0,15799.76,0.0,31452
5138,0.0,19388.31,0.0,0.0,4313.87,4969.47,1489.34,0.0,0.0,0.0,15799.76,0.0,30161
5139,0.0,19388.31,0.0,0.0,3289.91,4969.47,1675.31,0.0,0.0,0.0,15799.76,0.0,29323
5140,0.0,19388.31,0.0,0.0,3197.91,4969.47,1675.31,0.0,0.0,0.0,15799.76,0.0,29231
5141,0.0,19388.31,0.0,0.0,0.0,4969.47,1876.14,0.0,3938.07,0.0,11519.24,0.0,30172
5142,0.0,19388.31,0.0,0.0,0.0,4969.47,1876.14,153.91,5383.16,0.0,5667.98,0.0,31771
5143,0.0,19388.31,0.0,0.0,0.0,4969.47,1675.31,2772.37,5214.54,0.0,0.0,0.0,34020
5144,0.0,19388.31,0.0,0.0,685.62,4969.47,2324.71,8577.89,0.0,0.0,0.0,0.0,35946
5145,0.0,19388.31,0.0,0.0,0.0,4969.47,3123.37,18646.82,0.0,7920.98,7287.31,0.0,38207
5146,0.0,19388.31,0.0,0.0,0.0,4969.47,4086.75,23609.49,0.0,12768.03,19033.89,0.0,39286
5147,0.0,19388.31,0.0,0.0,0.0,4969.47,4447.15,30068.29,0.0,18427.22,35986.94,0.0,40446
5148,0.0,19388.31,0.0,0.0,0.0,4969.47,4086.75,32921.41,0.0,19608.95,54027.17,0.0,41757
5149,0.0,19388.31,0.0,0.0,0.0,4969.47,3123.37,33877.43,0.0,18861.58,71379.83,0.0,42497
5150,0.0,19388.31,0.0,0.0,3291.35,4969.47,2092.42,13955.45,0.0,0.0,71379.83,0.0,43697
5151,0.0,19388.31,0.0,0.0,0.0,4969.47,1675.31,24489.02,0.0,4249.11,75289.01,0.0,46273
5152,0.0,19388.31,0.0,0.0,0.0,4969.47,1489.34,24701.13,0.0,2542.25,77627.88,0.0,48006
5153,0.0,19388.31,0.0,0.0,2393.95,4969.47,1675.31,11818.16,8043.8,0.0,68884.63,0.0,48289
5154,0.0,19388.31,0.0,0.0,10734.96,4969.47,1317.67,6522.38,4498.21,0.0,63995.27,0.0,47431
5155,0.0,19388.31,0.0,0.0,4691.82,4969.47,0.0,2287.85,14146.55,0.0,48618.58,0.0,45484
5156,0.0,19388.31,0.0,0.0,13032.82,4969.47,0.0,0.0,8017.39,0.0,39904.03,0.0,45408
5157,0.0,19388.31,0.0,0.0,13032.82,4969.47,0.0,0.0,7122.39,0.0,32162.3,0.0,44513
5158,0.0,19388.31,0.0,0.0,13032.82,4969.47,0.0,0.0,4910.39,0.0,26824.92,0.0,42301
5159,0.0,19388.31,0.0,0.0,13032.82,4969.47,1489.34,0.0,385.05,0.0,26406.39,0.0,39265
5160,0.0,19388.31,0.0,0.0,9826.87,4969.47,1489.34,0.0,0.0,0.0,26406.39,0.0,35674
5161,0.0,19388.31,0.0,0.0,8667.54,4969.47,1317.67,0.0,0.0,0.0,26406.39,0.0,34343
5162,0.0,19388.31,0.0,0.0,326.53,4969.47,1317.67,0.0,7471.01,0.0,18285.73,0.0,33473
5163,0.0,19388.31,0.0,0.0,0.0,4969.47,2092.42,0.0,6383.8,0.0,11346.82,0.0,32834
5164,0.0,19388.31,0.0,0.0,4803.84,4969.47,3746.37,0.0,0.0,0.0,11346.82,0.0,32908
5165,0.0,19388.31,0.0,0.0,4142.94,4969.47,5230.28,0.0,0.0,0.0,11346.82,0.0,33731
5166,0.0,19388.31,0.0,0.0,4947.54,4969.47,6569.4,281.28,0.0,0.0,11346.82,0.0,36156
5167,0.0,19388.31,0.0,0.0,4587.15,4969.47,7061.9,2820.16,0.0,0.0,11346.82,0.0,38827
5168,0.0,19388.31,0.0,0.0,0.0,4969.47,7061.9,10756.52,0.0,468.21,11777.57,0.0,41708
5169,0.0,19388.31,0.0,0.0,0.0,4969.47,5654.16,18888.34,0.0,5517.29,16853.48,0.0,43383
5170,0.0,19388.31,0.0,0.0,0.0,4969.47,3123.37,25194.32,0.0,8210.48,24407.12,0.0,44465
5171,0.0,19388.31,0.0,0.0,0.0,4969.47,1489.34,29977.07,0.0,10314.19,33896.18,0.0,45510
5172,0.0,19388.31,0.0,0.0,0.0,4969.47,0.0,32725.54,0.0,11010.33,44025.68,0.0,46073
5173,0.0,19388.31,0.0,0.0,0.0,4969.47,0.0,33611.31,0.0,10628.1,53803.53,0.0,47341
5174,0.0,19388.31,0.0,0.0,0.0,4969.47,0.0,32369.97,0.0,9134.75,62207.51,0.0,47593
5175,0.0,19388.31,0.0,0.0,0.0,4969.47,0.0,24211.97,0.0,1726.75,63796.12,0.0,46843
5176,0.0,19388.31,0.0,0.0,63.84,4969.47,0.0,4727.12,18273.25,0.0,43933.89,0.0,47422
5177,0.0,19388.31,0.0,0.0,5239.84,4969.47,1317.67,17426.7,0.0,0.0,43933.89,0.0,48342
5178,0.0,19388.31,0.0,0.0,12965.82,4969.47,1876.14,4142.53,4755.72,0.0,38764.63,0.0,48098
5179,0.0,19388.31,0.0,0.0,4624.81,4969.47,2839.61,2216.66,13390.14,0.0,24210.13,0.0,47429
5180,0.0,19388.31,0.0,0.0,12965.82,4969.47,4447.15,0.0,5517.25,0.0,18213.12,0.0,47288
5181,0.0,19388.31,0.0,0.0,4624.81,4969.47,5654.16,0.0,12169.25,0.0,4985.68,0.0,46806
5182,0.0,19388.31,0.0,0.0,12965.82,4969.47,6569.4,0.0,0.0,0.0,4985.68,0.0,43893
5183,0.0,19388.31,0.0,0.0,8920.78,4969.47,7578.43,0.0,0.0,0.0,4985.68,0.0,40857
5184,0.0,19388.31,0.0,0.0,4618.38,4969.47,8685.83,0.0,0.0,0.0,4985.68,0.0,37662
5185,0.0,19388.31,0.0,0.0,2095.36,4969.47,9277.85,0.0,0.0,0.0,4985.68,0.0,35731
5186,0.0,19388.31,0.0,0.0,0.0,4969.47,9896.18,0.0,0.0,164.96,5137.45,0.0,34089
5187,0.0,19388.31,0.0,0.0,0.0,4969.47,9277.85,0.0,0.0,750.64,5828.03,0.0,32885
5188,0.0,19388.31,0.0,0.0,0.0,4969.47,9277.85,0.0,0.0,1368.64,7087.18,0.0,32267
5189,0.0,19388.31,0.0,0.0,0.0,4969.47,9277.85,0.0,0.0,512.64,7558.81,0.0,33123
5190,0.0,19388.31,0.0,0.0,0.0,4969.47,9277.85,220.66,1118.7,0.0,6342.83,0.0,34975
5191,0.0,19388.31,0.0,0.0,0.0,4969.47,10541.38,2838.93,0.0,678.1,6966.68,0.0,37060
5192,0.0,19388.31,0.0,0.0,0.0,4969.47,11914.72,10935.58,0.0,7786.09,14129.88,0.0,39422
5193,0.0,19388.31,0.0,0.0,0.0,4969.47,12644.0,19246.43,0.0,14913.22,27850.04,0.0,41335
5194,0.0,19388.31,0.0,0.0,0.0,4969.47,12644.0,25669.44,0.0,19486.22,45777.37,0.0,43185
5195,0.0,19388.31,0.0,0.0,0.0,4969.47,9896.18,24035.15,0.0,13171.11,57894.79,0.0,45118
5196,0.0,19388.31,0.0,0.0,0.0,4969.47,6100.34,27264.82,0.0,11573.94,68542.82,0.0,46149
5197,0.0,19388.31,0.0,0.0,0.0,4969.47,3425.44,13694.16,5750.62,0.0,62292.14,0.0,47228
5198,0.0,19388.31,0.0,0.0,0.0,4969.47,2324.71,32852.17,0.0,11542.66,72911.39,0.0,47992
5199,0.0,19388.31,0.0,0.0,0.0,4969.47,1876.14,29772.08,0.0,7705.01,80000.0,0.0,48301
5200,0.0,19388.31,0.0,0.0,0.0,4969.47,1675.31,17868.25,5259.66,0.0,74282.98,0.0,49161
5201,0.0,19388.31,0.0,0.0,2619.48,4969.47,1675.31,18320.68,2063.74,0.0,72039.79,0.0,49037
5202,0.0,19388.31,0.0,0.0,4691.82,4969.47,2092.42,9889.68,7931.3,0.0,63418.8,0.0,48963
5203,0.0,19388.31,0.0,0.0,13032.82,4969.47,3123.37,2172.89,6211.12,0.0,56667.58,0.0,48898
5204,0.0,19388.31,0.0,0.0,4691.82,4969.47,4828.13,0.0,13786.27,0.0,41682.51,0.0,47664
5205,0.0,19388.31,0.0,0.0,13032.82,4969.47,7061.9,0.0,1929.49,0.0,39585.24,0.0,46382
5206,0.0,19388.31,0.0,0.0,9920.36,4969.47,9277.85,0.0,0.0,0.0,39585.24,0.0,43556
5207,0.0,19388.31,0.0,0.0,6923.36,4969.47,9277.85,0.0,0.0,0.0,39585.24,0.0,40559
5208,0.0,19388.31,0.0,0.0,5619.78,4969.47,7578.43,0.0,0.0,0.0,39585.24,0.0,37556
5209,0.0,19388.31,0.0,0.0,5044.88,4969.47,6100.34,0.0,0.0,0.0,39585.24,0.0,35503
5210,0.0,19388.31,0.0,0.0,4975.07,4969.47,4447.15,0.0,0.0,0.0,39585.24,0.0,33780
5211,0.0,19388.31,0.0,0.0,5142.84,4969.47,3123.37,0.0,0.0,0.0,39585.24,0.0,32624
5212,0.0,19388.31,0.0,0.0,5654.8,4969.47,2092.42,0.0,0.0,0.0,39585.24,0.0,32105
5213,0.0,19388.31,0.0,0.0,6413.91,4969.47,1675.31,0.0,0.0,0.0,39585.24,0.0,32447
5214,0.0,19388.31,0.0,0.0,0.0,4969.47,1159.73,158.78,6986.7,0.0,31991.01,0.0,32663
5215,0.0,19388.31,0.0,0.0,7176.86,4969.47,0.0,2727.35,0.0,0.0,31991.01,0.0,34262
5216,0.0,19388.31,0.0,0.0,5061.21,4969.47,0.0,8467.01,0.0,0.0,31991.01,0.0,37886
5217,0.0,19388.31,0.0,0.0,2183.28,4969.47,0.0,14449.93,0.0,0.0,31991.01,0.0,40991
5218,0.0,19388.31,0.0,0.0,0.0,4969.47,0.0,20593.19,0.0,1097.97,33001.14,0.0,43853
5219,0.0,19388.31,0.0,0.0,0.0,4969.47,0.0,25997.91,0.0,4361.69,37013.9,0.0,45994
5220,0.0,19388.31,0.0,0.0,0.0,4969.47,0.0,27798.28,0.0,4667.07,41307.6,0.0,47489
5221,0.0,19388.31,0.0,0.0,0.0,4969.47,0.0,28255.4,0.0,4767.19,45693.42,0.0,47846
5222,0.0,19388.31,0.0,0.0,0.0,4969.47,1317.67,23963.94,0.0,1107.4,46712.22,0.0,48532
5223,0.0,19388.31,0.0,0.0,0.0,4969.47,2324.71,22143.02,0.0,261.51,46952.81,0.0,48564
5224,0.0,19388.31,0.0,0.0,0.0,4969.47,3746.37,23695.96,0.0,2837.12,49562.96,0.0,48963
5225,0.0,19388.31,0.0,0.0,2826.14,4969.47,5230.28,17404.8,0.0,0.0,49562.96,0.0,49819
5226,0.0,19388.31,0.0,0.0,0.0,4969.47,5654.16,9340.27,10844.79,0.0,37775.14,0.0,50197
5227,0.0,19388.31,0.0,0.0,8341.01,4969.47,5230.28,2241.34,9454.59,0.0,27498.42,0.0,49625
5228,0.0,19388.31,0.0,0.0,13032.82,4969.47,5654.16,0.0,5722.23,0.0,21278.6,0.0,48767
5229,0.0,19388.31,0.0,0.0,11658.31,4969.47,6100.34,0.0,6011.57,0.0,14744.29,0.0,48128
5230,0.0,19388.31,0.0,0.0,3317.3,4969.47,6100.34,0.0,12214.57,0.0,1467.58,0.0,45990
5231,0.0,19388.31,0.0,0.0,11658.31,4969.47,7061.9,0.0,0.0,0.0,1467.58,0.0,43078
5232,0.0,19388.31,0.0,0.0,6220.04,4969.47,9896.18,0.0,0.0,0.0,1467.58,0.0,40474
5233,0.0,19388.31,0.0,0.0,2819.17,4969.47,11214.04,0.0,0.0,0.0,1467.58,0.0,38391
5234,0.0,19388.31,0.0,0.0,0.0,4969.47,11214.04,0.0,1350.17,0.0,0.0,0.0,36922
5235,0.0,19388.31,0.0,0.0,0.0,4969.47,12644.0,0.0,0.0,1057.79,973.16,0.0,35944
5236,0.0,16369.11,0.0,0.0,0.0,4969.47,14190.63,0.0,0.0,229.21,1184.03,0.0,35300
5237,0.0,11522.03,0.0,0.0,0.0,4969.47,17652.19,0.0,1089.31,0.0,0.0,0.0,35233
5238,0.0,6674.95,0.0,0.0,0.0,4969.47,23285.49,3.09,0.0,0.0,0.0,0.0,34933
5239,0.0,1827.87,0.0,0.0,0.0,4969.47,28668.06,1190.59,0.0,0.0,0.0,0.0,36656
5240,0.0,0.0,0.0,0.0,0.0,4969.47,24334.65,10459.87,0.0,0.0,0.0,0.0,39764
5241,0.0,0.0,0.0,0.0,0.0,4969.47,19346.45,18518.08,0.0,0.0,0.0,0.0,42834
5242,0.0,0.0,0.0,0.0,0.0,4969.47,31712.4,24827.53,0.0,16098.41,14810.53,0.0,45411
5243,0.0,0.0,0.0,0.0,0.0,595.47,37527.2,29638.33,0.0,20000.0,33210.53,0.0,47761
5244,0.0,0.0,0.0,0.0,0.0,0.0,16700.93,31897.07,0.0,0.0,33210.53,0.0,48598
5245,0.0,0.0,0.0,0.0,0.0,0.0,16230.9,33066.1,0.0,0.0,33210.53,0.0,49297
5246,0.0,0.0,0.0,0.0,0.0,0.0,34115.28,31827.15,0.0,17487.43,49298.97,0.0,48455
5247,0.0,4255.82,0.0,0.0,0.0,0.0,34115.28,28942.03,0.0,18867.13,66656.73,0.0,48446
5248,0.0,9102.9,0.0,0.0,0.0,4374.0,31312.75,19368.9,0.0,14503.55,80000.0,0.0,49655
5249,0.0,13949.98,0.0,0.0,0.0,4969.47,24986.99,6329.57,0.0,0.0,80000.0,0.0,50236
5250,0.0,18797.05,0.0,0.0,0.0,4969.47,16739.33,9465.15,0.0,0.0,80000.0,0.0,49971
5251,0.0,19388.31,0.0,0.0,3371.52,4969.47,11914.72,2058.06,8104.91,0.0,71190.31,0.0,49807
5252,0.0,19388.31,0.0,0.0,4691.82,4969.47,8119.55,0.0,12367.85,0.0,57747.0,0.0,49537
5253,0.0,19388.31,0.0,0.0,13032.82,4969.47,4086.75,0.0,7808.64,0.0,49259.35,0.0,49286
5254,0.0,19388.31,0.0,0.0,13032.82,4969.47,1489.34,0.0,8016.05,0.0,40546.25,0.0,46896
5255,0.0,19388.31,0.0,0.0,13032.82,4969.47,0.0,0.0,6629.39,0.0,33340.39,0.0,44020
5256,0.0,19388.31,0.0,0.0,13032.82,4969.47,0.0,0.0,3824.39,0.0,29183.45,0.0,41215
5257,0.0,19388.31,0.0,0.0,11952.84,4969.47,3123.37,0.0,0.0,0.0,29183.45,0.0,39434
5258,0.0,19388.31,0.0,0.0,7720.88,4969.47,6100.34,0.0,0.0,0.0,29183.45,0.0,38179
5259,0.0,19388.31,0.0,0.0,4219.38,4969.47,8685.83,0.0,0.0,0.0,29183.45,0.0,37263
5260,0.0,19388.31,0.0,0.0,0.0,4969.47,12644.0,0.0,0.0,665.79,29795.97,0.0,36336
5261,0.0,19388.31,0.0,0.0,0.0,4969.47,15858.5,0.0,0.0,2773.28,32347.39,0.0,37443
5262,0.0,19388.31,0.0,0.0,0.0,4969.47,17652.19,55.69,0.0,3019.67,35125.48,0.0,39046
5263,0.0,19388.31,0.0,0.0,0.0,4969.47,19576.27,625.21,0.0,2821.27,37721.05,0.0,41738
5264,0.0,19388.31,0.0,0.0,0.0,4969.47,19576.27,5770.56,0.0,4727.61,42070.45,0.0,44977
5265,0.0,19388.31,0.0,0.0,1457.02,4969.47,17652.19,2583.0,0.0,0.0,42070.45,0.0,46050
5266,0.0,19388.31,0.0,0.0,5179.27,4969.47,14190.63,3526.31,0.0,0.0,42070.45,0.0,47254
5267,0.0,19388.31,0.0,0.0,2351.48,4969.47,9277.85,11628.88,0.0,0.0,42070.45,0.0,47616
5268,0.0,19388.31,0.0,0.0,0.0,4969.47,6100.34,8500.34,9215.54,0.0,32053.57,0.0,48174
5269,0.0,19388.31,0.0,0.0,7669.91,4969.47,4447.15,12474.16,0.0,0.0,32053.57,0.0,48949
5270,0.0,19388.31,0.0,0.0,7876.34,4969.47,3425.44,13372.44,0.0,0.0,32053.57,0.0,49032
5271,0.0,19388.31,0.0,0.0,7404.54,4969.47,2839.61,15131.06,0.0,0.0,32053.57,0.0,49733
5272,0.0,19388.31,0.0,0.0,5792.32,4969.47,2573.58,15914.31,0.0,0.0,32053.57,0.0,48638
5273,0.0,19388.31,0.0,0.0,13032.82,4969.47,2573.58,7457.25,1373.56,0.0,30560.57,0.0,48795
5274,0.0,19388.31,0.0,0.0,13032.82,4969.47,3425.44,6400.49,1448.46,0.0,28986.15,0.0,48665
5275,0.0,19388.31,0.0,0.0,8341.01,4969.47,5654.16,2076.81,7008.24,0.0,21368.5,0.0,47438
5276,0.0,19388.31,0.0,0.0,0.0,4969.47,8119.55,0.0,14432.66,0.0,5680.82,0.0,46910
5277,0.0,19388.31,0.0,0.0,8341.01,4969.47,9277.85,0.0,5226.35,0.0,0.0,0.0,47203
5278,0.0,19388.31,0.0,0.0,9159.83,4969.47,10541.38,0.0,0.0,0.0,0.0,0.0,44059
5279,0.0,19388.31,0.0,0.0,4517.49,4969.47,11914.72,0.0,0.0,0.0,0.0,0.0,40790
5280,0.0,19388.31,0.0,0.0,416.21,4969.47,12644.0,0.0,0.0,0.0,0.0,0.0,37418
5281,0.0,18581.8,0.0,0.0,0.0,4969.47,11914.72,0.0,0.0,0.0,0.0,0.0,35466
5282,0.0,16904.49,0.0,0.0,0.0,4969.47,11214.04,0.0,0.0,0.0,0.0,0.0,33088
5283,0.0,19388.31,0.0,0.0,0.0,4969.47,9896.18,0.0,0.0,1846.96,1699.21,0.0,32407
5284,0.0,19388.31,0.0,0.0,0.0,4969.47,9896.18,0.0,0.0,2471.96,3973.42,0.0,31782
5285,0.0,18231.68,0.0,0.0,0.0,4969.47,9277.85,0.0,0.0,0.0,3973.42,0.0,32479
5286,0.0,19388.31,0.0,0.0,0.0,4969.47,8685.83,0.0,939.38,0.0,2952.35,0.0,33983
5287,0.0,19388.31,0.0,0.0,0.0,4969.47,8119.55,2682.58,936.08,0.0,1934.87,0.0,36096
5288,0.0,19388.31,0.0,0.0,0.0,4969.47,7578.43,10533.16,0.0,4689.38,6249.1,0.0,37780
5289,0.0,19388.31,0.0,0.0,0.0,4969.47,6100.34,18811.92,0.0,10810.04,16194.34,0.0,38460
5290,0.0,17581.38,0.0,0.0,0.0,4969.47,4086.75,25069.91,0.0,12375.52,27579.81,0.0,39332
5291,0.0,12734.3,0.0,0.0,0.0,4969.47,2324.71,29784.73,0.0,10059.21,36834.28,0.0,39754
5292,0.0,13144.0,0.0,0.0,0.0,4969.47,1489.34,32324.51,0.0,11529.32,47441.26,0.0,40398
5293,0.0,17991.08,0.0,0.0,0.0,4969.47,0.0,32826.56,0.0,14782.11,61040.79,0.0,41005
5294,0.0,13144.0,0.0,0.0,0.0,4969.47,0.0,31480.71,0.0,8416.18,68783.68,0.0,41178
5295,0.0,17991.08,0.0,0.0,0.0,4969.47,0.0,28404.93,0.0,10363.48,78318.08,0.0,41002
5296,0.0,14541.24,0.0,0.0,0.0,4969.47,0.0,23622.47,0.0,1828.17,80000.0,0.0,41305
5297,0.0,19388.31,0.0,0.0,620.32,4969.47,0.0,17391.9,0.0,0.0,80000.0,0.0,42370
5298,0.0,19388.31,0.0,0.0,2882.94,4969.47,0.0,9148.98,5957.29,0.0,73524.68,0.0,42347
5299,0.0,19388.31,0.0,0.0,11223.94,4969.47,0.0,1906.0,4799.27,0.0,68308.08,0.0,42287
5300,0.0,19388.31,0.0,0.0,13032.82,4969.47,0.0,0.0,4384.39,0.0,63542.44,0.0,41775
5301,0.0,19388.31,0.0,0.0,13032.82,4969.47,0.0,0.0,3750.39,0.0,59465.93,0.0,41141
5302,0.0,19388.31,0.0,0.0,13032.82,4969.47,0.0,0.0,1173.39,0.0,58190.51,0.0,38564
5303,0.0,19388.31,0.0,0.0,11586.21,4969.47,0.0,0.0,0.0,0.0,58190.51,0.0,35944
5304,0.0,19388.31,0.0,0.0,7731.87,4969.47,1489.34,0.0,0.0,0.0,58190.51,0.0,33579
5305,0.0,19388.31,0.0,0.0,4839.63,4969.47,2573.58,0.0,0.0,0.0,58190.51,0.0,31771
5306,0.0,19388.31,0.0,0.0,2801.78,4969.47,3425.44,0.0,0.0,0.0,58190.51,0.0,30585
5307,0.0,19388.31,0.0,0.0,1556.46,4969.47,4086.75,0.0,0.0,0.0,58190.51,0.0,30001
5308,0.0,19388.31,0.0,0.0,1395.46,4969.47,4086.75,0.0,0.0,0.0,58190.51,0.0,29840
5309,0.0,19388.31,0.0,0.0,2412.46,4969.47,4086.75,0.0,0.0,0.0,58190.51,0.0,30857
5310,0.0,19388.31,0.0,0.0,4999.84,4969.47,3123.37,0.0,0.0,0.0,58190.51,0.0,32481
5311,0.0,19388.31,0.0,0.0,7359.21,4969.47,1489.34,1251.66,0.0,0.0,58190.51,0.0,34458
5312,0.0,19388.31,0.0,0.0,6206.94,4969.47,0.0,6071.27,0.0,0.0,58190.51,0.0,36636
5313,0.0,19388.31,0.0,0.0,9594.3,4969.47,0.0,4124.91,0.0,0.0,58190.51,0.0,38077
5314,0.0,19388.31,0.0,0.0,1253.3,4969.47,0.0,9562.67,3863.25,0.0,53991.32,0.0,39037
5315,0.0,19388.31,0.0,0.0,1158.81,4969.47,0.0,14683.4,0.0,0.0,53991.32,0.0,40200
5316,0.0,19388.31,0.0,0.0,0.0,4969.47,0.0,21535.6,0.0,4863.39,58465.64,0.0,41030
5317,0.0,19388.31,0.0,0.0,0.0,4969.47,0.0,22552.9,0.0,5123.68,63179.43,0.0,41787
5318,0.0,19388.31,0.0,0.0,1832.18,4969.47,0.0,16098.09,517.94,0.0,62616.46,0.0,42806
5319,0.0,19388.31,0.0,0.0,10173.19,4969.47,0.0,9094.02,0.0,0.0,62616.46,0.0,43625
5320,0.0,19388.31,0.0,0.0,4691.82,4969.47,0.0,1043.68,14832.71,0.0,46493.94,0.0,44926
5321,0.0,19388.31,0.0,0.0,13032.82,4969.47,0.0,2747.42,6884.97,0.0,39010.28,0.0,47023
5322,0.0,19388.31,0.0,0.0,13032.82,4969.47,0.0,3759.44,6052.95,0.0,32430.98,0.0,47203
5323,0.0,19388.31,0.0,0.0,13032.82,4969.47,0.0,523.87,9025.52,0.0,22620.63,0.0,46940
5324,0.0,19388.31,0.0,0.0,13032.82,4969.47,0.0,0.0,7784.39,0.0,14159.34,0.0,45175
5325,0.0,19388.31,0.0,0.0,13032.82,4969.47,0.0,0.0,6329.39,0.0,7279.57,0.0,43720
5326,0.0,19388.31,0.0,0.0,13032.82,4969.47,0.0,0.0,3503.39,0.0,3471.54,0.0,40894
5327,0.0,19388.31,0.0,0.0,13032.82,4969.47,0.0,0.0,447.39,0.0,2985.24,0.0,37838
5328,0.0,19388.31,0.0,0.0,10857.21,4969.47,0.0,0.0,0.0,0.0,2985.24,0.0,35215
5329,0.0,19388.31,0.0,0.0,9021.21,4969.47,0.0,0.0,0.0,0.0,2985.24,0.0,33379
5330,0.0,19388.31,0.0,0.0,7371.21,4969.47,0.0,0.0,0.0,0.0,2985.24,0.0,31729
5331,0.0,19388.31,0.0,0.0,5310.54,4969.47,1317.67,0.0,0.0,0.0,2985.24,0.0,30986
5332,0.0,19388.31,0.0,0.0,4100.8,4969.47,2092.42,0.0,0.0,0.0,2985.24,0.0,30551
5333,0.0,19388.31,0.0,0.0,3705.78,4969.47,3425.44,0.0,0.0,0.0,2985.24,0.0,31489
5334,0.0,19388.31,0.0,0.0,4138.07,4969.47,4447.15,0.0,0.0,0.0,2985.24,0.0,32943
5335,0.0,19388.31,0.0,0.0,0.0,4969.47,5230.28,2686.51,2746.42,0.0,0.0,0.0,35021
5336,0.0,16790.12,0.0,0.0,0.0,4969.47,5230.28,10289.13,0.0,0.0,0.0,0.0,37279
5337,0.0,11943.05,0.0,0.0,0.0,4969.47,5654.16,18336.61,0.0,2544.28,2340.74,0.0,38359
5338,0.0,13144.0,0.0,0.0,0.0,4969.47,6100.34,24647.02,0.0,9034.83,10652.78,0.0,39826
5339,0.0,14541.24,0.0,0.0,0.0,4969.47,6100.34,19175.02,0.0,4028.07,14358.61,0.0,40758
5340,0.0,9694.16,0.0,0.0,0.0,4969.47,5654.16,32065.35,0.0,11630.14,25058.33,0.0,40753
5341,0.0,4847.08,0.0,0.0,0.0,4969.47,5230.28,28108.97,0.0,2233.79,27113.42,0.0,40922
5342,0.0,0.0,0.0,0.0,0.0,4969.47,4447.15,31684.41,0.0,226.03,27321.37,0.0,40875
5343,0.0,4847.08,0.0,0.0,0.0,4969.47,4447.15,28665.03,0.0,1642.73,28832.68,0.0,41286
5344,0.0,9694.16,0.0,0.0,0.0,4969.47,5230.28,23984.18,0.0,1845.09,30530.16,0.0,42033
5345,0.0,14541.24,0.0,0.0,0.0,4969.47,6569.4,17461.22,0.0,440.33,30935.26,0.0,43101
5346,0.0,19388.31,0.0,0.0,0.0,4969.47,8119.55,9027.26,1742.4,0.0,29041.35,0.0,43247
5347,0.0,19388.31,0.0,0.0,0.0,4969.47,9277.85,1793.68,7053.68,0.0,21374.3,0.0,42483
5348,0.0,19388.31,0.0,0.0,0.0,4969.47,9896.18,0.0,6908.04,0.0,13865.57,0.0,41162
5349,0.0,19388.31,0.0,0.0,0.0,4969.47,9896.18,0.0,5074.04,0.0,8350.31,0.0,39328
5350,0.0,19388.31,0.0,0.0,0.0,4969.47,9896.18,0.0,2686.04,0.0,5430.71,0.0,36940
5351,0.0,19388.31,0.0,0.0,0.0,4969.47,9896.18,0.0,0.0,180.96,5597.2,0.0,34073
5352,0.0,19388.31,0.0,0.0,0.0,4969.47,9896.18,0.0,0.0,2457.96,7858.53,0.0,31796
5353,0.0,15352.35,0.0,0.0,0.0,4969.47,9896.18,0.0,0.0,0.0,7858.53,0.0,30218
5354,0.0,19388.31,0.0,0.0,0.0,4969.47,9896.18,0.0,0.0,4731.96,12211.93,0.0,29522
5355,0.0,14541.24,0.0,0.0,0.0,4969.47,9896.18,0.0,0.0,519.89,12690.23,0.0,28887
5356,0.0,14040.35,0.0,0.0,0.0,4969.47,9896.18,0.0,0.0,0.0,12690.23,0.0,28906
5357,0.0,14350.14,0.0,0.0,0.0,4969.47,10541.38,0.0,0.0,0.0,12690.23,0.0,29861
5358,0.0,15029.49,0.0,0.0,0.0,4969.47,11214.04,0.0,0.0,0.0,12690.23,0.0,31213
5359,0.0,15223.67,0.0,0.0,0.0,4969.47,10541.38,2574.47,0.0,0.0,12690.23,0.0,33309
5360,0.0,11557.37,0.0,0.0,0.0,4969.47,11214.04,7513.12,0.0,0.0,12690.23,0.0,35254
5361,0.0,6710.29,0.0,0.0,0.0,4969.47,11914.72,19008.89,0.0,5838.37,18061.53,0.0,36765
5362,0.0,9694.16,0.0,0.0,0.0,4969.47,11914.72,17845.43,0.0,6860.79,24373.45,0.0,37563
5363,0.0,14541.24,0.0,0.0,0.0,4969.47,12644.0,15208.32,0.0,9163.03,32803.44,0.0,38200
5364,0.0,19388.31,0.0,0.0,0.0,4969.47,11214.04,3226.87,0.0,12.7,32815.12,0.0,38786
5365,0.0,17386.35,0.0,0.0,0.0,4969.47,8119.55,18233.06,0.0,9777.43,41810.36,0.0,38931
5366,0.0,12539.27,0.0,0.0,0.0,4969.47,6569.4,25297.7,0.0,10063.84,51069.09,0.0,39312
5367,0.0,7692.19,0.0,0.0,0.0,4969.47,5654.16,29625.48,0.0,7921.3,58356.69,0.0,40020
5368,0.0,10687.2,0.0,0.0,0.0,4969.47,4828.13,24803.86,0.0,3725.66,61784.29,0.0,41563
5369,0.0,15534.28,0.0,0.0,0.0,4969.47,3746.37,18214.88,0.0,0.0,61784.29,0.0,42465
5370,0.0,19388.31,0.0,0.0,0.0,4969.47,3123.37,9443.09,5937.75,0.0,55330.21,0.0,42862
5371,0.0,19388.31,0.0,0.0,0.0,4969.47,3425.44,1729.86,12923.92,0.0,41282.48,0.0,42437
5372,0.0,19388.31,0.0,0.0,0.0,4969.47,4086.75,0.0,12511.46,0.0,27683.06,0.0,40956
5373,0.0,19388.31,0.0,0.0,0.0,4969.47,4447.15,0.0,10781.07,0.0,15964.51,0.0,39586
5374,0.0,19388.31,0.0,0.0,0.0,4969.47,5230.28,0.0,7206.94,0.0,8130.89,0.0,36795
5375,0.0,19388.31,0.0,0.0,0.0,4969.47,6100.34,0.0,3510.88,0.0,4314.72,0.0,33969
5376,0.0,19388.31,0.0,0.0,0.0,4969.47,5654.16,0.0,1812.06,0.0,2345.09,0.0,31824
5377,0.0,19388.31,0.0,0.0,0.0,4969.47,4828.13,0.0,1318.08,0.0,912.39,0.0,30504
5378,0.0,19388.31,0.0,0.0,0.0,4969.47,4447.15,0.0,585.07,0.0,276.45,0.0,29390
5379,0.0,18544.25,0.0,0.0,0.0,4969.47,5230.28,0.0,0.0,0.0,276.45,0.0,28744
5380,0.0,17404.19,0.0,0.0,0.0,4969.47,6100.34,0.0,0.0,0.0,276.45,0.0,28474
5381,0.0,19388.31,0.0,0.0,0.0,4969.47,4828.13,0.0,0.0,842.92,1051.93,0.0,28343
5382,0.0,19388.31,0.0,0.0,0.0,4969.47,3425.44,0.0,967.78,0.0,0.0,0.0,28751
5383,0.0,19376.41,0.0,0.0,0.0,4969.47,2839.61,2525.51,0.0,0.0,0.0,0.0,29711
5384,0.0,14529.33,0.0,0.0,0.0,4969.47,2839.61,10184.12,0.0,1402.54,1290.34,0.0,31120
5385,0.0,9682.25,0.0,0.0,0.0,4969.47,2573.58,18200.17,0.0,2586.48,3669.9,0.0,32839
5386,0.0,5480.22,0.0,0.0,0.0,4969.47,2839.61,17421.39,3376.3,0.0,0.0,0.0,34087
5387,0.0,633.14,0.0,0.0,0.0,4969.47,4086.75,29099.99,0.0,3519.35,3237.81,0.0,35270
5388,0.0,0.0,0.0,0.0,0.0,4969.47,6569.4,31721.32,0.0,7540.19,10174.78,0.0,35720
5389,0.0,0.0,0.0,0.0,0.0,4969.47,9277.85,32525.25,0.0,10540.57,19872.11,0.0,36232
5390,0.0,0.0,0.0,0.0,0.0,4969.47,11914.72,31157.15,0.0,11092.35,30077.07,0.0,36949
5391,0.0,0.0,0.0,0.0,0.0,4969.47,14190.63,27924.25,0.0,9514.35,38830.27,0.0,37570
5392,0.0,0.0,0.0,0.0,0.0,4969.47,16739.33,22801.1,0.0,6083.9,44427.46,0.0,38426
5393,0.0,1987.54,0.0,0.0,0.0,4969.47,16739.33,16305.8,0.0,137.14,44553.63,0.0,39865
5394,0.0,6834.62,0.0,0.0,0.0,4969.47,17652.19,8368.53,2202.19,0.0,42159.95,0.0,40027
5395,0.0,9782.3,0.0,0.0,0.0,4969.47,22716.9,1849.33,0.0,0.0,42159.95,0.0,39318
5396,0.0,6002.05,0.0,0.0,0.0,4969.47,27403.48,0.0,0.0,0.0,42159.95,0.0,38375
5397,0.0,1317.78,0.0,0.0,0.0,4969.47,31312.75,0.0,0.0,0.0,42159.95,0.0,37600
5398,0.0,0.0,0.0,0.0,0.0,4969.47,37080.24,0.0,0.0,6523.71,48161.77,0.0,35526
5399,0.0,0.0,0.0,0.0,0.0,4969.47,37080.24,0.0,0.0,8767.71,56228.06,0.0,33282
5400,0.0,1547.81,0.0,0.0,0.0,4969.47,26176.65,0.0,0.0,1277.92,57403.75,0.0,31416
5401,0.0,6394.88,0.0,0.0,0.0,4969.47,18597.64,0.0,0.0,0.0,57403.75,0.0,29962
5402,0.0,8936.41,0.0,0.0,0.0,4969.47,15009.12,0.0,0.0,0.0,57403.75,0.0,28915
5403,0.0,9159.9,0.0,0.0,0.0,4969.47,14190.63,0.0,0.0,0.0,57403.75,0.0,28320
5404,0.0,7820.41,0.0,0.0,0.0,4969.47,15009.12,0.0,0.0,0.0,57403.75,0.0,27799
5405,0.0,6968.03,0.0,0.0,0.0,4969.47,15858.5,0.0,0.0,0.0,57403.75,0.0,27796
5406,0.0,8614.9,0.0,0.0,0.0,4969.47,14190.63,0.0,0.0,0.0,57403.75,0.0,27775
5407,0.0,10039.17,0.0,0.0,0.0,4969.47,12644.0,932.36,0.0,0.0,57403.75,0.0,28585
5408,0.0,11342.19,0.0,0.0,0.0,4969.47,13402.44,718.9,0.0,0.0,57403.75,0.0,30433
5409,0.0,7350.87,0.0,0.0,0.0,4969.47,14190.63,5532.03,0.0,0.0,57403.75,0.0,32043
5410,0.0,9694.16,0.0,0.0,0.0,4969.47,11914.72,16122.99,0.0,9147.34,65819.3,0.0,33554
5411,0.0,14541.24,0.0,0.0,0.0,4969.47,8685.83,22471.26,0.0,15413.8,80000.0,0.0,35254
5412,0.0,19388.31,0.0,0.0,0.0,4969.47,5230.28,3432.62,3451.32,0.0,76248.57,0.0,36472
5413,0.0,19388.31,0.0,0.0,0.0,4969.47,2839.61,4956.88,5129.72,0.0,70672.78,0.0,37284
5414,0.0,17991.08,0.0,0.0,0.0,4969.47,1489.34,15347.9,0.0,1920.79,72439.91,0.0,37877
5415,0.0,13144.0,0.0,0.0,0.0,4969.47,1317.67,24988.34,0.0,5827.48,77801.19,0.0,38592
5416,0.0,13173.85,0.0,0.0,0.0,4969.47,1675.31,21812.44,0.0,2156.07,79784.78,0.0,39475
5417,0.0,18020.93,0.0,0.0,0.0,4969.47,2573.58,15286.02,0.0,0.0,79784.78,0.0,40850
5418,0.0,19388.31,0.0,0.0,0.0,4969.47,4086.75,7358.16,5322.3,0.0,73999.67,0.0,41125
5419,0.0,19388.31,0.0,0.0,0.0,4969.47,6100.34,1746.49,8394.39,0.0,64875.33,0.0,40599
5420,0.0,19388.31,0.0,0.0,0.0,4969.47,7578.43,0.0,8027.78,0.0,56149.48,0.0,39964
5421,0.0,19388.31,0.0,0.0,0.0,4969.47,6569.4,0.0,8277.82,0.0,47151.85,0.0,39205
5422,0.0,19388.31,0.0,0.0,0.0,4969.47,4447.15,0.0,8477.07,0.0,37937.65,0.0,37282
5423,0.0,19388.31,0.0,0.0,0.0,4969.47,3425.44,0.0,6891.78,0.0,30446.59,0.0,34675
5424,0.0,19388.31,0.0,0.0,0.0,4969.47,4086.75,0.0,4138.46,0.0,25948.26,0.0,32583
5425,0.0,19388.31,0.0,0.0,0.0,4969.47,5230.28,0.0,1421.94,0.0,24402.68,0.0,31010
5426,0.0,18373.13,0.0,0.0,0.0,4969.47,6569.4,0.0,0.0,0.0,24402.68,0.0,29912
5427,0.0,19388.31,0.0,0.0,0.0,4969.47,7578.43,0.0,0.0,2539.22,26738.76,0.0,29397
5428,0.0,15640.69,0.0,0.0,0.0,4969.47,8685.83,0.0,0.0,0.0,26738.76,0.0,29296
5429,0.0,19388.31,0.0,0.0,0.0,4969.47,9277.85,0.0,0.0,3532.64,29988.78,0.0,30103
5430,0.0,16068.14,0.0,0.0,0.0,4969.47,10541.38,0.0,0.0,0.0,29988.78,0.0,31579
5431,0.0,19388.31,0.0,0.0,0.0,4969.47,10541.38,2417.57,0.0,3887.75,33565.51,0.0,33429
5432,0.0,19388.31,0.0,0.0,0.0,4969.47,8119.55,8080.19,0.0,4989.52,38155.87,0.0,35568
5433,0.0,16755.09,0.0,0.0,0.0,4969.47,5230.28,10147.16,0.0,0.0,38155.87,0.0,37102
5434,0.0,13144.0,0.0,0.0,0.0,4969.47,3746.37,20191.44,0.0,3618.29,41484.69,0.0,38433
5435,0.0,17991.08,0.0,0.0,0.0,4969.47,2573.58,21187.2,0.0,7419.33,48310.48,0.0,39302
5436,0.0,16023.7,0.0,0.0,0.0,4969.47,2092.42,26626.89,0.0,9277.48,56845.77,0.0,40435
5437,0.0,13144.0,0.0,0.0,0.0,4969.47,1876.14,30993.78,0.0,9392.39,65486.77,0.0,41591
5438,0.0,13144.0,0.0,0.0,0.0,4969.47,1675.31,29929.46,0.0,7318.24,72219.54,0.0,42400
5439,0.0,17991.08,0.0,0.0,0.0,4969.47,1675.31,27310.16,0.0,8457.02,80000.0,0.0,43489
5440,0.0,15609.18,0.0,0.0,0.0,4969.47,1489.34,22540.01,0.0,0.0,80000.0,0.0,44608
5441,0.0,19388.31,0.0,0.0,60.32,4969.47,1317.67,16199.84,4187.38,0.0,75448.5,0.0,46123
5442,0.0,19388.31,0.0,0.0,0.0,4969.47,1317.67,8136.84,12098.7,0.0,62297.74,0.0,45911
5443,0.0,19388.31,0.0,0.0,8341.01,4969.47,1489.34,1626.51,9220.36,0.0,52275.61,0.0,45035
5444,0.0,19388.31,0.0,0.0,8341.01,4969.47,2573.58,0.0,8458.63,0.0,43081.45,0.0,43731
5445,0.0,19388.31,0.0,0.0,0.0,4969.47,4086.75,0.0,14292.46,0.0,27546.17,0.0,42737
5446,0.0,19388.31,0.0,0.0,8341.01,4969.47,5654.16,0.0,1374.05,0.0,26052.63,0.0,39727
5447,0.0,19388.31,0.0,0.0,6444.88,4969.47,6100.34,0.0,0.0,0.0,26052.63,0.0,36903
5448,0.0,19388.31,0.0,0.0,4066.06,4969.47,5654.16,0.0,0.0,0.0,26052.63,0.0,34078
5449,0.0,19388.31,0.0,0.0,2878.94,4969.47,5230.28,0.0,0.0,0.0,26052.63,0.0,32467
5450,0.0,19388.31,0.0,0.0,2555.07,4969.47,4447.15,0.0,0.0,0.0,26052.63,0.0,31360
5451,0.0,19388.31,0.0,0.0,3041.78,4969.47,3425.44,0.0,0.0,0.0,26052.63,0.0,30825
5452,0.0,19388.31,0.0,0.0,3623.63,4969.47,2573.58,0.0,0.0,0.0,26052.63,0.0,30555
5453,0.0,19388.31,0.0,0.0,0.0,4969.47,2092.42,0.0,4667.8,0.0,20978.94,0.0,31118
5454,0.0,19388.31,0.0,0.0,0.0,4969.47,1675.31,0.0,6796.91,0.0,13591.0,0.0,32830
5455,0.0,19388.31,0.0,0.0,0.0,4969.47,1159.73,2072.61,7068.87,0.0,5907.44,0.0,34659
5456,0.0,19388.31,0.0,0.0,3950.23,4969.47,0.0,9450.98,0.0,0.0,5907.44,0.0,37759
5457,0.0,19388.31,0.0,0.0,0.0,4969.47,0.0,17228.02,0.0,2045.81,7789.58,0.0,39540
5458,0.0,19388.31,0.0,0.0,0.0,4969.47,0.0,23449.28,0.0,6881.06,14120.16,0.0,40926
5459,0.0,19388.31,0.0,0.0,0.0,4969.47,0.0,28346.12,0.0,10623.9,23894.15,0.0,42080
5460,0.0,19388.31,0.0,0.0,0.0,4969.47,0.0,31140.45,0.0,12519.23,35411.85,0.0,42979
5461,0.0,19388.31,0.0,0.0,0.0,4969.47,0.0,32096.69,0.0,12769.48,47159.77,0.0,43685
5462,0.0,19388.31,0.0,0.0,0.0,4969.47,0.0,30794.95,0.0,10856.73,57147.96,0.0,44296
5463,0.0,19388.31,0.0,0.0,0.0,4969.47,0.0,27679.45,0.0,7346.24,63906.5,0.0,44691
5464,0.0,19388.31,0.0,0.0,0.0,4969.47,0.0,22851.54,0.0,1279.32,65083.48,0.0,45930
5465,0.0,19388.31,0.0,0.0,5368.02,4969.47,0.0,16307.2,0.0,0.0,65083.48,0.0,46033
5466,0.0,19388.31,0.0,0.0,4691.82,4969.47,0.0,8143.0,8218.39,0.0,56150.44,0.0,45411
5467,0.0,19388.31,0.0,0.0,13032.82,4969.47,0.0,1594.92,5015.47,0.0,50698.84,0.0,44001
5468,0.0,19388.31,0.0,0.0,13032.82,4969.47,0.0,0.0,5752.39,0.0,44446.24,0.0,43143
5469,0.0,19388.31,0.0,0.0,13032.82,4969.47,0.0,0.0,5007.39,0.0,39003.43,0.0,42398
5470,0.0,19388.31,0.0,0.0,13032.82,4969.47,1159.73,0.0,1086.66,0.0,37822.28,0.0,39637
5471,0.0,19388.31,0.0,0.0,11420.48,4969.47,1159.73,0.0,0.0,0.0,37822.28,0.0,36938
5472,0.0,19388.31,0.0,0.0,10236.21,4969.47,0.0,0.0,0.0,0.0,37822.28,0.0,34594
5473,0.0,19388.31,0.0,0.0,8492.21,4969.47,0.0,0.0,0.0,0.0,37822.28,0.0,32850
5474,0.0,19388.31,0.0,0.0,7081.21,4969.47,0.0,0.0,0.0,0.0,37822.28,0.0,31439
5475,0.0,19388.31,0.0,0.0,6451.21,4969.47,0.0,0.0,0.0,0.0,37822.28,0.0,30809
5476,0.0,19388.31,0.0,0.0,0.0,4969.47,0.0,0.0,5837.21,0.0,31477.48,0.0,30195
5477,0.0,19388.31,0.0,0.0,6956.21,4969.47,0.0,0.0,0.0,0.0,31477.48,0.0,31314
5478,0.0,19388.31,0.0,0.0,8617.21,4969.47,0.0,0.0,0.0,0.0,31477.48,0.0,32975
5479,0.0,19388.31,0.0,0.0,276.21,4969.47,0.0,2387.92,7863.08,0.0,22930.65,0.0,34885
5480,0.0,19388.31,0.0,0.0,3093.13,4969.47,0.0,9139.09,0.0,0.0,22930.65,0.0,36590
5481,0.0,19388.31,0.0,0.0,0.0,4969.47,0.0,6189.54,7903.67,0.0,14339.7,0.0,38451
5482,0.0,19388.31,0.0,0.0,0.0,4969.47,0.0,23062.81,0.0,7338.6,21091.21,0.0,40082
5483,0.0,19388.31,0.0,0.0,0.0,4969.47,0.0,27891.92,0.0,10363.71,30625.82,0.0,41886
5484,0.0,19388.31,0.0,0.0,0.0,4969.47,0.0,30534.47,0.0,11479.25,41186.74,0.0,43413
5485,0.0,19388.31,0.0,0.0,0.0,4969.47,0.0,31187.26,0.0,11110.05,51407.98,0.0,44435
5486,0.0,19388.31,0.0,0.0,0.0,4969.47,0.0,29931.62,0.0,10170.4,60764.75,0.0,44119
5487,0.0,19388.31,0.0,0.0,0.0,4969.47,0.0,26689.99,0.0,6917.77,67129.11,0.0,44130
5488,0.0,19388.31,0.0,0.0,0.0,4969.47,0.0,21701.73,0.0,745.51,67814.98,0.0,45314
5489,0.0,19388.31,0.0,0.0,6314.47,4969.47,0.0,15130.74,0.0,0.0,67814.98,0.0,45803
5490,0.0,19388.31,0.0,0.0,13032.82,4969.47,0.0,7231.07,413.32,0.0,67365.72,0.0,45035
5491,0.0,19388.31,0.0,0.0,13032.82,4969.47,0.0,1633.21,5044.18,0.0,61882.92,0.0,44068
5492,0.0,19388.31,0.0,0.0,13032.82,4969.47,0.0,0.0,6186.39,0.0,55158.59,0.0,43577
5493,0.0,19388.31,0.0,0.0,13032.82,4969.47,0.0,0.0,5307.39,0.0,49389.68,0.0,42698
5494,0.0,19388.31,0.0,0.0,13032.82,4969.47,0.0,0.0,2543.39,0.0,46625.13,0.0,39934
5495,0.0,19388.31,0.0,0.0,12458.21,4969.47,0.0,0.0,0.0,0.0,46625.13,0.0,36816
5496,0.0,19388.31,0.0,0.0,9992.21,4969.47,0.0,0.0,0.0,0.0,46625.13,0.0,34350
5497,0.0,19388.31,0.0,0.0,8151.21,4969.47,0.0,0.0,0.0,0.0,46625.13,0.0,32509
5498,0.0,19388.31,0.0,0.0,6836.21,4969.47,0.0,0.0,0.0,0.0,46625.13,0.0,31194
5499,0.0,19388.31,0.0,0.0,4899.48,4969.47,1159.73,0.0,0.0,0.0,46625.13,0.0,30417
5500,0.0,19388.31,0.0,0.0,4665.54,4969.47,1317.67,0.0,0.0,0.0,46625.13,0.0,30341
5501,0.0,19388.31,0.0,0.0,5597.54,4969.47,1317.67,0.0,0.0,0.0,46625.13,0.0,31273
5502,0.0,19388.31,0.0,0.0,7658.48,4969.47,1159.73,0.0,0.0,0.0,46625.13,0.0,33176
5503,0.0,19388.31,0.0,0.0,9487.92,4969.47,0.0,1168.29,0.0,0.0,46625.13,0.0,35014
5504,0.0,19388.31,0.0,0.0,12501.31,4969.47,0.0,373.91,0.0,0.0,46625.13,0.0,37233
5505,0.0,19388.31,0.0,0.0,9382.65,4969.47,0.0,5195.56,0.0,0.0,46625.13,0.0,38936
5506,0.0,19388.31,0.0,0.0,11778.87,4969.47,0.0,4286.34,0.0,0.0,46625.13,0.0,40423
5507,0.0,19388.31,0.0,0.0,9665.77,4969.47,0.0,7952.44,0.0,0.0,46625.13,0.0,41976
5508,0.0,19388.31,0.0,0.0,3056.54,4969.47,0.0,4398.91,11451.77,0.0,34177.56,0.0,43265
5509,0.0,19388.31,0.0,0.0,11397.55,4969.47,0.0,8866.66,0.0,0.0,34177.56,0.0,44622
5510,0.0,19388.31,0.0,0.0,12717.4,4969.47,0.0,8468.81,0.0,0.0,34177.56,0.0,45544
5511,0.0,19388.31,0.0,0.0,7318.86,4969.47,0.0,14347.35,0.0,0.0,34177.56,0.0,46024
5512,0.0,19388.31,0.0,0.0,3981.6,4969.47,0.0,18558.61,0.0,0.0,34177.56,0.0,46898
5513,0.0,19388.31,0.0,0.0,9092.6,4969.47,0.0,14465.62,0.0,0.0,34177.56,0.0,47916
5514,0.0,19388.31,0.0,0.0,13032.82,4969.47,0.0,7225.15,2827.24,0.0,31104.47,0.0,47443
5515,0.0,19388.31,0.0,0.0,13032.82,4969.47,0.0,1588.98,7768.41,0.0,22660.55,0.0,46748
5516,0.0,19388.31,0.0,0.0,13032.82,4969.47,1159.73,0.0,7148.66,0.0,14890.27,0.0,45699
5517,0.0,19388.31,0.0,0.0,13032.82,4969.47,1317.67,0.0,5793.72,0.0,8592.75,0.0,44502
5518,0.0,19388.31,0.0,0.0,13032.82,4969.47,1489.34,0.0,2478.05,0.0,5899.22,0.0,41358
5519,0.0,19388.31,0.0,0.0,12163.91,4969.47,1675.31,0.0,0.0,0.0,5899.22,0.0,38197
5520,0.0,19388.31,0.0,0.0,9024.8,4969.47,2092.42,0.0,0.0,0.0,5899.22,0.0,35475
5521,0.0,19388.31,0.0,0.0,6601.51,4969.47,2324.71,0.0,0.0,0.0,5899.22,0.0,33284
5522,0.0,19388.31,0.0,0.0,5235.51,4969.47,2324.71,0.0,0.0,0.0,5899.22,0.0,31918
5523,0.0,19388.31,0.0,0.0,3971.6,4969.47,2839.61,0.0,0.0,0.0,5899.22,0.0,31169
5524,0.0,19388.31,0.0,0.0,3680.84,4969.47,3123.37,0.0,0.0,0.0,5899.22,0.0,31162
5525,0.0,19388.31,0.0,0.0,4102.78,4969.47,3425.44,0.0,0.0,0.0,5899.22,0.0,31886
5526,0.0,19388.31,0.0,0.0,6001.78,4969.47,3425.44,0.0,0.0,0.0,5899.22,0.0,33785
5527,0.0,19388.31,0.0,0.0,0.0,4969.47,3425.44,2352.5,5427.28,0.0,0.0,0.0,35563
5528,0.0,19388.31,0.0,0.0,758.69,4969.47,4086.75,8645.77,0.0,0.0,0.0,0.0,37849
5529,0.0,14541.24,0.0,0.0,0.0,4969.47,4828.13,16056.57,0.0,329.41,303.06,0.0,40066
5530,0.0,14541.24,0.0,0.0,0.0,4969.47,6100.34,19178.55,0.0,2938.59,3006.57,0.0,41851
5531,0.0,19388.31,0.0,0.0,0.0,4969.47,7578.43,25907.48,0.0,14199.7,16070.29,0.0,43644
5532,0.0,14541.24,0.0,0.0,0.0,4969.47,9277.85,28578.83,0.0,12213.39,27306.61,0.0,45154
5533,0.0,11647.79,0.0,0.0,0.0,4969.47,9896.18,28948.31,0.0,9188.75,35760.26,0.0,46273
5534,0.0,6800.71,0.0,0.0,0.0,4969.47,11214.04,30682.83,0.0,7080.06,42273.92,0.0,46587
5535,0.0,11647.79,0.0,0.0,0.0,4969.47,12644.0,27429.16,0.0,10984.42,52379.58,0.0,45706
5536,0.0,16494.87,0.0,0.0,0.0,4969.47,15858.5,22321.28,0.0,13648.11,64935.85,0.0,45996
5537,0.0,13144.0,0.0,0.0,0.0,4969.47,18597.64,15698.67,0.0,5661.79,70144.69,0.0,46748
5538,0.0,14833.78,0.0,0.0,0.0,4969.47,19576.27,7597.47,0.0,0.0,70144.69,0.0,46977
5539,0.0,19388.31,0.0,0.0,0.0,4969.47,18597.64,1384.53,2065.04,0.0,67900.08,0.0,46405
5540,0.0,19388.31,0.0,0.0,0.0,4969.47,16739.33,0.0,3943.89,0.0,63613.25,0.0,45041
5541,0.0,19388.31,0.0,0.0,0.0,4969.47,16739.33,0.0,2315.89,0.0,61095.99,0.0,43413
5542,0.0,19388.31,0.0,0.0,0.0,4969.47,16739.33,0.0,0.0,353.11,61420.85,0.0,40744
5543,0.0,16350.2,0.0,0.0,0.0,4969.47,16739.33,0.0,0.0,0.0,61420.85,0.0,38059
5544,0.0,19388.31,0.0,0.0,0.0,4969.47,15858.5,0.0,0.0,4927.28,65953.95,0.0,35289
5545,0.0,19388.31,0.0,0.0,0.0,4969.47,15009.12,0.0,0.0,5828.91,71316.54,0.0,33538
5546,0.0,19008.88,0.0,0.0,0.0,4969.47,13402.44,0.0,0.0,5425.8,76308.28,0.0,31955
5547,0.0,14161.8,0.0,0.0,0.0,4969.47,11914.72,0.0,0.0,0.0,76308.28,0.0,31046
5548,0.0,19008.88,0.0,0.0,0.0,4969.47,10541.38,0.0,0.0,4012.74,80000.0,0.0,30507
5549,0.0,17394.98,0.0,0.0,0.0,4969.47,8119.55,0.0,0.0,0.0,80000.0,0.0,30484
5550,0.0,19388.31,0.0,0.0,1248.94,4969.47,5230.28,0.0,0.0,0.0,80000.0,0.0,30837
5551,0.0,19388.31,0.0,0.0,0.0,4969.47,2573.58,1671.17,3253.47,0.0,76463.62,0.0,31856
5552,0.0,19388.31,0.0,0.0,600.69,4969.47,1489.34,404.53,7527.66,0.0,68281.39,0.0,34380
5553,0.0,19388.31,0.0,0.0,0.0,4969.47,0.0,554.65,12528.57,0.0,54663.38,0.0,37441
5554,0.0,19388.31,0.0,0.0,0.0,4969.47,0.0,4531.65,11088.56,0.0,42610.59,0.0,39978
5555,0.0,19388.31,0.0,0.0,0.0,4969.47,1317.67,8855.42,7604.12,0.0,34345.24,0.0,42135
5556,0.0,19388.31,0.0,0.0,7663.4,4969.47,1489.34,9754.47,0.0,0.0,34345.24,0.0,43265
5557,0.0,19388.31,0.0,0.0,0.0,4969.47,1317.67,32477.96,0.0,13947.42,47176.87,0.0,44206
5558,0.0,19388.31,0.0,0.0,0.0,4969.47,1489.34,31803.74,0.0,12685.87,58847.87,0.0,44965
5559,0.0,19388.31,0.0,0.0,0.0,4969.47,1876.14,29001.13,0.0,9887.06,67943.97,0.0,45348
5560,0.0,19388.31,0.0,0.0,0.0,4969.47,2092.42,24276.94,0.0,3909.14,71540.38,0.0,46818
5561,0.0,19388.31,0.0,0.0,0.0,4969.47,1675.31,17205.41,4155.49,0.0,67023.54,0.0,47394
5562,0.0,19388.31,0.0,0.0,8341.01,4969.47,1317.67,8190.57,4056.96,0.0,62613.79,0.0,46264
5563,0.0,19388.31,0.0,0.0,0.0,4969.47,1317.67,1315.37,17146.17,0.0,43976.66,0.0,44137
5564,0.0,19388.31,0.0,0.0,8341.01,4969.47,1876.14,0.0,9468.07,0.0,33685.28,0.0,44043
5565,0.0,19388.31,0.0,0.0,8341.01,4969.47,3123.37,0.0,7447.83,0.0,25589.81,0.0,43270
5566,0.0,19388.31,0.0,0.0,0.0,4969.47,4447.15,0.0,12103.07,0.0,12434.3,0.0,40908
5567,0.0,19388.31,0.0,0.0,8133.88,4969.47,6100.34,0.0,0.0,0.0,12434.3,0.0,38592
5568,0.0,19388.31,0.0,0.0,5720.88,4969.47,6100.34,0.0,0.0,0.0,12434.3,0.0,36179
5569,0.0,19388.31,0.0,0.0,0.0,4969.47,5230.28,0.0,4848.94,0.0,7163.72,0.0,34437
5570,0.0,19388.31,0.0,0.0,3780.08,4969.47,4828.13,0.0,0.0,0.0,7163.72,0.0,32966
5571,0.0,19388.31,0.0,0.0,2633.08,4969.47,4828.13,0.0,0.0,0.0,7163.72,0.0,31819
5572,0.0,19388.31,0.0,0.0,2828.46,4969.47,4086.75,0.0,0.0,0.0,7163.72,0.0,31273
5573,0.0,19388.31,0.0,0.0,0.0,4969.47,3746.37,0.0,2766.84,0.0,4156.28,0.0,30871
5574,0.0,19388.31,0.0,0.0,0.0,4969.47,3425.44,0.0,3823.78,0.0,0.0,0.0,31607
5575,0.0,19388.31,0.0,0.0,2054.12,4969.47,3425.44,2223.65,0.0,0.0,0.0,0.0,32061
5576,0.0,19388.31,0.0,0.0,0.0,4969.47,3746.37,10421.54,0.0,5031.69,4629.16,0.0,33494
5577,0.0,19388.31,0.0,0.0,0.0,4969.47,6100.34,19270.68,0.0,13685.8,17220.1,0.0,36043
5578,0.0,19388.31,0.0,0.0,0.0,4969.47,9277.85,20949.04,0.0,15838.68,31791.68,0.0,38746
5579,0.0,15218.97,0.0,0.0,0.0,4969.47,11214.04,10955.76,0.0,2523.25,34113.07,0.0,39835
5580,0.0,10371.89,0.0,0.0,0.0,4969.47,9896.18,33491.61,0.0,17983.15,50657.57,0.0,40746
5581,0.0,8296.92,0.0,0.0,0.0,4969.47,8119.55,34077.09,0.0,14869.04,64337.08,0.0,40594
5582,0.0,13144.0,0.0,0.0,0.0,4969.47,5654.16,25672.49,0.0,8661.12,72305.32,0.0,40779
5583,0.0,17991.08,0.0,0.0,0.0,4969.47,3425.44,17383.38,0.0,1855.36,74012.25,0.0,41914
5584,0.0,19388.31,0.0,0.0,0.0,4969.47,2092.42,23695.22,0.0,6508.42,80000.0,0.0,43637
5585,0.0,19388.31,0.0,0.0,0.0,4969.47,0.0,13708.86,6142.35,0.0,73323.53,0.0,44209
5586,0.0,19388.31,0.0,0.0,2776.64,4969.47,0.0,7989.4,8273.18,0.0,64330.95,0.0,43397
5587,0.0,19388.31,0.0,0.0,0.0,4969.47,0.0,1230.27,17388.94,0.0,45429.93,0.0,42977
5588,0.0,19388.31,0.0,0.0,8341.01,4969.47,0.0,0.0,9911.21,0.0,34656.88,0.0,42610
5589,0.0,19388.31,0.0,0.0,8341.01,4969.47,0.0,0.0,8541.21,0.0,25372.96,0.0,41240
5590,0.0,19388.31,0.0,0.0,0.0,4969.47,0.0,0.0,14603.21,0.0,9499.9,0.0,38961
5591,0.0,19388.31,0.0,0.0,8341.01,4969.47,1876.14,0.0,1952.07,0.0,7378.09,0.0,36527
5592,0.0,19388.31,0.0,0.0,0.0,4969.47,3123.37,0.0,6787.84,0.0,0.0,0.0,34269
5593,0.0,19388.31,0.0,0.0,3812.07,4969.47,4447.15,0.0,0.0,0.0,0.0,0.0,32617
5594,0.0,19388.31,0.0,0.0,1319.88,4969.47,6100.34,0.0,0.0,0.0,0.0,0.0,31778
5595,0.0,17400.69,0.0,0.0,0.0,4969.47,8685.83,0.0,0.0,0.0,0.0,0.0,31056
5596,0.0,19388.31,0.0,0.0,0.0,4969.47,11914.72,0.0,0.0,4884.51,4493.75,0.0,31388
5597,0.0,19388.31,0.0,0.0,0.0,4969.47,15009.12,0.0,0.0,6536.91,10507.7,0.0,32830
5598,0.0,19388.31,0.0,0.0,0.0,4969.47,15858.5,0.0,0.0,5301.28,15384.88,0.0,34915
5599,0.0,17991.08,0.0,0.0,0.0,4969.47,15858.5,2109.21,0.0,3690.26,18779.92,0.0,37238
5600,0.0,13144.0,0.0,0.0,0.0,4969.47,14190.63,10041.85,0.0,2830.95,21384.4,0.0,39515
5601,0.0,17991.08,0.0,0.0,0.0,4969.47,11214.04,18473.52,0.0,12271.12,32673.82,0.0,40377
5602,0.0,13144.0,0.0,0.0,0.0,4969.47,7578.43,24679.89,0.0,9346.8,41272.87,0.0,41025
5603,0.0,11387.14,0.0,0.0,0.0,4969.47,4447.15,29216.17,0.0,7679.93,48338.41,0.0,42340
5604,0.0,16234.22,0.0,0.0,0.0,4969.47,2573.58,31901.37,0.0,12332.64,59684.44,0.0,43346
5605,0.0,13144.0,0.0,0.0,0.0,4969.47,1876.14,32792.88,0.0,8276.49,67298.82,0.0,44506
5606,0.0,13144.0,0.0,0.0,0.0,4969.47,1489.34,31367.16,0.0,5893.97,72721.27,0.0,45076
5607,0.0,17991.08,0.0,0.0,0.0,4969.47,1317.67,28234.44,0.0,7911.66,80000.0,0.0,44601
5608,0.0,15481.32,0.0,0.0,0.0,4969.47,1317.67,23323.53,0.0,0.0,80000.0,0.0,45092
5609,0.0,19388.31,0.0,0.0,0.0,4969.47,1159.73,16524.59,3845.89,0.0,75819.69,0.0,45888
5610,0.0,19388.31,0.0,0.0,0.0,4969.47,0.0,7852.25,13209.97,0.0,61461.03,0.0,45420
5611,0.0,19388.31,0.0,0.0,7810.04,4969.47,0.0,1163.24,10962.93,0.0,49544.8,0.0,44294
5612,0.0,19388.31,0.0,0.0,4691.82,4969.47,0.0,0.0,14921.4,0.0,33325.89,0.0,43971
5613,0.0,19388.31,0.0,0.0,13032.82,4969.47,1159.73,0.0,4011.66,0.0,28965.39,0.0,42562
5614,0.0,19388.31,0.0,0.0,8341.01,4969.47,1159.73,0.0,6128.47,0.0,22304.0,0.0,39987
5615,0.0,19388.31,0.0,0.0,0.0,4969.47,1489.34,0.0,11510.87,0.0,9792.19,0.0,37358
5616,0.0,19388.31,0.0,0.0,8341.01,4969.47,1876.14,0.0,499.07,0.0,9249.72,0.0,35074
5617,0.0,19388.31,0.0,0.0,0.0,4969.47,2324.71,0.0,6873.51,0.0,1778.52,0.0,33556
5618,0.0,19388.31,0.0,0.0,4568.84,4969.47,3123.37,0.0,0.0,0.0,1778.52,0.0,32050
5619,0.0,19388.31,0.0,0.0,2560.07,4969.47,4447.15,0.0,0.0,0.0,1778.52,0.0,31365
5620,0.0,19388.31,0.0,0.0,0.0,4969.47,6100.34,0.0,744.88,0.0,968.87,0.0,31203
5621,0.0,19388.31,0.0,0.0,523.78,4969.47,7578.43,0.0,0.0,0.0,968.87,0.0,32460
5622,0.0,19388.31,0.0,0.0,0.0,4969.47,9277.85,0.0,891.36,0.0,0.0,0.0,34527
5623,0.0,18637.46,0.0,0.0,0.0,4969.47,10541.38,1975.68,0.0,0.0,0.0,0.0,36124
5624,0.0,14709.32,0.0,0.0,0.0,4969.47,10541.38,7956.82,0.0,0.0,0.0,0.0,38177
5625,0.0,13144.0,0.0,0.0,0.0,4969.47,10541.38,14495.17,0.0,3135.03,2884.23,0.0,40015
5626,0.0,17383.33,0.0,0.0,0.0,4969.47,11214.04,24458.52,0.0,16201.37,17789.49,0.0,41824
5627,0.0,12536.25,0.0,0.0,0.0,4969.47,12644.0,22663.43,0.0,9444.15,26478.11,0.0,43369
5628,0.0,7689.17,0.0,0.0,0.0,4969.47,14190.63,32093.04,0.0,14212.31,39553.43,0.0,44730
5629,0.0,2842.09,0.0,0.0,0.0,4969.47,15009.12,32695.47,0.0,10069.16,48817.06,0.0,45447
5630,0.0,7689.17,0.0,0.0,0.0,4969.47,14190.63,31382.16,0.0,12664.44,60468.34,0.0,45567
5631,0.0,12536.25,0.0,0.0,0.0,4969.47,12644.0,28071.4,0.0,12356.12,71835.97,0.0,45865
5632,0.0,13489.03,0.0,0.0,0.0,4969.47,11214.04,22921.08,0.0,5556.63,76948.07,0.0,47037
5633,0.0,18336.11,0.0,0.0,0.0,4969.47,9277.85,16031.56,0.0,0.0,76948.07,0.0,48615
5634,0.0,19388.31,0.0,0.0,0.0,4969.47,7578.43,7392.75,8903.04,0.0,67270.86,0.0,48232
5635,0.0,19388.31,0.0,0.0,0.0,4969.47,6100.34,1117.62,15618.26,0.0,50294.49,0.0,47194
5636,0.0,19388.31,0.0,0.0,0.0,4969.47,5230.28,0.0,16301.94,0.0,32574.99,0.0,45890
5637,0.0,19388.31,0.0,0.0,0.0,4969.47,4828.13,0.0,15108.08,0.0,16153.16,0.0,44294
5638,0.0,19388.31,0.0,0.0,0.0,4969.47,6100.34,0.0,10979.88,0.0,4218.52,0.0,41438
5639,0.0,19388.31,0.0,0.0,0.0,4969.47,9896.18,0.0,3881.04,0.0,0.0,0.0,38135
5640,0.0,14541.24,0.0,0.0,0.0,4969.47,18597.64,0.0,0.0,2893.35,2661.88,0.0,35215
5641,0.0,10489.6,0.0,0.0,0.0,4969.47,27403.48,0.0,0.0,9753.56,11635.15,0.0,33109
5642,0.0,5642.52,0.0,0.0,0.0,4969.47,29970.96,0.0,0.0,8710.96,19649.24,0.0,31872
5643,0.0,795.44,0.0,0.0,0.0,4969.47,29970.96,0.0,0.0,4483.88,23774.4,0.0,31252
5644,0.0,0.0,0.0,0.0,0.0,4969.47,29970.96,0.0,0.0,3725.43,27201.8,0.0,31215
5645,0.0,0.0,0.0,0.0,0.0,4969.47,28668.06,0.0,0.0,1617.54,28689.94,0.0,32020
5646,0.0,987.05,0.0,0.0,0.0,4969.47,27403.48,0.0,0.0,0.0,28689.94,0.0,33360
5647,0.0,1966.31,0.0,0.0,0.0,4969.47,26176.65,2120.57,0.0,0.0,28689.94,0.0,35233
5648,0.0,4847.08,0.0,0.0,0.0,4969.47,23833.93,9879.1,0.0,5881.58,34100.99,0.0,37648
5649,0.0,9694.16,0.0,0.0,0.0,4969.47,19576.27,18682.26,0.0,13412.16,46440.18,0.0,39510
5650,0.0,14541.24,0.0,0.0,0.0,4969.47,15009.12,25529.86,0.0,18733.69,63675.18,0.0,41316
5651,0.0,19388.31,0.0,0.0,0.0,4969.47,11214.04,7223.14,288.04,0.0,63362.09,0.0,43083
5652,0.0,14541.24,0.0,0.0,0.0,4969.47,9277.85,25674.2,0.0,9790.76,72369.6,0.0,44672
5653,0.0,9694.16,0.0,0.0,0.0,4969.47,9277.85,26131.65,0.0,3904.13,75961.4,0.0,46169
5654,0.0,10903.93,0.0,0.0,0.0,4969.47,10541.38,20350.22,0.0,0.0,75961.4,0.0,46765
5655,0.0,7334.89,0.0,0.0,0.0,4969.47,11914.72,24548.29,0.0,1361.37,77213.86,0.0,47406
5656,0.0,12181.96,0.0,0.0,0.0,4969.47,11214.04,23286.94,0.0,3028.42,80000.0,0.0,48624
5657,0.0,17029.04,0.0,0.0,0.0,4969.47,11214.04,16077.44,0.0,0.0,80000.0,0.0,49290
5658,0.0,19388.31,0.0,0.0,0.0,4969.47,12644.0,7390.91,4517.3,0.0,75089.89,0.0,48910
5659,0.0,19388.31,0.0,0.0,0.0,4969.47,15009.12,1151.26,7819.83,0.0,66590.07,0.0,48338
5660,0.0,19388.31,0.0,0.0,0.0,4969.47,15858.5,0.0,7247.72,0.0,58712.11,0.0,47464
5661,0.0,19388.31,0.0,0.0,0.0,4969.47,15009.12,0.0,6724.09,0.0,51403.32,0.0,46091
5662,0.0,19388.31,0.0,0.0,0.0,4969.47,15009.12,0.0,3617.09,0.0,47471.69,0.0,42984
5663,0.0,19388.31,0.0,0.0,0.0,4969.47,14190.63,0.0,1168.59,0.0,46201.49,0.0,39717
5664,0.0,19388.31,0.0,0.0,0.0,4969.47,13402.44,0.0,0.0,1106.23,47219.22,0.0,36654
5665,0.0,19388.31,0.0,0.0,0.0,4969.47,14190.63,0.0,0.0,3965.41,50867.4,0.0,34583
5666,0.0,19388.31,0.0,0.0,0.0,4969.47,14190.63,0.0,0.0,5742.41,56150.42,0.0,32806
5667,0.0,14541.24,0.0,0.0,0.0,4969.47,15009.12,0.0,0.0,2554.83,58500.86,0.0,31965
5668,0.0,18704.19,0.0,0.0,0.0,4969.47,14190.63,0.0,0.0,5639.29,63689.01,0.0,32225
5669,0.0,14356.08,0.0,0.0,0.0,4969.47,13402.44,0.0,0.0,0.0,63689.01,0.0,32728
5670,0.0,16641.53,0.0,0.0,0.0,4969.47,12644.0,0.0,0.0,0.0,63689.01,0.0,34255
5671,0.0,19117.65,0.0,0.0,0.0,4969.47,10541.38,1068.49,0.0,0.0,63689.01,0.0,35697
5672,0.0,19388.31,0.0,0.0,0.0,4969.47,9277.85,6562.55,0.0,1913.19,65449.14,0.0,38285
5673,0.0,19388.31,0.0,0.0,0.0,4969.47,8119.55,6521.14,582.53,0.0,64815.96,0.0,39581
5674,0.0,19388.31,0.0,0.0,0.0,4969.47,6100.34,13104.46,0.0,2947.58,67527.74,0.0,40615
5675,0.0,14541.24,0.0,0.0,0.0,4969.47,4086.75,23293.55,0.0,5494.01,72582.22,0.0,41397
5676,0.0,19388.31,0.0,0.0,0.0,4969.47,2573.58,20913.88,0.0,5323.25,77479.61,0.0,42522
5677,0.0,14541.24,0.0,0.0,0.0,4969.47,1675.31,25847.54,0.0,2739.55,80000.0,0.0,44294
5678,0.0,17370.7,0.0,0.0,0.0,4969.47,1159.73,21398.09,0.0,0.0,80000.0,0.0,44898
5679,0.0,19388.31,0.0,0.0,865.76,4969.47,0.0,20267.45,0.0,0.0,80000.0,0.0,45491
5680,0.0,19388.31,0.0,0.0,3469.69,4969.47,0.0,4167.12,13946.41,0.0,64840.86,0.0,45941
5681,0.0,19388.31,0.0,0.0,11810.7,4969.47,0.0,1495.34,8646.17,0.0,55442.85,0.0,46310
5682,0.0,19388.31,0.0,0.0,13032.82,4969.47,1159.73,2365.14,4098.52,0.0,50987.93,0.0,45014
5683,0.0,19388.31,0.0,0.0,13032.82,4969.47,1675.31,354.21,4852.88,0.0,45713.07,0.0,44273
5684,0.0,19388.31,0.0,0.0,13032.82,4969.47,1876.14,0.0,4969.25,0.0,40311.71,0.0,44236
5685,0.0,19388.31,0.0,0.0,4691.82,4969.47,1675.31,0.0,11996.09,0.0,27272.48,0.0,42721
5686,0.0,19388.31,0.0,0.0,13032.82,4969.47,1317.67,0.0,1820.72,0.0,25293.44,0.0,40529
5687,0.0,19388.31,0.0,0.0,11969.48,4969.47,1159.73,0.0,0.0,0.0,25293.44,0.0,37487
5688,0.0,19388.31,0.0,0.0,9965.54,4969.47,1317.67,0.0,0.0,0.0,25293.44,0.0,35641
5689,0.0,19388.31,0.0,0.0,8285.87,4969.47,1489.34,0.0,0.0,0.0,25293.44,0.0,34133
5690,0.0,19388.31,0.0,0.0,6759.07,4969.47,1876.14,0.0,0.0,0.0,25293.44,0.0,32993
5691,0.0,19388.31,0.0,0.0,5235.51,4969.47,2324.71,0.0,0.0,0.0,25293.44,0.0,31918
5692,0.0,19388.31,0.0,0.0,5051.63,4969.47,2573.58,0.0,0.0,0.0,25293.44,0.0,31983
5693,0.0,19388.31,0.0,0.0,5465.84,4969.47,3123.37,0.0,0.0,0.0,25293.44,0.0,32947
5694,0.0,19388.31,0.0,0.0,6614.84,4969.47,3746.37,0.0,0.0,0.0,25293.44,0.0,34719
5695,0.0,19388.31,0.0,0.0,7019.58,4969.47,3746.37,1583.26,0.0,0.0,25293.44,0.0,36707
5696,0.0,19388.31,0.0,0.0,6768.37,4969.47,3746.37,4330.47,0.0,0.0,25293.44,0.0,39203
5697,0.0,19388.31,0.0,0.0,1296.07,4969.47,3746.37,11304.77,0.0,0.0,25293.44,0.0,40705
5698,0.0,19388.31,0.0,0.0,0.0,4969.47,3123.37,20036.87,0.0,5999.03,30812.55,0.0,41519
5699,0.0,19388.31,0.0,0.0,7442.61,4969.47,2573.58,7392.03,0.0,0.0,30812.55,0.0,41766
5700,0.0,19388.31,0.0,0.0,0.0,4969.47,2573.58,3945.79,11278.85,0.0,18552.93,0.0,42156
5701,0.0,19388.31,0.0,0.0,0.0,4969.47,2573.58,20149.26,0.0,4041.62,22271.23,0.0,43039
5702,0.0,19388.31,0.0,0.0,0.0,4969.47,2573.58,26349.99,0.0,10394.35,31834.03,0.0,42887
5703,0.0,19388.31,0.0,0.0,8341.01,4969.47,3123.37,7105.24,130.59,0.0,31692.09,0.0,43058
5704,0.0,19388.31,0.0,0.0,11308.35,4969.47,3425.44,4637.43,0.0,0.0,31692.09,0.0,43729
5705,0.0,19388.31,0.0,0.0,11207.96,4969.47,4086.75,4660.5,0.0,0.0,31692.09,0.0,44313
5706,0.0,19388.31,0.0,0.0,3057.67,4969.47,4828.13,2431.03,8865.38,0.0,22055.8,0.0,43540
5707,0.0,19388.31,0.0,0.0,11398.68,4969.47,5654.16,576.38,0.0,0.0,22055.8,0.0,41987
5708,0.0,19388.31,0.0,0.0,11147.06,4969.47,5654.16,0.0,0.0,0.0,22055.8,0.0,41159
5709,0.0,19388.31,0.0,0.0,10228.94,4969.47,5230.28,0.0,0.0,0.0,22055.8,0.0,39817
5710,0.0,19388.31,0.0,0.0,8052.07,4969.47,4447.15,0.0,0.0,0.0,22055.8,0.0,36857
5711,0.0,19388.31,0.0,0.0,5397.07,4969.47,4447.15,0.0,0.0,0.0,22055.8,0.0,34202
5712,0.0,19388.31,0.0,0.0,0.0,4969.47,4447.15,0.0,3023.07,0.0,18769.86,0.0,31828
5713,0.0,19388.31,0.0,0.0,2205.46,4969.47,4086.75,0.0,0.0,0.0,18769.86,0.0,30650
5714,0.0,19388.31,0.0,0.0,0.0,4969.47,3746.37,0.0,1359.84,0.0,17291.77,0.0,29464
5715,0.0,19388.31,0.0,0.0,1433.84,4969.47,3123.37,0.0,0.0,0.0,17291.77,0.0,28915
5716,0.0,19388.31,0.0,0.0,1542.6,4969.47,2839.61,0.0,0.0,0.0,17291.77,0.0,28740
5717,0.0,19388.31,0.0,0.0,1870.63,4969.47,2573.58,0.0,0.0,0.0,17291.77,0.0,28802
5718,0.0,19388.31,0.0,0.0,2578.51,4969.47,2324.71,0.0,0.0,0.0,17291.77,0.0,29261
5719,0.0,19388.31,0.0,0.0,2162.88,4969.47,2092.42,1309.92,0.0,0.0,17291.77,0.0,29923
5720,0.0,19388.31,0.0,0.0,0.0,4969.47,1876.14,7002.25,0.0,1749.17,18901.0,0.0,31487
5721,0.0,19388.31,0.0,0.0,0.0,4969.47,1489.34,18108.93,0.0,11498.05,29479.21,0.0,32458
5722,0.0,19388.31,0.0,0.0,0.0,4969.47,1159.73,20189.04,0.0,12004.56,40523.41,0.0,33702
5723,0.0,19388.31,0.0,0.0,0.0,4969.47,1159.73,15514.72,0.0,6892.24,46864.27,0.0,34140
5724,0.0,19388.31,0.0,0.0,0.0,4969.47,1317.67,4982.22,4102.32,0.0,42405.23,0.0,34760
5725,0.0,19388.31,0.0,0.0,2999.41,4969.47,1489.34,6312.47,0.0,0.0,42405.23,0.0,35159
5726,0.0,19388.31,0.0,0.0,3206.83,4969.47,1489.34,6110.05,0.0,0.0,42405.23,0.0,35164
5727,0.0,19388.31,0.0,0.0,0.0,4969.47,1489.34,22849.61,0.0,12828.74,54207.67,0.0,35868
5728,0.0,19388.31,0.0,0.0,1973.19,4969.47,1317.67,10002.35,0.0,0.0,54207.67,0.0,37651
5729,0.0,19388.31,0.0,0.0,0.0,4969.47,1159.73,3616.18,10450.3,0.0,42848.65,0.0,39584
5730,0.0,19388.31,0.0,0.0,0.0,4969.47,0.0,3533.07,12115.14,0.0,29680.02,0.0,40006
5731,0.0,19388.31,0.0,0.0,8341.01,4969.47,1159.73,532.17,4787.3,0.0,24476.43,0.0,39178
5732,0.0,19388.31,0.0,0.0,0.0,4969.47,1489.34,0.0,11782.87,0.0,11668.95,0.0,37630
5733,0.0,19388.31,0.0,0.0,8341.01,4969.47,1675.31,0.0,2090.9,0.0,9396.24,0.0,36465
5734,0.0,19388.31,0.0,0.0,0.0,4969.47,1876.14,0.0,8109.07,0.0,582.03,0.0,34343
5735,0.0,19388.31,0.0,0.0,5406.51,4969.47,2324.71,0.0,0.0,0.0,582.03,0.0,32089
5736,0.0,19388.31,0.0,0.0,3085.6,4969.47,2839.61,0.0,0.0,0.0,582.03,0.0,30283
5737,0.0,19388.31,0.0,0.0,0.0,4969.47,4086.75,0.0,535.46,0.0,0.0,0.0,28980
5738,0.0,17401.37,0.0,0.0,0.0,4969.47,5654.16,0.0,0.0,0.0,0.0,0.0,28025
5739,0.0,19388.31,0.0,0.0,0.0,4969.47,5654.16,0.0,0.0,2713.94,2496.83,0.0,27298
5740,0.0,19388.31,0.0,0.0,0.0,4969.47,4447.15,0.0,0.0,1515.93,3891.49,0.0,27289
5741,0.0,18771.16,0.0,0.0,0.0,4969.47,3746.37,0.0,0.0,0.0,3891.49,0.0,27487
5742,0.0,18737.78,0.0,0.0,0.0,4969.47,4086.75,0.0,0.0,0.0,3891.49,0.0,27794
5743,0.0,16843.24,0.0,0.0,0.0,4969.47,4447.15,1963.14,0.0,0.0,3891.49,0.0,28223
5744,0.0,19388.31,0.0,0.0,0.0,4969.47,4447.15,9244.47,0.0,7948.41,11204.02,0.0,30101
5745,0.0,19388.31,0.0,0.0,0.0,4969.47,3746.37,17432.28,0.0,13355.44,23491.02,0.0,32181
5746,0.0,17188.99,0.0,0.0,0.0,4969.47,2573.58,24013.89,0.0,14815.94,37121.69,0.0,33930
5747,0.0,12341.91,0.0,0.0,0.0,4969.47,2092.42,21489.39,0.0,5074.19,41789.94,0.0,35819
5748,0.0,17188.99,0.0,0.0,0.0,4969.47,1675.31,22055.97,0.0,8271.74,49399.94,0.0,37618
5749,0.0,13144.0,0.0,0.0,0.0,4969.47,1489.34,32329.82,0.0,12821.64,61195.85,0.0,39111
5750,0.0,13144.0,0.0,0.0,0.0,4969.47,1489.34,30588.32,0.0,10042.14,70434.61,0.0,40149
5751,0.0,17991.08,0.0,0.0,0.0,4969.47,1675.31,27135.31,0.0,10397.16,80000.0,0.0,41374
5752,0.0,15025.21,0.0,0.0,0.0,4969.47,1876.14,21932.18,0.0,0.0,80000.0,0.0,43803
5753,0.0,19388.31,0.0,0.0,0.0,4969.47,2092.42,14997.82,4098.98,0.0,75544.59,0.0,45547
5754,0.0,19388.31,0.0,0.0,4544.75,4969.47,2324.71,5175.34,9349.41,0.0,65382.18,0.0,45752
5755,0.0,19388.31,0.0,0.0,12885.76,4969.47,2324.71,757.88,4772.87,0.0,60194.29,0.0,45099
5756,0.0,19388.31,0.0,0.0,13032.82,4969.47,2324.71,0.0,4398.68,0.0,55413.11,0.0,44114
5757,0.0,19388.31,0.0,0.0,13032.82,4969.47,2573.58,0.0,2301.81,0.0,52911.14,0.0,42266
5758,0.0,19388.31,0.0,0.0,12679.63,4969.47,2573.58,0.0,0.0,0.0,52911.14,0.0,39611
5759,0.0,19388.31,0.0,0.0,10130.63,4969.47,2573.58,0.0,0.0,0.0,52911.14,0.0,37062
5760,0.0,19388.31,0.0,0.0,7207.6,4969.47,2839.61,0.0,0.0,0.0,52911.14,0.0,34405
5761,0.0,19388.31,0.0,0.0,4420.84,4969.47,3746.37,0.0,0.0,0.0,52911.14,0.0,32525
5762,0.0,19388.31,0.0,0.0,2226.94,4969.47,5230.28,0.0,0.0,0.0,52911.14,0.0,31815
5763,0.0,19388.31,0.0,0.0,0.0,4969.47,7578.43,0.0,0.0,255.22,53145.94,0.0,31681
5764,0.0,19388.31,0.0,0.0,0.0,4969.47,9277.85,0.0,0.0,2335.64,55294.73,0.0,31300
5765,0.0,19388.31,0.0,0.0,0.0,4969.47,9277.85,0.0,0.0,1350.64,56537.32,0.0,32285
5766,0.0,19388.31,0.0,0.0,2204.66,4969.47,8119.55,0.0,0.0,0.0,56537.32,0.0,34682
5767,0.0,19388.31,0.0,0.0,6478.83,4969.47,6569.4,341.98,0.0,0.0,56537.32,0.0,37748
5768,0.0,19388.31,0.0,0.0,7897.27,4969.47,4447.15,4717.8,0.0,0.0,56537.32,0.0,41420
5769,0.0,19388.31,0.0,0.0,9337.76,4969.47,3123.37,6889.08,0.0,0.0,56537.32,0.0,43708
5770,0.0,19388.31,0.0,0.0,1804.9,4969.47,2573.58,17762.73,0.0,0.0,56537.32,0.0,46499
5771,0.0,19388.31,0.0,0.0,0.0,4969.47,1876.14,21761.08,418.99,0.0,56081.89,0.0,48414
5772,0.0,19388.31,0.0,0.0,8341.01,4969.47,1317.67,15437.3,201.24,0.0,55863.15,0.0,49655
5773,0.0,19388.31,0.0,0.0,0.0,4969.47,0.0,30072.25,0.0,4565.04,60062.99,0.0,49865
5774,0.0,19388.31,0.0,0.0,1440.0,4969.47,0.0,23693.22,0.0,0.0,60062.99,0.0,49491
5775,0.0,19388.31,0.0,0.0,4103.69,4969.47,0.0,20333.52,0.0,0.0,60062.99,0.0,48795
5776,0.0,19388.31,0.0,0.0,6030.54,4969.47,1159.73,17951.95,0.0,0.0,60062.99,0.0,49500
5777,0.0,19388.31,0.0,0.0,4691.82,4969.47,1876.14,4801.84,14723.42,0.0,44059.28,0.0,50451
5778,0.0,19388.31,0.0,0.0,13032.82,4969.47,2092.42,1315.22,8761.76,0.0,34535.63,0.0,49560
5779,0.0,19388.31,0.0,0.0,13032.82,4969.47,2324.71,136.29,8982.4,0.0,24772.15,0.0,48834
5780,0.0,19388.31,0.0,0.0,13032.82,4969.47,2839.61,0.0,9122.78,0.0,14856.09,0.0,49353
5781,0.0,19388.31,0.0,0.0,13032.82,4969.47,3123.37,0.0,7113.02,0.0,7124.55,0.0,47627
5782,0.0,19388.31,0.0,0.0,13032.82,4969.47,2839.61,0.0,4704.78,0.0,2010.66,0.0,44935
5783,0.0,19388.31,0.0,0.0,13032.82,4969.47,2573.58,0.0,1849.81,0.0,0.0,0.0,41814
5784,0.0,19388.31,0.0,0.0,11880.8,4969.47,2092.42,0.0,0.0,0.0,0.0,0.0,38331
5785,0.0,19388.31,0.0,0.0,8683.84,4969.47,3123.37,0.0,0.0,0.0,0.0,0.0,36165
5786,0.0,19388.31,0.0,0.0,3486.31,4969.47,7061.9,0.0,0.0,0.0,0.0,0.0,34906
5787,0.0,16330.53,0.0,0.0,0.0,4969.47,12644.0,0.0,0.0,0.0,0.0,0.0,33944
5788,0.0,11483.45,0.0,0.0,0.0,4969.47,18597.64,0.0,0.0,1355.57,1247.12,0.0,33695
5789,0.0,9074.89,0.0,0.0,0.0,4969.47,20588.64,0.0,0.0,0.0,1247.12,0.0,34633
5790,0.0,12440.59,0.0,0.0,0.0,4969.47,20588.64,0.0,0.0,1291.71,2435.49,0.0,36707
5791,0.0,8410.09,0.0,0.0,0.0,4969.47,22716.9,1059.89,2240.65,0.0,0.0,0.0,39397
5792,0.0,3563.01,0.0,0.0,0.0,4969.47,29970.96,3396.55,0.0,0.0,0.0,0.0,41900
5793,0.0,0.0,0.0,0.0,0.0,4969.47,38625.05,6353.97,0.0,7282.49,6699.89,0.0,42666
5794,0.0,0.0,0.0,0.0,0.0,4969.47,40212.19,13383.45,0.0,15344.12,20816.48,0.0,43221
5795,0.0,0.0,0.0,0.0,0.0,4815.44,37080.24,21761.32,0.0,20000.0,39216.48,0.0,43657
5796,0.0,0.0,0.0,0.0,0.0,4969.47,34413.96,21868.63,0.0,17392.06,55217.17,0.0,43860
5797,0.0,0.0,0.0,0.0,0.0,4969.47,31312.75,11243.21,0.0,3835.43,58745.77,0.0,43690
5798,0.0,0.0,0.0,0.0,0.0,4969.47,24986.99,28554.01,0.0,14719.47,72287.68,0.0,43791
5799,0.0,0.0,0.0,0.0,0.0,4969.47,21635.33,25313.16,0.0,8382.95,80000.0,0.0,43535
5800,0.0,4684.61,0.0,0.0,0.0,831.85,18597.64,20234.9,0.0,0.0,80000.0,0.0,44349
5801,0.0,9531.68,0.0,0.0,0.0,4969.47,15858.5,7796.98,7487.36,0.0,71861.56,0.0,45644
5802,0.0,14378.76,0.0,0.0,0.0,4969.47,14190.63,5921.43,6099.7,0.0,65231.45,0.0,45560
5803,0.0,19225.84,0.0,0.0,0.0,4969.47,11914.72,574.13,7339.83,0.0,57253.37,0.0,44024
5804,0.0,19388.31,0.0,0.0,0.0,4969.47,9277.85,0.0,9987.36,0.0,46397.54,0.0,43623
5805,0.0,19388.31,0.0,0.0,0.0,4969.47,6569.4,0.0,10556.82,0.0,34922.74,0.0,41484
5806,0.0,19388.31,0.0,0.0,0.0,4969.47,5230.28,0.0,9174.94,0.0,24949.98,0.0,38763
5807,0.0,19388.31,0.0,0.0,0.0,4969.47,4447.15,0.0,7063.07,0.0,17272.74,0.0,35868
5808,0.0,19388.31,0.0,0.0,0.0,4969.47,3425.44,0.0,5848.78,0.0,10915.37,0.0,33632
5809,0.0,19388.31,0.0,0.0,0.0,4969.47,2839.61,0.0,4451.6,0.0,6076.67,0.0,31649
5810,0.0,19388.31,0.0,0.0,0.0,4969.47,3123.37,0.0,3048.84,0.0,2762.71,0.0,30530
5811,0.0,19388.31,0.0,0.0,0.0,4969.47,4086.75,0.0,1349.46,0.0,1295.91,0.0,29794
5812,0.0,19388.31,0.0,0.0,0.0,4969.47,5230.28,0.0,108.94,0.0,1177.5,0.0,29697
5813,0.0,19388.31,0.0,0.0,0.0,4969.47,6100.34,0.0,0.0,182.12,1345.05,0.0,30276
5814,0.0,19388.31,0.0,0.0,0.0,4969.47,7061.9,0.0,787.31,0.0,489.28,0.0,32207
5815,0.0,19388.31,0.0,0.0,0.0,4969.47,7578.43,1730.64,450.14,0.0,0.0,0.0,34117
5816,0.0,14541.24,0.0,0.0,0.0,4969.47,9896.18,8251.44,0.0,2086.32,1919.42,0.0,35572
5817,0.0,19388.31,0.0,0.0,0.0,4969.47,8685.83,15925.02,0.0,12353.64,13284.76,0.0,36615
5818,0.0,14541.24,0.0,0.0,0.0,4969.47,3746.37,22279.35,0.0,8128.43,20762.92,0.0,37408
5819,0.0,19388.31,0.0,0.0,0.0,4969.47,1317.67,12579.77,560.77,0.0,20153.38,0.0,38816
5820,0.0,14541.24,0.0,0.0,0.0,4969.47,0.0,29389.9,0.0,9526.61,28917.86,0.0,39374
5821,0.0,11452.44,0.0,0.0,0.0,4969.47,1159.73,30074.34,0.0,7714.99,36015.65,0.0,39941
5822,0.0,16299.52,0.0,0.0,0.0,4969.47,0.0,28090.57,0.0,8749.56,44065.25,0.0,40610
5823,0.0,11452.44,0.0,0.0,0.0,4969.47,0.0,24613.08,0.0,0.0,44065.25,0.0,41035
5824,0.0,15812.35,0.0,0.0,0.0,4969.47,1317.67,19451.5,0.0,0.0,44065.25,0.0,41551
5825,0.0,19388.31,0.0,0.0,0.0,4969.47,2573.58,12892.47,3257.17,0.0,40524.85,0.0,43081
5826,0.0,19388.31,0.0,0.0,0.0,4969.47,4828.13,5489.12,8525.96,0.0,31257.5,0.0,43201
5827,0.0,19388.31,0.0,0.0,0.0,4969.47,7061.9,392.02,11243.29,0.0,19036.54,0.0,43055
5828,0.0,19388.31,0.0,0.0,0.0,4969.47,8685.83,0.0,9700.38,0.0,8492.65,0.0,42744
5829,0.0,19388.31,0.0,0.0,0.0,4969.47,11214.04,0.0,5643.17,0.0,2358.77,0.0,41215
5830,0.0,18551.41,0.0,0.0,0.0,4969.47,15009.12,0.0,0.0,0.0,2358.77,0.0,38530
5831,0.0,13704.33,0.0,0.0,0.0,4969.47,16739.33,0.0,0.0,97.13,2448.13,0.0,35316
5832,0.0,13906.96,0.0,0.0,0.0,4969.47,17652.19,0.0,0.0,4031.62,6157.22,0.0,32497
5833,0.0,9059.89,0.0,0.0,0.0,5076.79,16739.33,0.0,0.0,0.0,6157.22,0.0,30876
5834,0.0,13144.0,0.0,0.0,0.0,5076.79,16739.33,0.0,0.0,5060.11,10812.53,0.0,29900
5835,0.0,17991.08,0.0,0.0,0.0,5076.79,16739.33,0.0,0.0,10184.19,20181.98,0.0,29623
5836,0.0,13144.0,0.0,0.0,0.0,5076.79,16739.33,0.0,0.0,5378.11,25129.85,0.0,29582
5837,0.0,8466.89,0.0,0.0,0.0,5076.79,16739.33,0.0,0.0,0.0,25129.85,0.0,30283
5838,0.0,10231.89,0.0,0.0,0.0,5076.79,16739.33,0.0,0.0,0.0,25129.85,0.0,32048
5839,0.0,8704.87,0.0,0.0,0.0,5076.79,17652.19,1714.16,0.0,0.0,25129.85,0.0,33148
5840,0.0,10668.97,0.0,0.0,0.0,5076.79,17652.19,9393.93,0.0,8321.88,32785.98,0.0,34470
5841,0.0,5821.9,0.0,0.0,0.0,5076.79,15858.5,17877.38,0.0,9516.56,41541.21,0.0,35118
5842,0.0,4847.08,0.0,0.0,0.0,5076.79,12644.0,24293.97,0.0,11554.84,52171.66,0.0,35307
5843,0.0,0.0,0.0,0.0,0.0,5076.79,9277.85,28676.34,0.0,6710.97,58345.76,0.0,36320
5844,0.0,0.0,0.0,0.0,0.0,5076.79,6100.34,31255.58,0.0,5554.71,63456.09,0.0,36878
5845,0.0,0.0,0.0,0.0,0.0,5076.79,4086.75,31800.53,0.0,3553.07,66724.91,0.0,37411
5846,0.0,4847.08,0.0,0.0,0.0,5076.79,2839.61,30363.24,0.0,5152.72,71465.41,0.0,37974
5847,0.0,9694.16,0.0,0.0,0.0,5076.79,2324.71,27091.95,0.0,5501.6,76526.89,0.0,38686
5848,0.0,14541.24,0.0,0.0,0.0,5076.79,2092.42,22151.69,0.0,3775.12,80000.0,0.0,40087
5849,0.0,19388.31,0.0,0.0,0.0,5076.79,1876.14,15197.29,356.47,0.0,79612.53,0.0,41895
5850,0.0,19388.31,0.0,0.0,0.0,5076.79,1876.14,6434.18,9908.58,0.0,68842.33,0.0,42684
5851,0.0,19388.31,0.0,0.0,0.0,5076.79,2573.58,372.29,15026.03,0.0,52509.7,0.0,42437
5852,0.0,19388.31,0.0,0.0,0.0,5076.79,3425.44,0.0,13360.46,0.0,37987.45,0.0,41251
5853,0.0,19388.31,0.0,0.0,0.0,5076.79,4447.15,0.0,11086.75,0.0,25936.63,0.0,39999
5854,0.0,19388.31,0.0,0.0,0.0,5076.79,5654.16,0.0,7549.74,0.0,17730.39,0.0,37669
5855,0.0,19388.31,0.0,0.0,0.0,5076.79,6569.4,0.0,4288.5,0.0,13068.98,0.0,35323
5856,0.0,19388.31,0.0,0.0,0.0,5076.79,7578.43,0.0,894.47,0.0,12096.73,0.0,32938
5857,0.0,17596.66,0.0,0.0,0.0,5076.79,8119.55,0.0,0.0,0.0,12096.73,0.0,30793
5858,0.0,19352.27,0.0,0.0,0.0,5076.79,8685.83,0.0,0.0,2972.89,14831.78,0.0,30142
5859,0.0,16045.38,0.0,0.0,0.0,5076.79,8685.83,0.0,0.0,0.0,14831.78,0.0,29808
5860,0.0,19388.31,0.0,0.0,0.0,5076.79,8685.83,0.0,0.0,3481.93,18035.16,0.0,29669
5861,0.0,19388.31,0.0,0.0,0.0,5076.79,8685.83,0.0,0.0,2749.93,20565.1,0.0,30401
5862,0.0,18494.38,0.0,0.0,0.0,5076.79,8685.83,0.0,0.0,0.0,20565.1,0.0,32257
5863,0.0,19388.31,0.0,0.0,0.0,5076.79,8119.55,1647.95,0.0,420.6,20952.06,0.0,33812
5864,0.0,19388.31,0.0,0.0,0.0,5076.79,6100.34,9261.46,0.0,3975.9,24609.89,0.0,35851
5865,0.0,17991.08,0.0,0.0,0.0,5076.79,4447.15,17595.87,0.0,7090.88,31133.5,0.0,38020
5866,0.0,13144.0,0.0,0.0,0.0,5076.79,3425.44,23406.63,0.0,5863.85,36528.25,0.0,39189
5867,0.0,13144.0,0.0,0.0,0.0,5076.79,2573.58,27766.88,0.0,8551.24,44395.39,0.0,40010
5868,0.0,13144.0,0.0,0.0,0.0,5076.79,2092.42,30331.31,0.0,9349.51,52996.94,0.0,41295
5869,0.0,13144.0,0.0,0.0,0.0,5076.79,2092.42,31146.67,0.0,9026.87,61301.66,0.0,42433
5870,0.0,17991.08,0.0,0.0,0.0,5076.79,1876.14,29956.24,0.0,11515.25,71895.69,0.0,43385
5871,0.0,19388.31,0.0,0.0,0.0,5076.79,1876.14,26752.79,0.0,8809.03,80000.0,0.0,44285
5872,0.0,16561.05,0.0,0.0,0.0,5076.79,2092.42,21710.75,0.0,0.0,80000.0,0.0,45441
5873,0.0,19388.31,0.0,0.0,0.0,5076.79,2573.58,14728.7,4801.62,0.0,74780.84,0.0,46569
5874,0.0,19388.31,0.0,0.0,0.0,5076.79,3425.44,6146.35,11934.11,0.0,61808.98,0.0,45971
5875,0.0,19388.31,0.0,0.0,0.0,5076.79,4447.15,343.35,15230.4,0.0,45254.2,0.0,44486
5876,0.0,19388.31,0.0,0.0,0.0,5076.79,4828.13,0.0,14140.77,0.0,29883.8,0.0,43434
5877,0.0,19388.31,0.0,0.0,0.0,5076.79,4828.13,0.0,12373.77,0.0,16434.05,0.0,41667
5878,0.0,19388.31,0.0,0.0,7821.33,5076.79,4447.15,0.0,2365.42,0.0,13862.94,0.0,39099
5879,0.0,19388.31,0.0,0.0,0.0,5076.79,4086.75,0.0,7542.15,0.0,5664.95,0.0,36094
5880,0.0,19388.31,0.0,0.0,0.0,5076.79,4447.15,0.0,5211.75,0.0,0.0,0.0,34124
5881,0.0,19388.31,0.0,0.0,2520.62,5076.79,5230.28,0.0,0.0,0.0,0.0,0.0,32216
5882,0.0,19388.31,0.0,0.0,478.56,5076.79,6100.34,0.0,0.0,0.0,0.0,0.0,31044
5883,0.0,17811.78,0.0,0.0,0.0,5076.79,7578.43,0.0,0.0,0.0,0.0,0.0,30467
5884,0.0,16901.66,0.0,0.0,0.0,5076.79,8119.55,0.0,0.0,0.0,0.0,0.0,30098
5885,0.0,19388.31,0.0,0.0,0.0,5076.79,8685.83,0.0,0.0,3169.93,2916.34,0.0,29981
5886,0.0,19388.31,0.0,0.0,0.0,5076.79,8119.55,0.0,0.0,2020.65,4775.34,0.0,30564
5887,0.0,18909.82,0.0,0.0,0.0,5076.79,7578.43,1653.43,0.0,1888.46,6512.72,0.0,31330
5888,0.0,19388.31,0.0,0.0,0.0,5076.79,6100.34,9056.25,0.0,6065.69,12093.15,0.0,33556
5889,0.0,19388.31,0.0,0.0,0.0,5076.79,4086.75,17370.05,0.0,9444.9,20782.46,0.0,36477
5890,0.0,19388.31,0.0,0.0,0.0,5076.79,2573.58,23387.72,0.0,11661.41,31510.95,0.0,38765
5891,0.0,19388.31,0.0,0.0,0.0,5076.79,2092.42,27481.05,0.0,13163.57,43621.44,0.0,40875
5892,0.0,19388.31,0.0,0.0,0.0,5076.79,1876.14,29650.22,0.0,13542.46,56080.5,0.0,42449
5893,0.0,14541.24,0.0,0.0,0.0,5076.79,1675.31,30114.48,0.0,8289.81,63707.12,0.0,43118
5894,0.0,19388.31,0.0,0.0,0.0,5076.79,2324.71,28216.47,0.0,11035.28,73859.58,0.0,43971
5895,0.0,14541.24,0.0,0.0,0.0,5076.79,3425.44,24950.01,0.0,3314.47,76908.89,0.0,44679
5896,0.0,19388.31,0.0,0.0,0.0,5076.79,4828.13,19887.67,0.0,3359.9,80000.0,0.0,45821
5897,0.0,19388.31,0.0,0.0,0.0,5076.79,6100.34,13067.25,3309.31,0.0,76402.92,0.0,46942
5898,0.0,19388.31,0.0,0.0,0.0,5076.79,7578.43,4801.6,9923.87,0.0,65616.11,0.0,46769
5899,0.0,19388.31,0.0,0.0,0.0,5076.79,7578.43,358.43,13126.04,0.0,51348.67,0.0,45528
5900,0.0,19388.31,0.0,0.0,4064.73,5076.79,6569.4,0.0,9605.77,0.0,40907.62,0.0,44705
5901,0.0,19388.31,0.0,0.0,0.0,5076.79,5654.16,0.0,12663.74,0.0,27142.68,0.0,42783
5902,0.0,19388.31,0.0,0.0,0.0,5076.79,4828.13,0.0,11665.77,0.0,14462.5,0.0,40959
5903,0.0,19388.31,0.0,0.0,0.0,5076.79,4447.15,0.0,9277.75,0.0,4377.98,0.0,38190
5904,0.0,19388.31,0.0,0.0,6234.77,5076.79,4828.13,0.0,0.0,0.0,4377.98,0.0,35528
5905,0.0,19388.31,0.0,0.0,0.0,5076.79,5654.16,0.0,4027.74,0.0,0.0,0.0,34147
5906,0.0,19388.31,0.0,0.0,1898.5,5076.79,6569.4,0.0,0.0,0.0,0.0,0.0,32933
5907,0.0,18942.78,0.0,0.0,0.0,5076.79,7578.43,0.0,0.0,0.0,0.0,0.0,31598
5908,0.0,17440.38,0.0,0.0,0.0,5076.79,8685.83,0.0,0.0,0.0,0.0,0.0,31203
5909,0.0,14719.17,0.0,0.0,0.0,5076.79,11214.04,0.0,0.0,0.0,0.0,0.0,31010
5910,0.0,13422.21,0.0,0.0,0.0,5076.79,12644.0,0.0,0.0,0.0,0.0,0.0,31143
5911,0.0,10903.36,0.0,0.0,0.0,5076.79,14190.63,1484.22,0.0,0.0,0.0,0.0,31655
5912,0.0,8316.66,0.0,0.0,0.0,5076.79,14190.63,5445.93,0.0,0.0,0.0,0.0,33030
5913,0.0,4127.29,0.0,0.0,0.0,5076.79,12644.0,11966.93,0.0,0.0,0.0,0.0,33815
5914,0.0,0.0,0.0,0.0,0.0,5076.79,14190.63,18665.03,0.0,3183.45,2928.77,0.0,34749
5915,0.0,0.0,0.0,0.0,0.0,5076.79,16739.33,25197.2,0.0,11750.32,13739.06,0.0,35263
5916,0.0,0.0,0.0,0.0,0.0,5076.79,17652.19,27794.65,0.0,15091.62,27623.36,0.0,35432
5917,0.0,0.0,0.0,0.0,0.0,5076.79,15858.5,25651.25,0.0,11934.53,38603.13,0.0,34652
5918,0.0,0.0,0.0,0.0,0.0,5076.79,12644.0,22085.9,0.0,5648.68,43799.92,0.0,34158
5919,0.0,3737.15,0.0,0.0,0.0,5076.79,11914.72,13072.34,0.0,0.0,43799.92,0.0,33801
5920,0.0,1763.15,0.0,0.0,0.0,5076.79,10541.38,19249.45,0.0,2255.77,45875.23,0.0,34375
5921,0.0,6610.23,0.0,0.0,0.0,5076.79,9277.85,6864.43,7237.7,0.0,38008.16,0.0,35067
5922,0.0,11457.31,0.0,0.0,0.0,5076.79,9277.85,2937.12,6299.93,0.0,31160.41,0.0,35049
5923,0.0,16304.39,0.0,0.0,0.0,5076.79,9277.85,186.13,4353.84,0.0,26427.97,0.0,35199
5924,0.0,18843.17,0.0,0.0,0.0,5076.79,11214.04,0.0,0.0,0.0,26427.97,0.0,35134
5925,0.0,17201.49,0.0,0.0,0.0,5076.79,11914.72,0.0,0.0,0.0,26427.97,0.0,34193
5926,0.0,17393.83,0.0,0.0,0.0,5076.79,10541.38,0.0,0.0,0.0,26427.97,0.0,33012
5927,0.0,17081.36,0.0,0.0,0.0,5076.79,9277.85,0.0,0.0,0.0,26427.97,0.0,31436
5928,0.0,17177.78,0.0,0.0,0.0,5076.79,7578.43,0.0,0.0,0.0,26427.97,0.0,29833
5929,0.0,18333.94,0.0,0.0,0.0,5076.79,5230.28,0.0,0.0,0.0,26427.97,0.0,28641
5930,0.0,19309.78,0.0,0.0,0.0,5076.79,3425.44,0.0,0.0,0.0,26427.97,0.0,27812
5931,0.0,19388.31,0.0,0.0,0.0,5076.79,1876.14,0.0,1028.76,0.0,25309.76,0.0,27370
5932,0.0,19388.31,0.0,0.0,0.0,5076.79,0.0,0.0,2779.9,0.0,22288.13,0.0,27245
5933,0.0,19388.31,0.0,0.0,0.0,5076.79,0.0,0.0,2906.9,0.0,19128.45,0.0,27372
5934,0.0,19388.31,0.0,0.0,0.0,5076.79,1317.67,0.0,2470.23,0.0,16443.42,0.0,28253
5935,0.0,17828.32,0.0,0.0,0.0,5076.79,5230.28,558.62,0.0,0.0,16443.42,0.0,28694
5936,0.0,13620.18,0.0,0.0,0.0,5076.79,7578.43,2256.96,1503.64,0.0,14809.03,0.0,30036
5937,0.0,8773.1,0.0,0.0,0.0,5076.79,7578.43,824.02,9329.66,0.0,4668.09,0.0,31582
5938,0.0,3926.02,0.0,0.0,0.0,5076.79,8685.83,14495.36,0.0,0.0,4668.09,0.0,32184
5939,0.0,8773.1,0.0,0.0,0.0,5076.79,10541.38,4213.09,4294.64,0.0,0.0,0.0,32899
5940,0.0,7313.03,0.0,0.0,0.0,5076.79,11214.04,9569.15,0.0,0.0,0.0,0.0,33173
5941,0.0,9742.27,0.0,0.0,0.0,5076.79,11914.72,6209.22,0.0,0.0,0.0,0.0,32943
5942,0.0,9969.61,0.0,0.0,0.0,5076.79,13402.44,4745.16,0.0,0.0,0.0,0.0,33194
5943,0.0,5749.07,0.0,0.0,0.0,5076.79,16739.33,6182.81,0.0,0.0,0.0,0.0,33748
5944,0.0,2125.93,0.0,0.0,0.0,5076.79,21635.33,6279.96,0.0,0.0,0.0,0.0,35118
5945,0.0,5916.44,0.0,0.0,0.0,5076.79,24986.99,964.79,0.0,0.0,0.0,0.0,36945
5946,0.0,5742.83,0.0,0.0,0.0,5076.79,26176.65,255.73,0.0,0.0,0.0,0.0,37252
5947,0.0,5873.57,0.0,0.0,0.0,5076.79,26176.65,0.0,0.0,0.0,0.0,0.0,37127
5948,0.0,6011.57,0.0,0.0,0.0,5076.79,26176.65,0.0,0.0,0.0,0.0,0.0,37265
5949,0.0,2992.73,0.0,0.0,0.0,5076.79,27403.48,0.0,0.0,0.0,0.0,0.0,35473
5950,0.0,868.73,0.0,0.0,0.0,5076.79,27403.48,0.0,0.0,0.0,0.0,0.0,33349
5951,0.0,0.0,0.0,0.0,0.0,5076.79,26627.21,0.0,0.0,0.0,0.0,0.0,31704
5952,0.0,0.0,0.0,0.0,0.0,5076.79,28668.06,0.0,0.0,3828.85,3522.54,0.0,29916
5953,0.0,0.0,0.0,0.0,0.0,5076.79,31312.75,0.0,0.0,7652.54,10562.88,0.0,28737
5954,0.0,0.0,0.0,0.0,0.0,5076.79,34115.28,0.0,0.0,10990.07,20673.74,0.0,28202
5955,0.0,0.0,0.0,0.0,0.0,5076.79,38625.05,0.0,0.0,16193.84,35572.07,0.0,27508
5956,0.0,0.0,0.0,0.0,0.0,5076.79,41842.22,0.0,0.0,19130.01,53171.68,0.0,27789
5957,0.0,0.0,0.0,0.0,0.0,5076.79,38022.33,0.0,0.0,14341.12,66365.51,0.0,28758
5958,0.0,0.0,0.0,0.0,0.0,5076.79,35577.17,0.0,0.0,9284.96,74907.67,0.0,31369
5959,0.0,0.0,0.0,0.0,0.0,5076.79,34115.28,51.07,0.0,5535.14,80000.0,0.0,33708
5960,0.0,0.0,0.0,0.0,0.0,5076.79,29970.96,88.25,0.0,0.0,80000.0,0.0,35136
5961,0.0,2829.67,0.0,0.0,0.0,5076.79,26176.65,890.87,1170.02,0.0,78728.24,0.0,36144
5962,0.0,6543.65,0.0,0.0,0.0,5076.79,19576.27,6682.64,0.0,1382.35,80000.0,0.0,36497
5963,0.0,11390.73,0.0,0.0,0.0,5076.79,11914.72,1051.66,7146.1,0.0,72232.5,0.0,36580
5964,0.0,16237.81,0.0,0.0,0.0,5076.79,6569.4,5693.67,3835.34,0.0,68063.65,0.0,37413
5965,0.0,11390.73,0.0,0.0,0.0,5076.79,3746.37,25641.52,0.0,8149.4,75561.1,0.0,37706
5966,0.0,14541.24,0.0,0.0,0.0,5076.79,2324.71,21204.16,0.0,4824.89,80000.0,0.0,38322
5967,0.0,19388.31,0.0,0.0,0.0,5076.79,1489.34,9935.06,4065.49,0.0,75580.98,0.0,39955
5968,0.0,18980.94,0.0,0.0,0.0,5076.79,0.0,21865.55,0.0,4803.28,80000.0,0.0,41120
5969,0.0,19388.31,0.0,0.0,0.0,5076.79,0.0,14756.66,3040.24,0.0,76695.39,0.0,42262
5970,0.0,19388.31,0.0,0.0,1501.7,5076.79,1489.34,5757.35,8953.5,0.0,66963.32,0.0,42167
5971,0.0,19388.31,0.0,0.0,0.0,5076.79,2324.71,278.47,14466.72,0.0,51238.62,0.0,41535
5972,0.0,19388.31,0.0,0.0,8341.01,5076.79,4447.15,0.0,3744.75,0.0,47168.24,0.0,40998
5973,0.0,19388.31,0.0,0.0,8341.01,5076.79,6569.4,0.0,136.5,0.0,47019.88,0.0,39512
5974,0.0,19388.31,0.0,0.0,0.0,5076.79,7061.9,0.0,5383.0,0.0,41168.8,0.0,36910
5975,0.0,19388.31,0.0,0.0,3033.0,5076.79,7061.9,0.0,0.0,0.0,41168.8,0.0,34560
5976,0.0,19388.31,0.0,0.0,149.47,5076.79,7578.43,0.0,0.0,0.0,41168.8,0.0,32193
5977,0.0,19388.31,0.0,0.0,0.0,5076.79,6569.4,0.0,0.0,244.5,41393.74,0.0,30790
5978,0.0,19388.31,0.0,0.0,0.0,5076.79,5654.16,0.0,0.0,316.26,41684.69,0.0,29803
5979,0.0,19388.31,0.0,0.0,0.0,5076.79,4828.13,0.0,0.0,445.23,42094.31,0.0,28848
5980,0.0,19388.31,0.0,0.0,313.75,5076.79,4447.15,0.0,0.0,0.0,42094.31,0.0,29226
5981,0.0,19388.31,0.0,0.0,1438.15,5076.79,4086.75,0.0,0.0,0.0,42094.31,0.0,29990
5982,0.0,19388.31,0.0,0.0,4456.53,5076.79,3746.37,0.0,0.0,0.0,42094.31,0.0,32668
5983,0.0,19388.31,0.0,0.0,0.0,5076.79,3123.37,303.21,7205.32,0.0,34262.44,0.0,35097
5984,0.0,19388.31,0.0,0.0,8341.01,5076.79,2324.71,262.07,378.12,0.0,33851.44,0.0,35771
5985,0.0,19388.31,0.0,0.0,8048.79,5076.79,1675.31,1786.81,0.0,0.0,33851.44,0.0,35976
5986,0.0,19388.31,0.0,0.0,2744.09,5076.79,1317.67,1826.38,6259.75,0.0,27047.36,0.0,36613
5987,0.0,19388.31,0.0,0.0,11085.1,5076.79,0.0,1878.8,0.0,0.0,27047.36,0.0,37429
5988,0.0,19388.31,0.0,0.0,8341.01,5076.79,0.0,2161.06,3538.83,0.0,23200.8,0.0,38506
5989,0.0,19388.31,0.0,0.0,0.0,5076.79,0.0,6595.5,8054.4,0.0,14446.01,0.0,39115
5990,0.0,19388.31,0.0,0.0,0.0,5076.79,0.0,19585.75,0.0,4713.85,18782.75,0.0,39337
5991,0.0,19388.31,0.0,0.0,2462.75,5076.79,0.0,12986.15,0.0,0.0,18782.75,0.0,39914
5992,0.0,19388.31,0.0,0.0,0.0,5076.79,1876.14,20706.42,0.0,5244.66,23607.84,0.0,41803
5993,0.0,19388.31,0.0,0.0,3135.13,5076.79,2839.61,13252.16,0.0,0.0,23607.84,0.0,43692
5994,0.0,19388.31,0.0,0.0,10702.54,5076.79,3123.37,5146.98,0.0,0.0,23607.84,0.0,43438
5995,0.0,19388.31,0.0,0.0,4691.82,5076.79,3425.44,239.28,9491.37,0.0,13291.13,0.0,42313
5996,0.0,19388.31,0.0,0.0,13032.82,5076.79,4086.75,0.0,610.33,0.0,12627.73,0.0,42195
5997,0.0,19388.31,0.0,0.0,8341.01,5076.79,4447.15,0.0,3278.75,0.0,9063.88,0.0,40532
5998,0.0,19388.31,0.0,0.0,0.0,5076.79,4828.13,0.0,8338.77,0.0,0.0,0.0,37632
5999,0.0,19388.31,0.0,0.0,6236.15,5076.79,4086.75,0.0,0.0,0.0,0.0,0.0,34788
6000,0.0,19388.31,0.0,0.0,3907.53,5076.79,3746.37,0.0,0.0,0.0,0.0,0.0,32119
6001,0.0,19388.31,0.0,0.0,1556.77,5076.79,4828.13,0.0,0.0,0.0,0.0,0.0,30850
6002,0.0,19388.31,0.0,0.0,0.0,5076.79,7578.43,0.0,0.0,2125.53,1955.49,0.0,29918
6003,0.0,19388.31,0.0,0.0,0.0,5076.79,10541.38,0.0,0.0,5445.49,6965.34,0.0,29561
6004,0.0,19388.31,0.0,0.0,0.0,5076.79,11914.72,0.0,0.0,6664.82,13096.97,0.0,29715
6005,0.0,19388.31,0.0,0.0,0.0,5076.79,11914.72,0.0,0.0,5792.82,18426.37,0.0,30587
6006,0.0,17243.83,0.0,0.0,0.0,5076.79,10541.38,0.0,0.0,0.0,18426.37,0.0,32862
6007,0.0,19388.31,0.0,0.0,0.0,5076.79,9277.85,1369.46,0.0,303.41,18705.51,0.0,34809
6008,0.0,19388.31,0.0,0.0,0.0,5076.79,6569.4,8779.0,0.0,4204.49,22573.65,0.0,35609
6009,0.0,19388.31,0.0,0.0,0.0,5076.79,4447.15,17452.82,0.0,9854.06,31639.38,0.0,36511
6010,0.0,19388.31,0.0,0.0,0.0,5076.79,4447.15,24191.43,0.0,15595.68,45987.41,0.0,37508
6011,0.0,19388.31,0.0,0.0,0.0,5076.79,3746.37,20716.05,0.0,10118.52,55296.45,0.0,38809
6012,0.0,18049.56,0.0,0.0,0.0,5076.79,2092.42,31587.6,0.0,16973.36,70911.94,0.0,39833
6013,0.0,19388.31,0.0,0.0,0.0,5076.79,1317.67,11779.59,3026.64,0.0,67622.11,0.0,40589
6014,0.0,19135.21,0.0,0.0,0.0,5076.79,1317.67,15733.33,0.0,0.0,67622.11,0.0,41263
6015,0.0,19388.31,0.0,0.0,0.0,5076.79,1876.14,14996.4,1076.36,0.0,66452.16,0.0,42414
6016,0.0,19388.31,0.0,0.0,0.0,5076.79,2092.42,8970.07,8655.41,0.0,57044.1,0.0,44183
6017,0.0,19388.31,0.0,0.0,0.0,5076.79,2092.42,9611.92,9344.57,0.0,46886.96,0.0,45514
6018,0.0,19388.31,0.0,0.0,0.0,5076.79,2839.61,3189.77,14911.51,0.0,30678.8,0.0,45406
6019,0.0,19388.31,0.0,0.0,0.0,5076.79,7061.9,114.27,12668.72,0.0,16908.45,0.0,44310
6020,0.0,19388.31,0.0,0.0,0.0,5076.79,15009.12,0.0,3887.78,0.0,12682.6,0.0,43362
6021,0.0,19388.31,0.0,0.0,0.0,5076.79,21635.33,0.0,0.0,4456.43,16782.51,0.0,41644
6022,0.0,14541.24,0.0,0.0,0.0,5076.79,20588.64,0.0,0.0,1554.66,18212.8,0.0,38652
6023,0.0,19388.31,0.0,0.0,0.0,5076.79,17652.19,0.0,0.0,6632.29,24314.51,0.0,35485
6024,0.0,19388.31,0.0,0.0,0.0,5076.79,12644.0,0.0,0.0,3696.1,27714.92,0.0,33413
6025,0.0,18401.66,0.0,0.0,0.0,5076.79,8119.55,0.0,0.0,0.0,27714.92,0.0,31598
6026,0.0,19388.31,0.0,0.0,0.0,5076.79,5230.28,0.0,797.62,0.0,26847.94,0.0,30493
6027,0.0,19388.31,0.0,0.0,0.0,5076.79,3746.37,0.0,1559.53,0.0,25152.8,0.0,29771
6028,0.0,19388.31,0.0,0.0,0.0,5076.79,4086.75,0.0,1041.15,0.0,24021.11,0.0,29593
6029,0.0,19388.31,0.0,0.0,0.0,5076.79,5230.28,0.0,730.62,0.0,23226.96,0.0,30426
6030,0.0,19388.31,0.0,0.0,0.0,5076.79,4086.75,0.0,4220.15,0.0,18639.84,0.0,32772
6031,0.0,19388.31,0.0,0.0,0.0,5076.79,3123.37,895.14,6198.39,0.0,11902.46,0.0,34682
6032,0.0,19388.31,0.0,0.0,0.0,5076.79,3425.44,6700.14,1272.32,0.0,10519.51,0.0,35863
6033,0.0,19388.31,0.0,0.0,0.0,5076.79,3425.44,9067.9,103.57,0.0,10406.93,0.0,37062
6034,0.0,14541.24,0.0,0.0,0.0,5076.79,3123.37,25068.72,0.0,9601.11,19239.95,0.0,38209
6035,0.0,17991.08,0.0,0.0,0.0,5076.79,2839.61,30095.44,0.0,16850.92,34742.8,0.0,39152
6036,0.0,13144.0,0.0,0.0,0.0,5076.79,3746.37,32860.97,0.0,14561.13,48139.04,0.0,40267
6037,0.0,17991.08,0.0,0.0,0.0,5076.79,4828.13,17923.17,0.0,4621.17,52390.51,0.0,41198
6038,0.0,13144.0,0.0,0.0,0.0,5076.79,6100.34,31161.09,0.0,13409.21,64726.99,0.0,42073
6039,0.0,17991.08,0.0,0.0,0.0,5076.79,6569.4,15502.91,0.0,2013.17,66579.1,0.0,43127
6040,0.0,15696.32,0.0,0.0,0.0,5076.79,7578.43,16542.46,0.0,0.0,66579.1,0.0,44894
6041,0.0,19388.31,0.0,0.0,0.0,5076.79,9896.18,7999.71,3592.02,0.0,62674.74,0.0,45953
6042,0.0,19388.31,0.0,0.0,0.0,5076.79,12644.0,2509.9,6108.0,0.0,56035.61,0.0,45727
6043,0.0,19388.31,0.0,0.0,0.0,5076.79,15009.12,199.69,5012.09,0.0,50587.69,0.0,44686
6044,0.0,19388.31,0.0,0.0,0.0,5076.79,16739.33,0.0,2475.57,0.0,47896.85,0.0,43680
6045,0.0,19388.31,0.0,0.0,0.0,5076.79,15858.5,0.0,789.4,0.0,47038.8,0.0,41113
6046,0.0,19388.31,0.0,0.0,0.0,5076.79,10541.38,0.0,3670.51,0.0,43049.11,0.0,38677
6047,0.0,19388.31,0.0,0.0,0.0,5076.79,6569.4,0.0,4756.5,0.0,37879.0,0.0,35791
6048,0.0,19388.31,0.0,0.0,0.0,5076.79,5654.16,0.0,3826.74,0.0,33719.5,0.0,33946
6049,0.0,19388.31,0.0,0.0,0.0,5076.79,7061.9,0.0,548.0,0.0,33123.85,0.0,32075
6050,0.0,19388.31,0.0,0.0,0.0,5076.79,7578.43,0.0,0.0,1308.53,34327.7,0.0,30735
6051,0.0,19388.31,0.0,0.0,0.0,5076.79,6569.4,0.0,0.0,1095.5,35335.56,0.0,29939
6052,0.0,19388.31,0.0,0.0,0.0,5076.79,4447.15,0.0,1185.75,0.0,34046.69,0.0,30098
6053,0.0,19388.31,0.0,0.0,0.0,5076.79,2573.58,0.0,3002.32,0.0,30783.3,0.0,30041
6054,0.0,19388.31,0.0,0.0,0.0,5076.79,1489.34,0.0,4602.56,0.0,25780.52,0.0,30557
6055,0.0,19388.31,0.0,0.0,0.0,5076.79,0.0,1329.32,5939.58,0.0,19324.46,0.0,31734
6056,0.0,19388.31,0.0,0.0,0.0,5076.79,0.0,9231.1,0.0,352.2,19648.48,0.0,33344
6057,0.0,19388.31,0.0,0.0,0.0,5076.79,0.0,18265.32,0.0,6964.42,26055.75,0.0,35766
6058,0.0,19388.31,0.0,0.0,0.0,5076.79,0.0,24932.48,0.0,11864.58,36971.17,0.0,37533
6059,0.0,19388.31,0.0,0.0,0.0,5076.79,0.0,29656.11,0.0,14325.21,50150.36,0.0,39796
6060,0.0,14541.24,0.0,0.0,0.0,5076.79,0.0,32440.31,0.0,10899.33,60177.75,0.0,41159
6061,0.0,17410.66,0.0,0.0,0.0,5076.79,0.0,32900.21,0.0,13100.65,72230.35,0.0,42287
6062,0.0,14541.24,0.0,0.0,0.0,5076.79,0.0,31490.25,0.0,8445.27,80000.0,0.0,42663
6063,0.0,19388.31,0.0,0.0,0.0,5076.79,0.0,18259.97,336.93,0.0,79633.78,0.0,43062
6064,0.0,16260.89,0.0,0.0,0.0,5076.79,0.0,22364.39,0.0,398.07,80000.0,0.0,43304
6065,0.0,19388.31,0.0,0.0,0.0,5076.79,0.0,14565.66,5208.24,0.0,74338.87,0.0,44239
6066,0.0,19388.31,0.0,0.0,0.0,5076.79,0.0,5285.91,14238.99,0.0,58861.7,0.0,43990
6067,0.0,19388.31,0.0,0.0,8218.79,5076.79,0.0,0.0,10627.11,0.0,47310.5,0.0,43311
6068,0.0,19388.31,0.0,0.0,0.0,5076.79,1317.67,0.0,16945.23,0.0,28891.77,0.0,42728
6069,0.0,19388.31,0.0,0.0,0.0,5076.79,1489.34,0.0,14551.56,0.0,13074.86,0.0,40506
6070,0.0,19388.31,0.0,0.0,8341.01,5076.79,1675.31,0.0,3346.59,0.0,9437.27,0.0,37828
6071,0.0,19388.31,0.0,0.0,0.0,5076.79,2839.61,0.0,8682.29,0.0,0.0,0.0,35987
6072,0.0,19388.31,0.0,0.0,4306.77,5076.79,4828.13,0.0,0.0,0.0,0.0,0.0,33600
6073,0.0,19388.31,0.0,0.0,1459.56,5076.79,6100.34,0.0,0.0,0.0,0.0,0.0,32025
6074,0.0,19388.31,0.0,0.0,0.0,5076.79,7061.9,0.0,0.0,395.0,363.4,0.0,31132
6075,0.0,17591.35,0.0,0.0,0.0,5076.79,8685.83,0.0,0.0,1105.97,1380.9,0.0,30248
6076,0.0,12744.27,0.0,0.0,0.0,5076.79,11214.04,0.0,606.9,0.0,721.22,0.0,29642
6077,0.0,7897.19,0.0,0.0,0.0,5076.79,15858.5,0.0,663.52,0.0,0.0,0.0,29496
6078,0.0,3050.11,0.0,0.0,0.0,5076.79,21955.1,0.0,0.0,0.0,0.0,0.0,30082
6079,0.0,0.0,0.0,0.0,0.0,5076.79,29970.96,19.44,0.0,4696.19,4320.49,0.0,30371
6080,0.0,0.0,0.0,0.0,0.0,5076.79,35182.53,9028.99,0.0,16784.3,19762.05,0.0,32504
6081,0.0,0.0,0.0,0.0,0.0,5076.79,31449.43,17534.78,0.0,20000.0,38162.05,0.0,34061
6082,0.0,0.0,0.0,0.0,0.0,702.79,40067.51,374.74,0.0,5476.03,43200.0,0.0,35669
6083,0.0,0.0,0.0,0.0,0.0,0.0,8920.83,28035.17,0.0,0.0,43200.0,0.0,36956
6084,0.0,0.0,0.0,0.0,0.0,4374.0,27577.73,26220.27,0.0,20000.0,61600.0,0.0,38172
6085,0.0,0.0,0.0,0.0,0.0,702.79,15665.19,22630.02,0.0,0.0,61600.0,0.0,38998
6086,0.0,0.0,0.0,0.0,0.0,5076.79,5117.69,29636.52,0.0,0.0,61600.0,0.0,39831
6087,0.0,0.0,0.0,0.0,0.0,5076.79,12913.23,21837.99,0.0,0.0,61600.0,0.0,39828
6088,0.0,0.0,0.0,0.0,0.0,5076.79,36334.24,19113.97,0.0,20000.0,80000.0,0.0,40525
6089,0.0,0.0,0.0,0.0,0.0,702.79,29235.73,11991.49,0.0,0.0,80000.0,0.0,41930
6090,0.0,0.0,0.0,0.0,0.0,0.0,41807.0,0.0,0.0,0.0,80000.0,0.0,41807
6091,0.0,0.0,0.0,0.0,0.0,4374.0,36843.0,0.0,0.0,0.0,80000.0,0.0,41217
6092,0.0,0.0,0.0,0.0,0.0,5076.79,35981.21,0.0,0.0,0.0,80000.0,0.0,41058
6093,0.0,0.0,0.0,0.0,0.0,702.79,38203.21,0.0,0.0,0.0,80000.0,0.0,38906
6094,0.0,0.0,0.0,0.0,0.0,5076.79,31526.21,0.0,0.0,0.0,80000.0,0.0,36603
6095,0.0,0.0,0.0,0.0,0.0,702.79,33762.21,0.0,0.0,0.0,80000.0,0.0,34465
6096,0.0,0.0,0.0,0.0,0.0,4374.0,28349.0,0.0,0.0,0.0,80000.0,0.0,32723
6097,0.0,0.0,0.0,0.0,0.0,0.0,31600.0,0.0,0.0,0.0,80000.0,0.0,31600
6098,0.0,0.0,0.0,0.0,0.0,4374.0,26345.0,0.0,0.0,0.0,80000.0,0.0,30719
6099,0.0,0.0,0.0,0.0,0.0,5076.79,25098.21,0.0,0.0,0.0,80000.0,0.0,30175
6100,0.0,0.0,0.0,0.0,0.0,702.79,29555.21,0.0,0.0,0.0,80000.0,0.0,30258
6101,0.0,0.0,0.0,0.0,0.0,5076.79,26292.21,0.0,0.0,0.0,80000.0,0.0,31369
6102,0.0,0.0,0.0,0.0,0.0,702.79,33425.21,0.0,0.0,0.0,80000.0,0.0,34128
6103,0.0,0.0,0.0,0.0,0.0,5076.79,31359.39,501.82,0.0,0.0,80000.0,0.0,36938
6104,0.0,0.0,0.0,0.0,0.0,702.79,17799.21,0.0,20000.0,0.0,58260.87,0.0,38502
6105,0.0,0.0,0.0,0.0,0.0,702.79,18320.21,0.0,20000.0,0.0,36521.74,0.0,39023
6106,0.0,0.0,0.0,0.0,0.0,5076.79,34684.21,0.0,0.0,0.0,36521.74,0.0,39761
6107,0.0,0.0,0.0,0.0,0.0,5076.79,44950.51,3366.17,0.0,13401.46,48851.08,0.0,39992
6108,0.0,0.0,0.0,0.0,0.0,5076.79,44950.51,6723.43,0.0,16211.72,63765.87,0.0,40539
6109,0.0,0.0,0.0,0.0,0.0,5076.79,29767.7,6247.51,0.0,0.0,63765.87,0.0,41092
6110,0.0,0.0,0.0,0.0,0.0,5076.79,43515.71,6289.1,0.0,13445.6,76135.82,0.0,41436
6111,0.0,0.0,0.0,0.0,0.0,5076.79,35577.17,4994.24,0.0,4200.2,80000.0,0.0,41448
6112,0.0,3275.68,0.0,0.0,0.0,5076.79,29970.96,3968.58,0.0,0.0,80000.0,0.0,42292
6113,0.0,0.0,0.0,0.0,0.0,5076.79,27403.48,9049.02,1943.71,0.0,77887.27,0.0,43473
6114,0.0,4847.08,0.0,0.0,0.0,5076.79,24986.99,2511.76,5653.39,0.0,71742.28,0.0,43076
6115,0.0,9694.16,0.0,0.0,0.0,5076.79,23833.93,0.0,3864.13,0.0,67542.14,0.0,42469
6116,0.0,5828.73,0.0,0.0,0.0,5076.79,21635.33,0.0,9389.16,0.0,57336.53,0.0,41930
6117,0.0,10675.81,0.0,0.0,0.0,5076.79,19576.27,0.0,4580.14,0.0,52358.13,0.0,39909
6118,0.0,15522.89,0.0,0.0,0.0,5076.79,16739.33,0.0,0.0,0.0,52358.13,0.0,37339
6119,0.0,10675.81,0.0,0.0,0.0,5076.79,15858.5,0.0,2975.91,0.0,49123.44,0.0,34587
6120,0.0,12312.09,0.0,0.0,0.0,5076.79,15009.12,0.0,0.0,0.0,49123.44,0.0,32398
6121,0.0,7465.02,0.0,0.0,0.0,5076.79,15009.12,0.0,3555.08,0.0,45259.22,0.0,31106
6122,0.0,9206.72,0.0,0.0,0.0,5076.79,15858.5,0.0,0.0,0.0,45259.22,0.0,30142
6123,0.0,6928.14,0.0,0.0,0.0,5076.79,15009.12,0.0,2546.96,0.0,42490.79,0.0,29561
6124,0.0,11775.21,0.0,0.0,0.0,5076.79,12644.0,0.0,0.0,0.0,42490.79,0.0,29496
6125,0.0,12605.5,0.0,0.0,0.0,5076.79,11214.04,0.0,1344.68,0.0,41029.19,0.0,30241
6126,0.0,17452.57,0.0,0.0,0.0,5076.79,9277.85,0.0,985.79,0.0,39957.68,0.0,32793
6127,0.0,12605.5,0.0,0.0,0.0,5076.79,10541.38,250.17,6695.17,0.0,32680.32,0.0,35169
6128,0.0,7758.42,0.0,0.0,0.0,5076.79,15009.12,1171.38,7599.3,0.0,24420.21,0.0,36615
6129,0.0,2911.34,0.0,0.0,0.0,5076.79,22716.9,3122.11,3209.87,0.0,20931.23,0.0,37037
6130,0.0,0.0,0.0,0.0,0.0,5076.79,27403.48,4340.07,433.66,0.0,20459.86,0.0,37254
6131,0.0,0.0,0.0,0.0,0.0,5076.79,32694.0,5849.28,0.0,5785.06,25782.12,0.0,37835
6132,0.0,0.0,0.0,0.0,0.0,5076.79,38625.05,5404.77,0.0,11672.61,36520.92,0.0,37434
6133,0.0,0.0,0.0,0.0,0.0,5076.79,37080.24,4770.54,0.0,10005.57,45726.04,0.0,36922
6134,0.0,0.0,0.0,0.0,0.0,5076.79,28668.06,5533.23,0.0,2589.08,48107.99,0.0,36689
6135,0.0,4847.08,0.0,0.0,0.0,5076.79,17652.19,2412.95,7363.99,0.0,40103.65,0.0,37353
6136,0.0,9694.16,0.0,0.0,0.0,5076.79,14190.63,1276.93,8316.5,0.0,31063.98,0.0,38555
6137,0.0,13144.0,0.0,0.0,0.0,5076.79,17652.19,1515.3,2363.73,0.0,28494.71,0.0,39752
6138,0.0,11185.79,0.0,0.0,0.0,5076.79,21635.33,1635.1,0.0,0.0,28494.71,0.0,39533
6139,0.0,13144.0,0.0,0.0,0.0,5076.79,20588.64,0.0,333.57,0.0,28132.13,0.0,39143
6140,0.0,8296.92,0.0,0.0,0.0,5076.79,16739.33,0.0,9216.96,0.0,18113.7,0.0,39330
6141,0.0,3449.84,0.0,0.0,0.0,5076.79,17652.19,0.0,11149.18,0.0,5995.02,0.0,37328
6142,0.0,4847.08,0.0,0.0,0.0,5076.79,21635.33,0.0,3470.81,0.0,2222.4,0.0,35030
6143,0.0,0.0,0.0,0.0,0.0,5076.79,27403.48,0.0,0.0,234.27,2437.93,0.0,32246
6144,0.0,0.0,0.0,0.0,0.0,5076.79,38625.05,0.0,0.0,13400.84,14766.7,0.0,30301
6145,0.0,0.0,0.0,0.0,0.0,5076.79,44401.21,0.0,0.0,20000.0,33166.7,0.0,29478
6146,0.0,0.0,0.0,0.0,0.0,5076.79,43319.21,0.0,0.0,20000.0,51566.7,0.0,28396
6147,0.0,0.0,0.0,0.0,0.0,5076.79,38625.05,0.0,0.0,15570.84,65891.87,0.0,28131
6148,0.0,0.0,0.0,0.0,0.0,5076.79,34115.28,0.0,0.0,10810.07,75837.14,0.0,28382
6149,0.0,0.0,0.0,0.0,0.0,5076.79,28668.06,0.0,0.0,4524.85,80000.0,0.0,29220
6150,0.0,4311.32,0.0,0.0,0.0,5076.79,22716.9,0.0,0.0,0.0,80000.0,0.0,32105
6151,0.0,9158.39,0.0,0.0,0.0,5076.79,18597.64,947.12,620.06,0.0,79326.03,0.0,34400
6152,0.0,8654.17,0.0,0.0,0.0,5076.79,15009.12,3896.16,3254.77,0.0,75788.23,0.0,35891
6153,0.0,3807.09,0.0,0.0,0.0,5076.79,11914.72,15853.4,0.0,0.0,75788.23,0.0,36652
6154,0.0,3639.9,0.0,0.0,0.0,5076.79,7578.43,22364.19,0.0,1820.31,77462.92,0.0,36839
6155,0.0,8486.98,0.0,0.0,0.0,5076.79,3746.37,19128.89,793.97,0.0,76599.9,0.0,37233
6156,0.0,7190.53,0.0,0.0,0.0,5076.79,1876.14,23147.54,0.0,0.0,76599.9,0.0,37291
6157,0.0,6490.94,0.0,0.0,0.0,5076.79,1317.67,26045.88,0.0,1077.28,77591.0,0.0,37854
6158,0.0,11338.01,0.0,0.0,0.0,5076.79,1317.67,23093.01,0.0,2618.48,80000.0,0.0,38207
6159,0.0,16185.09,0.0,0.0,0.0,5076.79,1317.67,14377.27,1635.18,0.0,78222.64,0.0,38592
6160,0.0,19388.31,0.0,0.0,0.0,5076.79,1317.67,1530.36,12353.86,0.0,64794.52,0.0,39667
6161,0.0,19388.31,0.0,0.0,0.0,5076.79,1489.34,2098.43,12818.13,0.0,50861.77,0.0,40871
6162,0.0,19388.31,0.0,0.0,0.0,5076.79,2092.42,1990.64,11602.84,0.0,38249.99,0.0,40151
6163,0.0,19388.31,0.0,0.0,0.0,5076.79,4086.75,0.0,11050.15,0.0,26238.96,0.0,39602
6164,0.0,19388.31,0.0,0.0,0.0,5076.79,6569.4,0.0,8037.5,0.0,17502.54,0.0,39072
6165,0.0,19388.31,0.0,0.0,0.0,5076.79,8685.83,0.0,3512.07,0.0,13685.08,0.0,36663
6166,0.0,18809.83,0.0,0.0,0.0,5076.79,10541.38,0.0,0.0,0.0,13685.08,0.0,34428
6167,0.0,14970.49,0.0,0.0,0.0,5076.79,11914.72,0.0,0.0,0.0,13685.08,0.0,31962
6168,0.0,12114.21,0.0,0.0,0.0,5076.79,12644.0,0.0,0.0,0.0,13685.08,0.0,29835
6169,0.0,9402.77,0.0,0.0,0.0,5076.79,13402.44,0.0,0.0,0.0,13685.08,0.0,27882
6170,0.0,8341.59,0.0,0.0,0.0,5076.79,14190.63,0.0,0.0,0.0,13685.08,0.0,27609
6171,0.0,7445.09,0.0,0.0,0.0,5076.79,15009.12,0.0,0.0,0.0,13685.08,0.0,27531
6172,0.0,7042.72,0.0,0.0,0.0,5076.79,15858.5,0.0,0.0,0.0,13685.08,0.0,27978
6173,0.0,5005.57,0.0,0.0,0.0,5076.79,18597.64,0.0,0.0,0.0,13685.08,0.0,28680
6174,0.0,2276.29,0.0,0.0,0.0,5076.79,23833.93,0.0,0.0,0.0,13685.08,0.0,31187
6175,0.0,1001.48,0.0,0.0,0.0,5076.79,26176.65,974.09,0.0,0.0,13685.08,0.0,33229
6176,0.0,0.0,0.0,0.0,0.0,5076.79,27403.48,8445.41,0.0,7170.68,20282.1,0.0,33755
6177,0.0,0.0,0.0,0.0,0.0,5076.79,26176.65,17484.29,0.0,14904.72,33994.45,0.0,33833
6178,0.0,0.0,0.0,0.0,0.0,5076.79,26176.65,13272.35,0.0,11151.78,44254.09,0.0,33374
6179,0.0,0.0,0.0,0.0,0.0,5076.79,26176.65,16449.53,0.0,14321.96,57430.29,0.0,33381
6180,0.0,605.48,0.0,0.0,0.0,5076.79,24986.99,16178.89,0.0,13301.14,69667.34,0.0,33547
6181,0.0,5452.56,0.0,0.0,0.0,5076.79,18597.64,9029.52,0.0,4284.5,73609.08,0.0,33872
6182,0.0,10299.63,0.0,0.0,0.0,5076.79,12644.0,13218.23,0.0,6946.65,80000.0,0.0,34292
6183,0.0,15146.71,0.0,0.0,0.0,5076.79,8119.55,6592.95,0.0,0.0,80000.0,0.0,34936
6184,0.0,19388.31,0.0,0.0,0.0,5076.79,4086.75,4704.3,3236.85,0.0,76481.69,0.0,36493
6185,0.0,19388.31,0.0,0.0,0.0,5076.79,2092.42,1980.74,9245.75,0.0,66431.97,0.0,37784
6186,0.0,19388.31,0.0,0.0,0.0,5076.79,1317.67,1340.96,10568.27,0.0,54944.72,0.0,37692
6187,0.0,19388.31,0.0,0.0,0.0,5076.79,1317.67,0.0,12025.23,0.0,41873.82,0.0,37808
6188,0.0,19388.31,0.0,0.0,0.0,5076.79,1876.14,0.0,11659.76,0.0,29200.17,0.0,38001
6189,0.0,19388.31,0.0,0.0,0.0,5076.79,1876.14,0.0,9837.76,0.0,18506.95,0.0,36179
6190,0.0,19388.31,0.0,0.0,0.0,5076.79,1675.31,0.0,7780.59,0.0,10049.78,0.0,33921
6191,0.0,19388.31,0.0,0.0,0.0,5076.79,2324.71,0.0,4865.19,0.0,4761.53,0.0,31655
6192,0.0,19388.31,0.0,0.0,0.0,5076.79,3123.37,0.0,2050.53,0.0,2532.69,0.0,29639
6193,0.0,19388.31,0.0,0.0,0.0,5076.79,3123.37,0.0,770.53,0.0,1695.17,0.0,28359
6194,0.0,19256.78,0.0,0.0,0.0,5076.79,3425.44,0.0,0.0,0.0,1695.17,0.0,27759
6195,0.0,18277.46,0.0,0.0,0.0,5076.79,4086.75,0.0,0.0,0.0,1695.17,0.0,27441
6196,0.0,17926.08,0.0,0.0,0.0,5076.79,4828.13,0.0,0.0,0.0,1695.17,0.0,27831
6197,0.0,19388.31,0.0,0.0,0.0,5076.79,5654.16,0.0,0.0,2048.26,3579.56,0.0,28071
6198,0.0,19388.31,0.0,0.0,0.0,5076.79,7578.43,0.0,0.0,759.53,4278.33,0.0,31284
6199,0.0,19388.31,0.0,0.0,0.0,5076.79,8685.83,387.04,406.03,0.0,3837.0,0.0,33944
6200,0.0,19388.31,0.0,0.0,0.0,5076.79,8685.83,2985.36,0.0,1062.3,4814.31,0.0,35074
6201,0.0,16347.41,0.0,0.0,0.0,5076.79,9277.85,8737.94,0.0,3961.98,8459.33,0.0,35478
6202,0.0,13144.0,0.0,0.0,0.0,5076.79,10541.38,24365.37,0.0,17199.54,24282.91,0.0,35928
6203,0.0,13657.43,0.0,0.0,0.0,5076.79,8685.83,29235.95,0.0,20000.0,42682.91,0.0,36656
6204,0.0,18504.51,0.0,0.0,0.0,5076.79,6569.4,19247.87,0.0,12499.57,54182.51,0.0,36899
6205,0.0,19388.31,0.0,0.0,0.0,5076.79,6100.34,13131.72,0.0,5776.16,59496.58,0.0,37921
6206,0.0,14541.24,0.0,0.0,0.0,5076.79,3363.39,30030.86,0.0,14921.27,73224.15,0.0,38091
6207,0.0,19388.31,0.0,0.0,0.0,5076.79,4447.15,4093.03,5078.73,0.0,67703.8,0.0,38084
6208,0.0,19388.31,0.0,0.0,0.0,5076.79,4086.75,16203.34,0.0,5845.19,73081.38,0.0,38910
6209,0.0,18527.05,0.0,0.0,0.0,5076.79,3123.37,12833.79,0.0,0.0,73081.38,0.0,39561
6210,0.0,19388.31,0.0,0.0,0.0,5076.79,1876.14,4046.35,8845.41,0.0,63466.8,0.0,39233
6211,0.0,19388.31,0.0,0.0,0.0,5076.79,1317.67,0.0,13646.23,0.0,48633.94,0.0,39429
6212,0.0,19388.31,0.0,0.0,0.0,5076.79,0.0,0.0,14564.9,0.0,32802.53,0.0,39030
6213,0.0,19388.31,0.0,0.0,0.0,5076.79,1159.73,0.0,12049.17,0.0,19705.61,0.0,37674
6214,0.0,19388.31,0.0,0.0,0.0,5076.79,1489.34,0.0,9343.56,0.0,9549.57,0.0,35298
6215,0.0,19388.31,0.0,0.0,0.0,5076.79,2573.58,0.0,5740.32,0.0,3310.09,0.0,32779
6216,0.0,19388.31,0.0,0.0,0.0,5076.79,3746.37,0.0,2553.53,0.0,534.51,0.0,30765
6217,0.0,19388.31,0.0,0.0,0.0,5076.79,4447.15,0.0,491.75,0.0,0.0,0.0,29404
6218,0.0,18701.08,0.0,0.0,0.0,5076.79,4828.13,0.0,0.0,0.0,0.0,0.0,28606
6219,0.0,18221.08,0.0,0.0,0.0,5076.79,4828.13,0.0,0.0,0.0,0.0,0.0,28126
6220,0.0,17118.06,0.0,0.0,0.0,5076.79,5654.16,0.0,0.0,0.0,0.0,0.0,27849
6221,0.0,16424.82,0.0,0.0,0.0,5076.79,6569.4,0.0,0.0,0.0,0.0,0.0,28071
6222,0.0,15370.66,0.0,0.0,0.0,5076.79,8119.55,0.0,0.0,0.0,0.0,0.0,28567
6223,0.0,14420.79,0.0,0.0,0.0,5076.79,9277.85,796.57,0.0,0.0,0.0,0.0,29572
6224,0.0,14541.24,0.0,0.0,0.0,5076.79,9277.85,8315.45,0.0,5765.32,5304.1,0.0,31446
6225,0.0,9694.16,0.0,0.0,0.0,5076.79,9277.85,17237.72,0.0,8161.52,12812.7,0.0,33125
6226,0.0,4847.08,0.0,0.0,0.0,5076.79,8685.83,24082.75,0.0,8838.45,20944.07,0.0,33854
6227,0.0,0.0,0.0,0.0,0.0,5076.79,6569.4,28939.76,0.0,6554.94,26974.61,0.0,34031
6228,0.0,0.0,0.0,0.0,0.0,5076.79,4447.15,31542.11,0.0,6792.04,33223.29,0.0,34274
6229,0.0,4847.08,0.0,0.0,0.0,5076.79,2573.58,31997.09,0.0,9429.54,41898.46,0.0,35065
6230,0.0,9694.16,0.0,0.0,0.0,5076.79,1489.34,30078.03,0.0,10487.32,51546.79,0.0,35851
6231,0.0,13144.0,0.0,0.0,0.0,5076.79,0.0,25905.72,0.0,7984.51,58892.54,0.0,36142
6232,0.0,14541.24,0.0,0.0,0.0,5076.79,0.0,19770.2,0.0,1998.22,60730.9,0.0,37390
6233,0.0,19388.31,0.0,0.0,0.0,5076.79,0.0,11500.24,2993.66,0.0,57476.92,0.0,38959
6234,0.0,19388.31,0.0,0.0,0.0,5076.79,0.0,3428.4,11270.49,0.0,45226.38,0.0,39164
6235,0.0,19388.31,0.0,0.0,0.0,5076.79,1159.73,0.0,12512.17,0.0,31626.2,0.0,38137
6236,0.0,19388.31,0.0,0.0,0.0,5076.79,2573.58,0.0,10314.32,0.0,20414.99,0.0,37353
6237,0.0,19388.31,0.0,0.0,0.0,5076.79,3746.37,0.0,7859.53,0.0,11872.02,0.0,36071
6238,0.0,19388.31,0.0,0.0,0.0,5076.79,4828.13,0.0,5111.77,0.0,6315.75,0.0,34405
6239,0.0,19388.31,0.0,0.0,0.0,5076.79,7578.43,0.0,0.0,125.53,6431.24,0.0,31918
6240,0.0,14975.04,0.0,0.0,0.0,5076.79,9896.18,0.0,0.0,0.0,6431.24,0.0,29948
6241,0.0,15271.29,0.0,0.0,0.0,5076.79,11214.04,0.0,0.0,2774.12,8983.43,0.0,28788
6242,0.0,10424.21,0.0,0.0,0.0,5076.79,12644.0,0.0,0.0,0.0,8983.43,0.0,28145
6243,0.0,13144.0,0.0,0.0,0.0,5076.79,13402.44,0.0,0.0,4034.23,12694.92,0.0,27589
6244,0.0,17991.08,0.0,0.0,0.0,5076.79,12644.0,0.0,0.0,7998.86,20053.88,0.0,27713
6245,0.0,13144.0,0.0,0.0,0.0,5076.79,11914.72,0.0,0.0,2389.51,22252.23,0.0,27746
6246,0.0,12029.17,0.0,0.0,0.0,5076.79,11214.04,0.0,0.0,0.0,22252.23,0.0,28320
6247,0.0,13808.04,0.0,0.0,0.0,5076.79,10541.38,725.05,0.0,858.26,23041.82,0.0,29293
6248,0.0,8960.96,0.0,0.0,0.0,5076.79,8685.83,8438.42,0.0,0.0,23041.82,0.0,31162
6249,0.0,13144.0,0.0,0.0,0.0,5076.79,7578.43,17628.52,0.0,9829.73,32085.18,0.0,33598
6250,0.0,17991.08,0.0,0.0,0.0,5076.79,5230.28,24552.31,0.0,17040.46,47762.4,0.0,35810
6251,0.0,13144.0,0.0,0.0,0.0,5076.79,2839.61,29123.67,0.0,12815.06,59552.26,0.0,37369
6252,0.0,11000.39,0.0,0.0,0.0,5076.79,1489.34,31824.56,0.0,10841.08,69526.05,0.0,38550
6253,0.0,15847.47,0.0,0.0,0.0,5076.79,0.0,25899.65,0.0,7961.91,76851.01,0.0,38862
6254,0.0,19388.31,0.0,0.0,0.0,5076.79,0.0,11797.11,2010.79,0.0,74665.37,0.0,38273
6255,0.0,19388.31,0.0,0.0,0.0,5076.79,0.0,17795.77,0.0,4441.87,78751.89,0.0,37819
6256,0.0,14541.24,0.0,0.0,0.0,5076.79,0.0,20713.62,0.0,1356.65,80000.0,0.0,38975
6257,0.0,19388.31,0.0,0.0,610.38,5076.79,0.0,12645.87,2757.65,0.0,77002.55,0.0,40479
6258,0.0,19388.31,0.0,0.0,0.0,5076.79,0.0,3763.9,12580.0,0.0,63328.64,0.0,40809
6259,0.0,19388.31,0.0,0.0,0.0,5076.79,0.0,0.0,16527.9,0.0,45363.54,0.0,40993
6260,0.0,19388.31,0.0,0.0,0.0,5076.79,1317.67,0.0,14723.23,0.0,29360.03,0.0,40506
6261,0.0,19388.31,0.0,0.0,8341.01,5076.79,2092.42,0.0,3857.48,0.0,25167.12,0.0,38756
6262,0.0,19388.31,0.0,0.0,0.0,5076.79,3746.37,0.0,7914.53,0.0,16564.37,0.0,36126
6263,0.0,19388.31,0.0,0.0,0.0,5076.79,4828.13,0.0,4285.77,0.0,11905.93,0.0,33579
6264,0.0,19388.31,0.0,0.0,2391.77,5076.79,4828.13,0.0,0.0,0.0,11905.93,0.0,31685
6265,0.0,19388.31,0.0,0.0,786.77,5076.79,4828.13,0.0,0.0,0.0,11905.93,0.0,30080
6266,0.0,19388.31,0.0,0.0,0.0,5076.79,5654.16,0.0,0.0,881.26,12716.68,0.0,29238
6267,0.0,19388.31,0.0,0.0,0.0,5076.79,6100.34,0.0,0.0,1705.44,14285.69,0.0,28860
6268,0.0,19388.31,0.0,0.0,0.0,5076.79,6100.34,0.0,0.0,1615.44,15771.89,0.0,28950
6269,0.0,19388.31,0.0,0.0,278.74,5076.79,5654.16,0.0,0.0,0.0,15771.89,0.0,30398
6270,0.0,19388.31,0.0,0.0,0.0,5076.79,5230.28,0.0,3318.62,0.0,12164.69,0.0,33014
6271,0.0,19388.31,0.0,0.0,0.0,5076.79,4086.75,671.23,6731.91,0.0,4847.39,0.0,35955
6272,0.0,19388.31,0.0,0.0,0.0,5076.79,2324.71,8484.83,3580.36,0.0,955.7,0.0,38855
6273,0.0,19388.31,0.0,0.0,0.0,5076.79,0.0,17653.44,0.0,2550.54,3302.19,0.0,39568
6274,0.0,19388.31,0.0,0.0,0.0,5076.79,0.0,21383.6,0.0,6483.7,9267.19,0.0,39365
6275,0.0,19388.31,0.0,0.0,0.0,5076.79,0.0,29042.41,0.0,13633.51,21810.03,0.0,39874
6276,0.0,19388.31,0.0,0.0,0.0,5076.79,0.0,25270.51,0.0,9212.61,30285.63,0.0,40523
6277,0.0,19388.31,0.0,0.0,0.0,5076.79,0.0,31975.16,0.0,14815.26,43915.67,0.0,41625
6278,0.0,19388.31,0.0,0.0,0.0,5076.79,0.0,30105.89,0.0,13307.99,56159.02,0.0,41263
6279,0.0,19388.31,0.0,0.0,0.0,5076.79,0.0,26164.24,0.0,9394.34,64801.81,0.0,41235
6280,0.0,19388.31,0.0,0.0,0.0,5076.79,0.0,14709.45,3306.45,0.0,61207.85,0.0,42481
6281,0.0,19388.31,0.0,0.0,0.0,5076.79,1675.31,8531.79,8629.8,0.0,51827.63,0.0,43302
6282,0.0,19388.31,0.0,0.0,8341.01,5076.79,3425.44,3318.49,2679.97,0.0,48914.62,0.0,42230
6283,0.0,19388.31,0.0,0.0,0.0,5076.79,4447.15,0.0,12659.75,0.0,35154.02,0.0,41572
6284,0.0,19388.31,0.0,0.0,0.0,5076.79,4447.15,0.0,11709.75,0.0,22426.03,0.0,40622
6285,0.0,19388.31,0.0,0.0,0.0,5076.79,3425.44,0.0,10459.46,0.0,11057.05,0.0,38350
6286,0.0,19388.31,0.0,0.0,8177.29,5076.79,2839.61,0.0,0.0,0.0,11057.05,0.0,35482
6287,0.0,19388.31,0.0,0.0,0.0,5076.79,2839.61,0.0,5322.29,0.0,5271.95,0.0,32627
6288,0.0,19388.31,0.0,0.0,2782.53,5076.79,3123.37,0.0,0.0,0.0,5271.95,0.0,30371
6289,0.0,19388.31,0.0,0.0,1423.53,5076.79,3123.37,0.0,0.0,0.0,5271.95,0.0,29012
6290,0.0,19388.31,0.0,0.0,0.0,5076.79,2839.61,0.0,1068.29,0.0,4110.77,0.0,28373
6291,0.0,19388.31,0.0,0.0,447.29,5076.79,2839.61,0.0,0.0,0.0,4110.77,0.0,27752
6292,0.0,19388.31,0.0,0.0,0.0,5076.79,3746.37,0.0,0.0,486.47,4558.33,0.0,27725
6293,0.0,19388.31,0.0,0.0,0.0,5076.79,4828.13,0.0,0.0,763.23,5260.5,0.0,28530
6294,0.0,19388.31,0.0,0.0,0.0,5076.79,5230.28,0.0,1514.62,0.0,3614.17,0.0,31210
6295,0.0,19388.31,0.0,0.0,0.0,5076.79,6100.34,539.52,3325.04,0.0,0.0,0.0,34430
6296,0.0,19388.31,0.0,0.0,69.36,5076.79,5654.16,5725.39,0.0,0.0,0.0,0.0,35914
6297,0.0,14541.24,0.0,0.0,0.0,5076.79,4828.13,13903.98,0.0,2016.14,1854.85,0.0,36334
6298,0.0,14496.93,0.0,0.0,0.0,5076.79,4828.13,18648.98,0.0,6011.83,7385.73,0.0,37039
6299,0.0,9649.85,0.0,0.0,0.0,5076.79,6569.4,20234.06,0.0,3799.09,10880.89,0.0,37731
6300,0.0,13144.0,0.0,0.0,0.0,5076.79,9896.18,25104.54,0.0,15072.5,24747.59,0.0,38149
6301,0.0,8296.92,0.0,0.0,0.0,5076.79,12644.0,26192.01,0.0,13375.72,37053.26,0.0,38834
6302,0.0,8296.92,0.0,0.0,0.0,5076.79,15009.12,25067.22,0.0,14030.05,49960.9,0.0,39420
6303,0.0,13144.0,0.0,0.0,0.0,5076.79,16739.33,22996.97,0.0,18055.09,66571.59,0.0,39902
6304,0.0,9694.16,0.0,0.0,0.0,5076.79,17652.19,18675.53,0.0,10527.66,76257.03,0.0,40571
6305,0.0,14541.24,0.0,0.0,0.0,5076.79,15858.5,10920.93,0.0,4068.45,80000.0,0.0,42329
6306,0.0,19388.31,0.0,0.0,290.03,5076.79,14190.63,3064.25,0.0,0.0,80000.0,0.0,42010
6307,0.0,19388.31,0.0,0.0,0.0,5076.79,12644.0,0.0,4331.9,0.0,75291.41,0.0,41441
6308,0.0,19388.31,0.0,0.0,0.0,5076.79,11214.04,0.0,4909.86,0.0,69954.61,0.0,40589
6309,0.0,19388.31,0.0,0.0,0.0,5076.79,9277.85,0.0,5206.05,0.0,64295.86,0.0,38949
6310,0.0,19388.31,0.0,0.0,0.0,5076.79,7578.43,0.0,4276.47,0.0,59647.53,0.0,36320
6311,0.0,19388.31,0.0,0.0,3066.56,5076.79,6100.34,0.0,0.0,0.0,59647.53,0.0,33632
6312,0.0,19388.31,0.0,0.0,1482.62,5076.79,5230.28,0.0,0.0,0.0,59647.53,0.0,31178
6313,0.0,19388.31,0.0,0.0,431.77,5076.79,4828.13,0.0,0.0,0.0,59647.53,0.0,29725
6314,0.0,19388.31,0.0,0.0,0.0,5076.79,4447.15,0.0,0.0,325.25,59946.76,0.0,28587
6315,0.0,19388.31,0.0,0.0,284.46,5076.79,3425.44,0.0,0.0,0.0,59946.76,0.0,28175
6316,0.0,19388.31,0.0,0.0,851.29,5076.79,2839.61,0.0,0.0,0.0,59946.76,0.0,28156
6317,0.0,19388.31,0.0,0.0,2067.19,5076.79,2324.71,0.0,0.0,0.0,59946.76,0.0,28857
6318,0.0,19388.31,0.0,0.0,0.0,5076.79,1675.31,0.0,6027.59,0.0,53395.02,0.0,32168
6319,0.0,19388.31,0.0,0.0,6193.14,5076.79,1159.73,361.76,1865.27,0.0,51367.55,0.0,34045
6320,0.0,19388.31,0.0,0.0,0.0,5076.79,0.0,6025.64,4885.26,0.0,46057.49,0.0,35376
6321,0.0,19388.31,0.0,0.0,2939.46,5076.79,0.0,8744.43,0.0,0.0,46057.49,0.0,36149
6322,0.0,19388.31,0.0,0.0,412.81,5076.79,0.0,12397.09,0.0,0.0,46057.49,0.0,37275
6323,0.0,19388.31,0.0,0.0,6034.73,5076.79,0.0,8809.17,0.0,0.0,46057.49,0.0,39309
6324,0.0,19388.31,0.0,0.0,5505.19,5076.79,0.0,9883.71,0.0,0.0,46057.49,0.0,39854
6325,0.0,19388.31,0.0,0.0,3374.18,5076.79,0.0,4272.6,7709.12,0.0,37678.01,0.0,39821
6326,0.0,19388.31,0.0,0.0,0.0,5076.79,0.0,26680.78,0.0,12290.88,48985.62,0.0,38855
6327,0.0,19388.31,0.0,0.0,0.0,5076.79,0.0,16317.14,0.0,1503.24,50368.6,0.0,39279
6328,0.0,19388.31,0.0,0.0,6970.38,5076.79,0.0,10939.52,0.0,0.0,50368.6,0.0,42375
6329,0.0,19388.31,0.0,0.0,4691.82,5076.79,1489.34,5902.72,6986.02,0.0,42775.11,0.0,43535
6330,0.0,19388.31,0.0,0.0,13032.82,5076.79,1675.31,2792.17,1279.6,0.0,41384.24,0.0,43245
6331,0.0,19388.31,0.0,0.0,4691.82,5076.79,1489.34,0.0,12685.74,0.0,27595.39,0.0,43332
6332,0.0,19388.31,0.0,0.0,13032.82,5076.79,1159.73,0.0,4042.34,0.0,23201.53,0.0,42700
6333,0.0,19388.31,0.0,0.0,13032.82,5076.79,0.0,0.0,2877.08,0.0,20074.28,0.0,40375
6334,0.0,19388.31,0.0,0.0,13032.82,5076.79,0.0,0.0,141.08,0.0,19920.93,0.0,37639
6335,0.0,19388.31,0.0,0.0,9651.9,5076.79,0.0,0.0,0.0,0.0,19920.93,0.0,34117
6336,0.0,19388.31,0.0,0.0,6467.9,5076.79,0.0,0.0,0.0,0.0,19920.93,0.0,30933
6337,0.0,19388.31,0.0,0.0,4887.9,5076.79,0.0,0.0,0.0,0.0,19920.93,0.0,29353
6338,0.0,19388.31,0.0,0.0,0.0,5076.79,0.0,0.0,3803.9,0.0,15786.26,0.0,28269
6339,0.0,19388.31,0.0,0.0,3173.9,5076.79,0.0,0.0,0.0,0.0,15786.26,0.0,27639
6340,0.0,19388.31,0.0,0.0,3023.9,5076.79,0.0,0.0,0.0,0.0,15786.26,0.0,27489
6341,0.0,19388.31,0.0,0.0,3715.9,5076.79,0.0,0.0,0.0,0.0,15786.26,0.0,28181
6342,0.0,19388.31,0.0,0.0,0.0,5076.79,0.0,0.0,6317.9,0.0,8918.98,0.0,30783
6343,0.0,19388.31,0.0,0.0,0.0,5076.79,0.0,537.44,8205.46,0.0,0.0,0.0,33208
6344,0.0,19388.31,0.0,0.0,1932.72,5076.79,0.0,7444.18,0.0,0.0,0.0,0.0,33842
6345,0.0,14541.24,0.0,0.0,0.0,5076.79,0.0,16250.48,0.0,2120.51,1950.87,0.0,33748
6346,0.0,9694.16,0.0,0.0,0.0,5076.79,0.0,23246.15,0.0,4551.09,6137.87,0.0,33466
6347,0.0,4847.08,0.0,0.0,0.0,5076.79,0.0,28113.9,0.0,3870.76,9698.97,0.0,34167
6348,0.0,7647.86,0.0,0.0,0.0,5076.79,0.0,30836.65,0.0,9740.3,18660.05,0.0,33821
6349,0.0,12494.94,0.0,0.0,0.0,5076.79,0.0,31415.59,0.0,15475.31,32897.34,0.0,33512
6350,0.0,7647.86,0.0,0.0,0.0,5076.79,0.0,29298.97,0.0,8594.62,40804.38,0.0,33429
6351,0.0,9087.83,0.0,0.0,0.0,5076.79,0.0,25254.21,0.0,6332.83,46630.59,0.0,33086
6352,0.0,13934.91,0.0,0.0,0.0,5076.79,0.0,19070.66,0.0,4399.36,50677.99,0.0,33683
6353,0.0,18781.99,0.0,0.0,0.0,5076.79,0.0,10915.22,0.0,0.0,50677.99,0.0,34774
6354,0.0,19388.31,0.0,0.0,0.0,5076.79,0.0,2850.24,7500.66,0.0,42525.1,0.0,34816
6355,0.0,19388.31,0.0,0.0,0.0,5076.79,0.0,0.0,11272.9,0.0,30271.95,0.0,35738
6356,0.0,19388.31,0.0,0.0,0.0,5076.79,1317.67,0.0,10165.23,0.0,19222.79,0.0,35948
6357,0.0,19388.31,0.0,0.0,0.0,5076.79,2092.42,0.0,8262.48,0.0,10241.83,0.0,34820
6358,0.0,19388.31,0.0,0.0,0.0,5076.79,3123.37,0.0,5379.53,0.0,4394.52,0.0,32968
6359,0.0,19388.31,0.0,0.0,0.0,5076.79,3746.37,0.0,2581.53,0.0,1588.51,0.0,30793
6360,0.0,18715.94,0.0,0.0,0.0,5076.79,5230.28,0.0,0.0,0.0,1588.51,0.0,29023
6361,0.0,15177.31,0.0,0.0,0.0,5076.79,7061.9,0.0,0.0,0.0,1588.51,0.0,27316
6362,0.0,13417.38,0.0,0.0,0.0,5076.79,8685.83,0.0,0.0,0.0,1588.51,0.0,27180
6363,0.0,12705.36,0.0,0.0,0.0,5076.79,9277.85,0.0,0.0,0.0,1588.51,0.0,27060
6364,0.0,12235.04,0.0,0.0,0.0,5076.79,9896.18,0.0,0.0,0.0,1588.51,0.0,27208
6365,0.0,14213.38,0.0,0.0,0.0,5076.79,8685.83,0.0,0.0,0.0,1588.51,0.0,27976
6366,0.0,17467.66,0.0,0.0,0.0,5076.79,8119.55,0.0,0.0,0.0,1588.51,0.0,30664
6367,0.0,14541.24,0.0,0.0,0.0,5076.79,11914.72,432.82,1461.43,0.0,0.0,0.0,33427
6368,0.0,9694.16,0.0,0.0,0.0,5076.79,15858.5,7027.17,0.0,3396.61,3124.88,0.0,34260
6369,0.0,4847.08,0.0,0.0,0.0,5076.79,15858.5,15552.7,0.0,7883.06,10377.3,0.0,33452
6370,0.0,0.0,0.0,0.0,0.0,5076.79,15858.5,22352.29,0.0,10457.57,19998.26,0.0,32830
6371,0.0,0.0,0.0,0.0,0.0,5076.79,15009.12,27192.02,0.0,14500.93,33339.12,0.0,32777
6372,0.0,0.0,0.0,0.0,0.0,5076.79,11914.72,29841.73,0.0,14546.24,46721.65,0.0,32287
6373,0.0,0.0,0.0,0.0,0.0,5076.79,9277.85,30274.36,0.0,12222.0,57965.9,0.0,32407
6374,0.0,1122.15,0.0,0.0,0.0,5076.79,6569.4,28672.62,0.0,9750.96,66936.78,0.0,31690
6375,0.0,5969.23,0.0,0.0,0.0,5076.79,4828.13,24810.45,0.0,8939.6,75161.21,0.0,31745
6376,0.0,10816.31,0.0,0.0,0.0,5076.79,3425.44,18833.03,0.0,5259.56,80000.0,0.0,32892
6377,0.0,15663.39,0.0,0.0,0.0,5076.79,2324.71,10894.16,281.96,0.0,79693.52,0.0,34241
6378,0.0,19388.31,0.0,0.0,0.0,5076.79,1489.34,2753.07,5978.49,0.0,73195.16,0.0,34686
6379,0.0,19388.31,0.0,0.0,0.0,5076.79,1159.73,0.0,10081.17,0.0,62237.37,0.0,35706
6380,0.0,19388.31,0.0,0.0,0.0,5076.79,1159.73,0.0,10130.17,0.0,51226.32,0.0,35755
6381,0.0,19388.31,0.0,0.0,0.0,5076.79,1675.31,0.0,7856.59,0.0,42686.54,0.0,33997
6382,0.0,19388.31,0.0,0.0,0.0,5076.79,2324.71,0.0,5142.19,0.0,37097.2,0.0,31932
6383,0.0,19388.31,0.0,0.0,0.0,5076.79,2324.71,0.0,3138.19,0.0,33686.12,0.0,29928
6384,0.0,19388.31,0.0,0.0,0.0,5076.79,1876.14,0.0,2072.76,0.0,31433.12,0.0,28414
6385,0.0,19388.31,0.0,0.0,0.0,5076.79,1675.31,0.0,1300.59,0.0,30019.43,0.0,27441
6386,0.0,19388.31,0.0,0.0,0.0,5076.79,1876.14,0.0,467.76,0.0,29511.0,0.0,26809
6387,0.0,19388.31,0.0,0.0,0.0,5076.79,2573.58,0.0,0.0,600.68,30063.62,0.0,26438
6388,0.0,19388.31,0.0,0.0,0.0,5076.79,3746.37,0.0,0.0,1873.47,31787.22,0.0,26338
6389,0.0,16316.94,0.0,0.0,0.0,5076.79,5230.28,0.0,0.0,0.0,31787.22,0.0,26624
6390,0.0,16445.88,0.0,0.0,0.0,5076.79,6100.34,0.0,0.0,0.0,31787.22,0.0,27623
6391,0.0,17298.1,0.0,0.0,0.0,5076.79,6100.34,434.77,0.0,0.0,31787.22,0.0,28910
6392,0.0,14541.24,0.0,0.0,0.0,5076.79,5654.16,7346.15,0.0,2676.33,34249.44,0.0,29942
6393,0.0,9694.16,0.0,0.0,0.0,5076.79,4828.13,16135.69,0.0,5119.76,38959.62,0.0,30615
6394,0.0,4847.08,0.0,0.0,0.0,5076.79,4086.75,22793.76,0.0,5815.38,44309.77,0.0,30989
6395,0.0,0.0,0.0,0.0,0.0,5076.79,3425.44,27344.89,0.0,4731.11,48662.39,0.0,31116
6396,0.0,0.0,0.0,0.0,0.0,5076.79,2839.61,29758.94,0.0,6024.34,54204.78,0.0,31651
6397,0.0,0.0,0.0,0.0,0.0,5076.79,2324.71,30181.69,0.0,6262.18,59965.99,0.0,31321
6398,0.0,2900.5,0.0,0.0,0.0,5076.79,1675.31,28107.79,0.0,6580.38,66019.93,0.0,31180
6399,0.0,7747.57,0.0,0.0,0.0,5076.79,1159.73,24262.12,0.0,6835.21,72308.33,0.0,31411
6400,0.0,12594.65,0.0,0.0,0.0,5076.79,0.0,18467.24,0.0,4307.68,76271.4,0.0,31831
6401,0.0,17441.73,0.0,0.0,0.0,5076.79,0.0,10680.48,0.0,0.0,76271.4,0.0,33199
6402,0.0,19388.31,0.0,0.0,0.0,5076.79,0.0,2614.61,6940.29,0.0,68727.61,0.0,34020
6403,0.0,19388.31,0.0,0.0,0.0,5076.79,0.0,0.0,10170.9,0.0,57672.28,0.0,34636
6404,0.0,19388.31,0.0,0.0,0.0,5076.79,0.0,0.0,8894.9,0.0,48003.91,0.0,33360
6405,0.0,19388.31,0.0,0.0,0.0,5076.79,0.0,0.0,7379.9,0.0,39982.29,0.0,31845
6406,0.0,19388.31,0.0,0.0,0.0,5076.79,0.0,0.0,6052.9,0.0,33403.05,0.0,30518
6407,0.0,19388.31,0.0,0.0,0.0,5076.79,0.0,0.0,4666.9,0.0,28330.33,0.0,29132
6408,0.0,19388.31,0.0,0.0,0.0,5076.79,0.0,0.0,2904.9,0.0,25172.83,0.0,27370
6409,0.0,19388.31,0.0,0.0,0.0,5076.79,1159.73,0.0,813.17,0.0,24288.95,0.0,26438
6410,0.0,19388.31,0.0,0.0,0.0,5076.79,2573.58,0.0,0.0,1119.68,25319.06,0.0,25919
6411,0.0,16443.46,0.0,0.0,0.0,5076.79,4086.75,0.0,0.0,0.0,25319.06,0.0,25607
6412,0.0,19388.31,0.0,0.0,0.0,5076.79,5230.28,0.0,0.0,4132.38,29120.85,0.0,25563
6413,0.0,14745.88,0.0,0.0,0.0,5076.79,6100.34,0.0,0.0,0.0,29120.85,0.0,25923
6414,0.0,14425.31,0.0,0.0,0.0,5076.79,7061.9,0.0,0.0,0.0,29120.85,0.0,26564
6415,0.0,19272.39,0.0,0.0,0.0,5076.79,6569.4,407.05,0.0,3815.62,32631.22,0.0,27510
6416,0.0,14425.31,0.0,0.0,0.0,5076.79,5230.28,7244.92,0.0,2732.3,35144.93,0.0,29245
6417,0.0,9578.23,0.0,0.0,0.0,5076.79,4447.15,15751.93,0.0,4006.09,38830.54,0.0,30848
6418,0.0,4731.15,0.0,0.0,0.0,5076.79,3425.44,21795.4,0.0,3421.78,41978.57,0.0,31607
6419,0.0,5554.93,0.0,0.0,0.0,5076.79,2092.42,26070.03,0.0,6364.17,47833.61,0.0,32430
6420,0.0,707.85,0.0,0.0,0.0,5076.79,1317.67,28880.03,0.0,3109.34,50694.2,0.0,32873
6421,0.0,5554.93,0.0,0.0,0.0,5076.79,0.0,29524.75,0.0,7523.47,57615.79,0.0,32633
6422,0.0,10402.01,0.0,0.0,0.0,5076.79,0.0,27912.86,0.0,10679.65,67441.08,0.0,32712
6423,0.0,15249.09,0.0,0.0,0.0,5076.79,0.0,24131.74,0.0,11563.62,78079.61,0.0,32894
6424,0.0,14541.24,0.0,0.0,0.0,5076.79,0.0,16106.36,0.0,2087.38,80000.0,0.0,33637
6425,0.0,19388.31,0.0,0.0,0.0,5076.79,0.0,6876.93,3809.97,0.0,75858.73,0.0,35152
6426,0.0,19388.31,0.0,0.0,0.0,5076.79,0.0,1797.66,8682.24,0.0,66421.51,0.0,34945
6427,0.0,19388.31,0.0,0.0,0.0,5076.79,0.0,0.0,10931.9,0.0,54539.01,0.0,35397
6428,0.0,19388.31,0.0,0.0,0.0,5076.79,0.0,0.0,9868.9,0.0,43811.95,0.0,34334
6429,0.0,19388.31,0.0,0.0,0.0,5076.79,0.0,0.0,8400.9,0.0,34680.54,0.0,32866
6430,0.0,19388.31,0.0,0.0,0.0,5076.79,0.0,0.0,6691.9,0.0,27406.73,0.0,31157
6431,0.0,19388.31,0.0,0.0,0.0,5076.79,0.0,0.0,4583.9,0.0,22424.23,0.0,29049
6432,0.0,19388.31,0.0,0.0,0.0,5076.79,0.0,0.0,3185.9,0.0,18961.3,0.0,27651
6433,0.0,19388.31,0.0,0.0,0.0,5076.79,0.0,0.0,2198.9,0.0,16571.19,0.0,26664
6434,0.0,19388.31,0.0,0.0,0.0,5076.79,0.0,0.0,1865.9,0.0,14543.04,0.0,26331
6435,0.0,19388.31,0.0,0.0,0.0,5076.79,0.0,0.0,1561.9,0.0,12845.32,0.0,26027
6436,0.0,19388.31,0.0,0.0,0.0,5076.79,0.0,0.0,1741.9,0.0,10951.95,0.0,26207
6437,0.0,19388.31,0.0,0.0,0.0,5076.79,1876.14,0.0,986.76,0.0,9879.39,0.0,27328
6438,0.0,19388.31,0.0,0.0,0.0,5076.79,2839.61,0.0,2720.29,0.0,6922.56,0.0,30025
6439,0.0,19388.31,0.0,0.0,0.0,5076.79,3425.44,320.43,4568.04,0.0,1957.3,0.0,32779
6440,0.0,19388.31,0.0,0.0,0.0,5076.79,3123.37,5211.55,1235.98,0.0,613.84,0.0,34036
6441,0.0,14758.45,0.0,0.0,0.0,5076.79,2324.71,11542.06,0.0,0.0,613.84,0.0,33702
6442,0.0,17991.08,0.0,0.0,0.0,5076.79,1675.31,22189.19,0.0,12852.36,12438.02,0.0,34080
6443,0.0,13144.0,0.0,0.0,0.0,5076.79,1675.31,24714.25,0.0,10383.34,21990.69,0.0,34227
6444,0.0,10394.22,0.0,0.0,0.0,5076.79,1876.14,24478.27,0.0,7323.41,28728.23,0.0,34502
6445,0.0,15241.3,0.0,0.0,0.0,5076.79,2324.71,25482.12,0.0,13910.91,41526.26,0.0,34214
6446,0.0,10394.22,0.0,0.0,0.0,5076.79,3123.37,20509.58,0.0,4966.95,46095.86,0.0,34137
6447,0.0,13770.72,0.0,0.0,0.0,5076.79,4086.75,11288.74,0.0,0.0,46095.86,0.0,34223
6448,0.0,18036.28,0.0,0.0,0.0,5076.79,6100.34,6005.6,0.0,0.0,46095.86,0.0,35219
6449,0.0,19388.31,0.0,0.0,0.0,5076.79,8685.83,3126.4,0.0,160.33,46243.36,0.0,36117
6450,0.0,19388.31,0.0,0.0,0.0,5076.79,10541.38,754.85,521.67,0.0,45676.33,0.0,36283
6451,0.0,19388.31,0.0,0.0,0.0,5076.79,11914.72,0.0,724.18,0.0,44889.18,0.0,37104
6452,0.0,19388.31,0.0,0.0,0.0,5076.79,11914.72,0.0,150.18,0.0,44725.95,0.0,36530
6453,0.0,18762.17,0.0,0.0,0.0,5076.79,11214.04,0.0,0.0,0.0,44725.95,0.0,35053
6454,0.0,19388.31,0.0,0.0,0.0,5076.79,10541.38,0.0,0.0,2266.49,46811.11,0.0,32740
6455,0.0,19388.31,0.0,0.0,0.0,5076.79,11214.04,0.0,0.0,5449.14,51824.33,0.0,30230
6456,0.0,19388.31,0.0,0.0,0.0,5076.79,11914.72,0.0,0.0,7672.82,58883.32,0.0,28707
6457,0.0,14541.24,0.0,0.0,0.0,5076.79,11214.04,0.0,0.0,2782.06,61442.82,0.0,28050
6458,0.0,19388.31,0.0,0.0,0.0,5076.79,9277.85,0.0,0.0,6672.95,67581.94,0.0,27070
6459,0.0,14541.24,0.0,0.0,0.0,5076.79,8119.55,0.0,0.0,880.57,68392.07,0.0,26857
6460,0.0,19388.31,0.0,0.0,0.0,5076.79,7578.43,0.0,0.0,4383.53,72424.92,0.0,27660
6461,0.0,16280.31,0.0,0.0,0.0,5076.79,7061.9,0.0,0.0,0.0,72424.92,0.0,28419
6462,0.0,19388.31,0.0,0.0,0.0,5076.79,6569.4,0.0,0.0,202.5,72611.21,0.0,30832
6463,0.0,19388.31,0.0,0.0,0.0,5076.79,5654.16,96.42,3548.33,0.0,68754.34,0.0,33764
6464,0.0,19388.31,0.0,0.0,0.0,5076.79,5230.28,1646.95,3600.67,0.0,64840.56,0.0,34943
6465,0.0,19388.31,0.0,0.0,0.0,5076.79,4828.13,3068.11,2585.66,0.0,62030.06,0.0,34947
6466,0.0,19388.31,0.0,0.0,0.0,5076.79,4447.15,2111.73,3628.03,0.0,58086.56,0.0,34652
6467,0.0,19388.31,0.0,0.0,0.0,5076.79,4447.15,6664.69,0.0,666.94,58700.14,0.0,34910
6468,0.0,19388.31,0.0,0.0,0.0,5076.79,4447.15,4337.23,1026.53,0.0,57584.35,0.0,34276
6469,0.0,19388.31,0.0,0.0,0.0,5076.79,4828.13,9009.36,0.0,3943.59,61212.46,0.0,34359
6470,0.0,14541.24,0.0,0.0,0.0,5076.79,5230.28,10885.43,0.0,1879.73,62941.8,0.0,33854
6471,0.0,19388.31,0.0,0.0,0.0,5076.79,4828.13,3359.82,1576.95,0.0,61227.73,0.0,34230
6472,0.0,19388.31,0.0,0.0,0.0,5076.79,4447.15,4388.94,2023.82,0.0,59027.93,0.0,35325
6473,0.0,19388.31,0.0,0.0,0.0,5076.79,4086.75,2908.55,4773.6,0.0,53839.24,0.0,36234
6474,0.0,19388.31,0.0,0.0,0.0,5076.79,4086.75,1879.61,6621.53,0.0,46641.92,0.0,37053
6475,0.0,19388.31,0.0,0.0,0.0,5076.79,4828.13,0.0,8375.77,0.0,37537.82,0.0,37669
6476,0.0,19388.31,0.0,0.0,0.0,5076.79,6100.34,0.0,6386.56,0.0,30595.91,0.0,36952
6477,0.0,19388.31,0.0,0.0,0.0,5076.79,5230.28,0.0,5530.62,0.0,24584.36,0.0,35226
6478,0.0,19388.31,0.0,0.0,0.0,5076.79,2573.58,0.0,6183.32,0.0,17863.36,0.0,33222
6479,0.0,19388.31,0.0,0.0,0.0,5076.79,0.0,0.0,6742.9,0.0,10534.13,0.0,31208
6480,0.0,19388.31,0.0,0.0,0.0,5076.79,0.0,0.0,5206.9,0.0,4874.45,0.0,29672
6481,0.0,19388.31,0.0,0.0,0.0,5076.79,1876.14,0.0,1860.76,0.0,2851.89,0.0,28202
6482,0.0,18817.46,0.0,0.0,0.0,5076.79,4086.75,0.0,0.0,0.0,2851.89,0.0,27981
6483,0.0,16692.06,0.0,0.0,0.0,5076.79,5654.16,0.0,0.0,0.0,2851.89,0.0,27423
6484,0.0,19388.31,0.0,0.0,0.0,5076.79,5654.16,0.0,0.0,2858.26,5481.48,0.0,27261
6485,0.0,19388.31,0.0,0.0,0.0,5076.79,5230.28,0.0,0.0,1502.38,6863.67,0.0,28193
6486,0.0,19388.31,0.0,0.0,0.0,5076.79,6100.34,0.0,0.0,289.44,7129.95,0.0,30276
6487,0.0,19388.31,0.0,0.0,0.0,5076.79,7061.9,281.2,1904.79,0.0,5059.53,0.0,33713
6488,0.0,14541.24,0.0,0.0,0.0,5076.79,8685.83,1960.38,4654.77,0.0,0.0,0.0,34919
6489,0.0,9694.16,0.0,0.0,0.0,5076.79,11214.04,10813.7,0.0,2294.69,2111.12,0.0,34504
6490,0.0,4847.08,0.0,0.0,0.0,5076.79,12644.0,16219.28,0.0,4555.14,6301.85,0.0,34232
6491,0.0,0.0,0.0,0.0,0.0,5076.79,13402.44,19152.63,0.0,3457.86,9483.08,0.0,34174
6492,0.0,2403.13,0.0,0.0,0.0,5076.79,9896.18,16945.9,0.0,0.0,9483.08,0.0,34322
6493,0.0,899.56,0.0,0.0,0.0,5076.79,5230.28,23120.37,0.0,0.0,9483.08,0.0,34327
6494,0.0,3912.63,0.0,0.0,0.0,5076.79,2324.71,27983.88,0.0,4635.0,13747.28,0.0,34663
6495,0.0,8759.71,0.0,0.0,0.0,5076.79,2092.42,14996.17,3613.92,0.0,9819.11,0.0,34539
6496,0.0,9460.8,0.0,0.0,0.0,5076.79,7061.9,4634.93,9033.58,0.0,0.0,0.0,35268
6497,0.0,4613.72,0.0,0.0,0.0,5076.79,26176.65,226.85,0.0,0.0,0.0,0.0,36094
6498,0.0,0.0,0.0,0.0,0.0,4374.0,43515.71,27.98,0.0,11823.69,10877.8,0.0,36094
6499,0.0,0.0,0.0,0.0,0.0,0.0,44950.51,0.0,0.0,7618.51,17886.82,0.0,37332
6500,0.0,0.0,0.0,0.0,0.0,4374.0,40067.51,0.0,0.0,7835.51,25095.49,0.0,36606
6501,0.0,0.0,0.0,0.0,0.0,5076.79,44950.51,0.0,0.0,14992.29,38888.4,0.0,35035
6502,0.0,0.0,0.0,0.0,0.0,702.79,32332.21,0.0,0.0,0.0,38888.4,0.0,33035
6503,0.0,0.0,0.0,0.0,0.0,4374.0,37296.88,0.0,0.0,10660.88,48696.4,0.0,31010
6504,0.0,0.0,0.0,0.0,0.0,0.0,29589.0,0.0,0.0,0.0,48696.4,0.0,29589
6505,0.0,0.0,0.0,0.0,0.0,0.0,28447.0,0.0,0.0,0.0,48696.4,0.0,28447
6506,0.0,0.0,0.0,0.0,0.0,4374.0,23542.0,0.0,0.0,0.0,48696.4,0.0,27916
6507,0.0,0.0,0.0,0.0,0.0,5076.79,24986.99,0.0,0.0,2587.77,51077.16,0.0,27476
6508,0.0,0.0,0.0,0.0,0.0,5076.79,22378.21,0.0,0.0,0.0,51077.16,0.0,27455
6509,0.0,0.0,0.0,0.0,0.0,5076.79,23665.21,0.0,0.0,0.0,51077.16,0.0,28742
6510,0.0,0.0,0.0,0.0,0.0,5076.79,26207.21,0.0,0.0,0.0,51077.16,0.0,31284
6511,0.0,0.0,0.0,0.0,0.0,5076.79,31312.75,77.09,0.0,2278.63,53173.49,0.0,34188
6512,0.0,0.0,0.0,0.0,0.0,5076.79,29621.21,0.0,0.0,0.0,53173.49,0.0,34698
6513,0.0,0.0,0.0,0.0,0.0,702.79,33130.08,37.14,0.0,0.0,53173.49,0.0,33870
6514,0.0,0.0,0.0,0.0,0.0,5076.79,34115.28,6489.7,0.0,12858.77,65003.56,0.0,32823
6515,0.0,0.0,0.0,0.0,0.0,5076.79,27462.21,0.0,0.0,0.0,65003.56,0.0,32539
6516,0.0,0.0,0.0,0.0,0.0,702.79,11711.21,0.0,20000.0,0.0,43264.43,0.0,32414
6517,0.0,0.0,0.0,0.0,0.0,5076.79,27224.21,0.0,0.0,0.0,43264.43,0.0,32301
6518,0.0,0.0,0.0,0.0,0.0,5076.79,32694.0,95.29,0.0,5643.08,48456.06,0.0,32223
6519,0.0,0.0,0.0,0.0,0.0,702.79,24608.72,7439.5,0.0,0.0,48456.06,0.0,32751
6520,0.0,0.0,0.0,0.0,0.0,5076.79,38625.05,0.0,0.0,10223.84,57861.99,0.0,33478
6521,0.0,0.0,0.0,0.0,0.0,5076.79,41114.1,151.54,0.0,11132.43,68103.83,0.0,35210
6522,0.0,0.0,0.0,0.0,0.0,5076.79,41842.22,1890.62,0.0,12930.62,80000.0,0.0,35879
6523,0.0,0.0,0.0,0.0,0.0,5076.79,32022.21,0.0,0.0,0.0,80000.0,0.0,37099
6524,0.0,0.0,0.0,0.0,0.0,1305.83,35577.17,0.0,0.0,0.0,80000.0,0.0,36883
6525,0.0,0.0,0.0,0.0,0.0,5076.79,30599.21,0.0,0.0,0.0,80000.0,0.0,35676
6526,0.0,2429.57,0.0,0.0,0.0,5076.79,26176.65,0.0,0.0,0.0,80000.0,0.0,33683
6527,0.0,4779.89,0.0,0.0,0.0,5076.79,21635.33,0.0,0.0,0.0,80000.0,0.0,31492
6528,0.0,5105.94,0.0,0.0,0.0,5076.79,19576.27,0.0,0.0,0.0,80000.0,0.0,29759
6529,0.0,6025.03,0.0,0.0,0.0,5076.79,17652.19,0.0,0.0,0.0,80000.0,0.0,28754
6530,0.0,6436.89,0.0,0.0,0.0,5076.79,16739.33,0.0,0.0,0.0,80000.0,0.0,28253
6531,0.0,1589.81,0.0,0.0,0.0,5076.79,16739.33,0.0,4688.08,0.0,74904.26,0.0,28094
6532,0.0,5363.03,0.0,0.0,0.0,5076.79,17652.19,0.0,0.0,0.0,74904.26,0.0,28092
6533,0.0,5610.72,0.0,0.0,0.0,5076.79,16739.33,0.0,1596.16,0.0,73169.3,0.0,29023
6534,0.0,10457.8,0.0,0.0,0.0,5076.79,15009.12,0.0,777.29,0.0,72324.42,0.0,31321
6535,0.0,15304.88,0.0,0.0,0.0,5076.79,12644.0,0.0,925.33,0.0,71318.62,0.0,33951
6536,0.0,19384.67,0.0,0.0,0.0,5076.79,9277.85,667.69,0.0,0.0,71318.62,0.0,34407
6537,0.0,14537.59,0.0,0.0,0.0,5076.79,6569.4,1025.35,6166.87,0.0,64615.5,0.0,33376
6538,0.0,9690.52,0.0,0.0,0.0,5076.79,5654.16,5441.34,6916.21,0.0,57097.88,0.0,32779
6539,0.0,5831.3,0.0,0.0,0.0,5076.79,5654.16,16114.76,0.0,0.0,57097.88,0.0,32677
6540,0.0,984.22,0.0,0.0,0.0,5076.79,6569.4,19084.74,853.86,0.0,56169.78,0.0,32569
6541,0.0,0.0,0.0,0.0,0.0,5076.79,7578.43,30918.51,0.0,11470.73,66722.85,0.0,32103
6542,0.0,0.0,0.0,0.0,0.0,5076.79,8119.55,19065.12,0.0,188.46,66896.23,0.0,32073
6543,0.0,4847.08,0.0,0.0,0.0,5076.79,7578.43,5850.68,9414.02,0.0,56663.6,0.0,32767
6544,0.0,9694.16,0.0,0.0,0.0,5076.79,6100.34,8292.52,4969.2,0.0,51262.29,0.0,34133
6545,0.0,14541.24,0.0,0.0,0.0,5076.79,4447.15,9726.19,1596.64,0.0,49526.81,0.0,35388
6546,0.0,14541.24,0.0,0.0,0.0,5076.79,4086.75,1589.19,10440.04,0.0,38178.94,0.0,35734
6547,0.0,9694.16,0.0,0.0,0.0,5076.79,4828.13,0.0,16823.92,0.0,19892.07,0.0,36423
6548,0.0,4847.08,0.0,0.0,0.0,5076.79,7578.43,0.0,18300.7,0.0,0.0,0.0,35803
6549,0.0,0.0,0.0,0.0,0.0,5076.79,31341.51,0.0,0.0,1699.3,1563.35,0.0,34719
6550,0.0,0.0,0.0,0.0,0.0,5076.79,44950.51,0.0,0.0,17340.29,17516.42,0.0,32687
6551,0.0,0.0,0.0,0.0,0.0,5076.79,44950.51,0.0,0.0,19615.29,35562.49,0.0,30412
6552,0.0,0.0,0.0,0.0,0.0,5076.79,43866.21,0.0,0.0,20000.0,53962.49,0.0,28943
6553,0.0,0.0,0.0,0.0,0.0,5332.69,42830.31,0.0,0.0,20000.0,72362.49,0.0,28163
6554,0.0,0.0,0.0,0.0,0.0,5332.69,28668.06,0.0,0.0,6619.75,78452.66,0.0,27381
6555,0.0,0.0,0.0,0.0,0.0,5332.69,14190.63,0.0,7525.68,0.0,70272.57,0.0,27049
6556,0.0,4847.08,0.0,0.0,0.0,5332.69,8685.83,0.0,8363.4,0.0,61181.92,0.0,27229
6557,0.0,9694.16,0.0,0.0,0.0,5332.69,6100.34,0.0,6500.82,0.0,54115.82,0.0,27628
6558,0.0,4847.08,0.0,0.0,0.0,5332.69,5654.16,0.0,12848.08,0.0,40150.52,0.0,28682
6559,0.0,4847.08,0.0,0.0,0.0,5332.69,7578.43,270.03,11703.77,0.0,27429.03,0.0,29732
6560,0.0,0.0,0.0,0.0,0.0,5332.69,9277.85,4618.2,11589.26,0.0,14832.01,0.0,30818
6561,0.0,0.0,0.0,0.0,0.0,5332.69,10541.38,15863.37,605.55,0.0,14173.8,0.0,32343
6562,0.0,0.0,0.0,0.0,0.0,5332.69,12644.0,22620.16,0.0,8175.84,21695.58,0.0,32421
6563,0.0,0.0,0.0,0.0,0.0,5332.69,15009.12,27100.04,0.0,16487.85,36864.4,0.0,30954
6564,0.0,0.0,0.0,0.0,0.0,5332.69,14190.63,29724.78,0.0,18568.1,53947.06,0.0,30680
6565,0.0,0.0,0.0,0.0,0.0,5332.69,11914.72,21701.84,0.0,8560.26,61822.49,0.0,30389
6566,0.0,0.0,0.0,0.0,0.0,5332.69,8685.83,28272.13,0.0,11829.65,72705.77,0.0,30461
6567,0.0,0.0,0.0,0.0,0.0,5332.69,6100.34,23967.05,0.0,4683.07,77014.2,0.0,30717
6568,0.0,3950.25,0.0,0.0,0.0,5332.69,4828.13,17705.93,0.0,0.0,77014.2,0.0,31817
6569,0.0,8797.32,0.0,0.0,0.0,5332.69,4086.75,9444.82,5322.42,0.0,71228.97,0.0,32984
6570,0.0,13644.4,0.0,0.0,0.0,5332.69,3425.44,1570.1,9496.37,0.0,60906.82,0.0,33469
6571,0.0,18491.48,0.0,0.0,0.0,5332.69,2324.71,0.0,8051.12,0.0,52155.6,0.0,34200
6572,0.0,19388.31,0.0,0.0,0.0,5332.69,0.0,0.0,8482.0,0.0,42936.04,0.0,33203
6573,0.0,19388.31,0.0,0.0,0.0,5332.69,0.0,0.0,7603.0,0.0,34671.91,0.0,32324
6574,0.0,19388.31,0.0,0.0,0.0,5332.69,0.0,0.0,6305.0,0.0,27818.65,0.0,31026
6575,0.0,19388.31,0.0,0.0,0.0,5332.69,0.0,0.0,4206.0,0.0,23246.92,0.0,28927
6576,0.0,19388.31,0.0,0.0,0.0,5332.69,2092.42,0.0,964.58,0.0,22198.46,0.0,27778
6577,0.0,14541.24,0.0,0.0,0.0,5332.69,3746.37,0.0,3080.7,0.0,18849.87,0.0,26701
6578,0.0,15907.18,0.0,0.0,0.0,5332.69,4828.13,0.0,0.0,0.0,18849.87,0.0,26068
6579,0.0,14765.15,0.0,0.0,0.0,5332.69,5654.16,0.0,0.0,0.0,18849.87,0.0,25752
6580,0.0,14066.91,0.0,0.0,0.0,5332.69,6569.4,0.0,0.0,0.0,18849.87,0.0,25969
6581,0.0,9219.83,0.0,0.0,0.0,5332.69,7578.43,0.0,4140.04,0.0,14349.82,0.0,26271
6582,0.0,11838.13,0.0,0.0,0.0,5332.69,9896.18,0.0,0.0,0.0,14349.82,0.0,27067
6583,0.0,6991.05,0.0,0.0,0.0,5332.69,11214.04,197.68,4236.54,0.0,9744.89,0.0,27972
6584,0.0,4523.18,0.0,0.0,0.0,5332.69,12644.0,6491.13,0.0,0.0,9744.89,0.0,28991
6585,0.0,0.0,0.0,0.0,0.0,5332.69,12644.0,15326.1,0.0,4682.79,14053.05,0.0,28620
6586,0.0,0.0,0.0,0.0,0.0,5332.69,9896.18,21956.29,0.0,8738.16,22092.16,0.0,28447
6587,0.0,0.0,0.0,0.0,0.0,5332.69,6569.4,26791.97,0.0,9876.05,31178.13,0.0,28818
6588,0.0,0.0,0.0,0.0,0.0,5332.69,4828.13,29653.97,0.0,10541.79,40876.58,0.0,29273
6589,0.0,0.0,0.0,0.0,0.0,5332.69,4086.75,30035.53,0.0,10467.97,50507.12,0.0,28987
6590,0.0,0.0,0.0,0.0,0.0,5332.69,3746.37,28045.78,0.0,8474.84,58303.96,0.0,28650
6591,0.0,0.0,0.0,0.0,0.0,5332.69,4086.75,23863.85,0.0,4250.29,62214.23,0.0,29033
6592,0.0,3449.84,0.0,0.0,0.0,5332.69,4086.75,17534.81,265.91,0.0,61925.2,0.0,30670
6593,0.0,8296.92,0.0,0.0,0.0,5332.69,3746.37,9124.12,6458.9,0.0,54904.66,0.0,32959
6594,0.0,13144.0,0.0,0.0,0.0,5332.69,4086.75,1354.78,10338.78,0.0,43666.85,0.0,34257
6595,0.0,17991.08,0.0,0.0,0.0,5332.69,4447.15,0.0,7153.09,0.0,35891.76,0.0,34924
6596,0.0,19388.31,0.0,0.0,0.0,5332.69,5230.28,0.0,4744.72,0.0,30734.45,0.0,34696
6597,0.0,14541.24,0.0,0.0,0.0,5332.69,7578.43,0.0,6071.64,0.0,24134.84,0.0,33524
6598,0.0,15947.93,0.0,0.0,0.0,5332.69,10541.38,0.0,0.0,0.0,24134.84,0.0,31822
6599,0.0,11100.85,0.0,0.0,0.0,5332.69,12644.0,0.0,815.46,0.0,23248.47,0.0,29893
6600,0.0,9445.87,0.0,0.0,0.0,5332.69,13402.44,0.0,0.0,0.0,23248.47,0.0,28181
6601,0.0,4598.79,0.0,0.0,0.0,5332.69,14190.63,0.0,3237.9,0.0,19729.02,0.0,27360
6602,0.0,6631.19,0.0,0.0,0.0,5332.69,15009.12,0.0,0.0,0.0,19729.02,0.0,26973
6603,0.0,5864.81,0.0,0.0,0.0,5332.69,15858.5,0.0,0.0,0.0,19729.02,0.0,27056
6604,0.0,5735.98,0.0,0.0,0.0,5332.69,16739.33,0.0,0.0,0.0,19729.02,0.0,27808
6605,0.0,1330.49,0.0,0.0,0.0,5332.69,17652.19,0.0,4214.64,0.0,15147.89,0.0,28530
6606,0.0,6177.56,0.0,0.0,0.0,5332.69,16739.33,0.0,3313.42,0.0,11546.35,0.0,31563
6607,0.0,1330.49,0.0,0.0,0.0,5332.69,17652.19,0.0,10622.64,0.0,0.0,0.0,34938
6608,0.0,1025.78,0.0,0.0,0.0,5332.69,22716.9,6263.64,0.0,0.0,0.0,0.0,35339
6609,0.0,0.0,0.0,0.0,0.0,1768.89,26176.65,15187.47,0.0,8652.01,7959.84,0.0,34481
6610,0.0,0.0,0.0,0.0,0.0,5332.69,23833.93,22487.4,0.0,17812.02,24346.9,0.0,33842
6611,0.0,0.0,0.0,0.0,0.0,5332.69,19576.27,27810.7,0.0,19460.66,42250.71,0.0,33259
6612,0.0,0.0,0.0,0.0,0.0,5332.69,15009.12,24592.84,0.0,12086.65,53370.43,0.0,32848
6613,0.0,0.0,0.0,0.0,0.0,5332.69,11214.04,31361.85,0.0,15512.58,67642.0,0.0,32396
6614,0.0,0.0,0.0,0.0,0.0,5332.69,7578.43,29495.46,0.0,9955.58,76801.13,0.0,32451
6615,0.0,0.0,0.0,0.0,0.0,5332.69,5654.16,25250.18,0.0,3477.03,80000.0,0.0,32760
6616,0.0,4847.08,0.0,0.0,0.0,5332.69,4828.13,18865.62,204.48,0.0,79777.74,0.0,34078
6617,0.0,9694.16,0.0,0.0,0.0,5332.69,5230.28,10074.16,5951.72,0.0,73308.48,0.0,36283
6618,0.0,14541.24,0.0,0.0,0.0,5332.69,8119.55,1339.14,7840.38,0.0,64786.33,0.0,37173
6619,0.0,19388.31,0.0,0.0,0.0,5332.69,12644.0,0.0,701.0,0.0,64024.37,0.0,38066
6620,0.0,16580.19,0.0,0.0,0.0,5332.69,15009.12,0.0,0.0,0.0,64024.37,0.0,36922
6621,0.0,15926.68,0.0,0.0,0.0,5332.69,14190.63,0.0,0.0,0.0,64024.37,0.0,35450
6622,0.0,15316.31,0.0,0.0,0.0,5332.69,12644.0,0.0,0.0,0.0,64024.37,0.0,33293
6623,0.0,13676.59,0.0,0.0,0.0,5332.69,11914.72,0.0,0.0,0.0,64024.37,0.0,30924
6624,0.0,12158.59,0.0,0.0,0.0,5332.69,11914.72,0.0,0.0,0.0,64024.37,0.0,29406
6625,0.0,11233.59,0.0,0.0,0.0,5332.69,11914.72,0.0,0.0,0.0,64024.37,0.0,28481
6626,0.0,10620.59,0.0,0.0,0.0,5332.69,11914.72,0.0,0.0,0.0,64024.37,0.0,27868
6627,0.0,11143.27,0.0,0.0,0.0,5332.69,11214.04,0.0,0.0,0.0,64024.37,0.0,27690
6628,0.0,11556.27,0.0,0.0,0.0,5332.69,11214.04,0.0,0.0,0.0,64024.37,0.0,28103
6629,0.0,13005.27,0.0,0.0,0.0,5332.69,11214.04,0.0,0.0,0.0,64024.37,0.0,29552
6630,0.0,16505.93,0.0,0.0,0.0,5332.69,10541.38,0.0,0.0,0.0,64024.37,0.0,32380
6631,0.0,19085.46,0.0,0.0,0.0,5332.69,9896.18,0.0,734.67,0.0,63225.81,0.0,35049
6632,0.0,14238.38,0.0,0.0,0.0,5332.69,9277.85,3690.05,3107.03,0.0,59848.61,0.0,35646
6633,0.0,9391.3,0.0,0.0,0.0,5332.69,8119.55,13839.09,0.0,2115.63,61794.99,0.0,34567
6634,0.0,4544.22,0.0,0.0,0.0,5332.69,6569.4,17832.61,0.0,906.91,62629.35,0.0,33372
6635,0.0,2561.55,0.0,0.0,0.0,5332.69,4828.13,20681.63,0.0,0.0,62629.35,0.0,33404
6636,0.0,6003.86,0.0,0.0,0.0,5332.69,3123.37,18397.08,0.0,0.0,62629.35,0.0,32857
6637,0.0,4847.08,0.0,0.0,0.0,5332.69,1876.14,28444.36,0.0,7765.27,69773.4,0.0,32735
6638,0.0,9694.16,0.0,0.0,0.0,5332.69,1317.67,25667.87,0.0,9219.39,78255.24,0.0,32793
6639,0.0,14541.24,0.0,0.0,0.0,5332.69,1159.73,14252.82,0.0,1896.48,80000.0,0.0,33390
6640,0.0,19388.31,0.0,0.0,0.0,5332.69,1159.73,2510.6,6225.66,0.0,73232.98,0.0,34617
6641,0.0,19388.31,0.0,0.0,4323.17,5332.69,1489.34,201.86,5473.63,0.0,67283.38,0.0,36209
6642,0.0,19388.31,0.0,0.0,0.0,5332.69,1675.31,0.0,10656.69,0.0,55700.02,0.0,37053
6643,0.0,19388.31,0.0,0.0,8341.01,5332.69,1489.34,0.0,3239.65,0.0,52178.66,0.0,37791
6644,0.0,19388.31,0.0,0.0,8341.01,5332.69,0.0,0.0,4219.99,0.0,47591.72,0.0,37282
6645,0.0,19388.31,0.0,0.0,0.0,5332.69,0.0,0.0,10967.0,0.0,35671.07,0.0,35688
6646,0.0,19388.31,0.0,0.0,8341.01,5332.69,0.0,0.0,454.99,0.0,35176.52,0.0,33517
6647,0.0,19388.31,0.0,0.0,6595.0,5332.69,0.0,0.0,0.0,0.0,35176.52,0.0,31316
6648,0.0,19388.31,0.0,0.0,4900.0,5332.69,0.0,0.0,0.0,0.0,35176.52,0.0,29621
6649,0.0,19388.31,0.0,0.0,3908.0,5332.69,0.0,0.0,0.0,0.0,35176.52,0.0,28629
6650,0.0,19388.31,0.0,0.0,3317.0,5332.69,0.0,0.0,0.0,0.0,35176.52,0.0,28038
6651,0.0,19388.31,0.0,0.0,3110.0,5332.69,0.0,0.0,0.0,0.0,35176.52,0.0,27831
6652,0.0,19388.31,0.0,0.0,3124.0,5332.69,0.0,0.0,0.0,0.0,35176.52,0.0,27845
6653,0.0,19388.31,0.0,0.0,4302.0,5332.69,0.0,0.0,0.0,0.0,35176.52,0.0,29023
6654,0.0,19388.31,0.0,0.0,0.0,5332.69,0.0,0.0,7103.0,0.0,27455.87,0.0,31824
6655,0.0,19388.31,0.0,0.0,0.0,5332.69,0.0,0.0,9781.0,0.0,16824.35,0.0,34502
6656,0.0,19388.31,0.0,0.0,8341.01,5332.69,0.0,1173.91,434.08,0.0,16352.53,0.0,34670
6657,0.0,19388.31,0.0,0.0,0.0,5332.69,0.0,2601.03,6582.96,0.0,9197.13,0.0,33905
6658,0.0,19388.31,0.0,0.0,4013.09,5332.69,0.0,4664.9,0.0,0.0,9197.13,0.0,33399
6659,0.0,19388.31,0.0,0.0,5984.57,5332.69,0.0,2470.43,0.0,0.0,9197.13,0.0,33176
6660,0.0,19388.31,0.0,0.0,2998.82,5332.69,1489.34,3922.83,0.0,0.0,9197.13,0.0,33132
6661,0.0,19388.31,0.0,0.0,0.0,5332.69,2573.58,7981.76,0.0,2193.34,11215.01,0.0,33083
6662,0.0,19388.31,0.0,0.0,0.0,5332.69,3425.44,6054.29,0.0,918.73,12060.24,0.0,33282
6663,0.0,19388.31,0.0,0.0,0.0,5332.69,4086.75,11735.07,0.0,6548.83,18085.16,0.0,33994
6664,0.0,19388.31,0.0,0.0,0.0,5332.69,4447.15,6408.54,0.0,87.69,18165.84,0.0,35489
6665,0.0,19388.31,0.0,0.0,0.0,5332.69,5230.28,3560.87,3796.85,0.0,14038.83,0.0,37309
6666,0.0,19388.31,0.0,0.0,0.0,5332.69,6569.4,158.97,6351.63,0.0,7134.88,0.0,37801
6667,0.0,19388.31,0.0,0.0,0.0,5332.69,7061.9,0.0,6564.09,0.0,0.0,0.0,38347
6668,0.0,19388.31,0.0,0.0,4911.45,5332.69,8119.55,0.0,0.0,0.0,0.0,0.0,37752
6669,0.0,19388.31,0.0,0.0,1335.82,5332.69,9896.18,0.0,0.0,0.0,0.0,0.0,35953
6670,0.0,16988.27,0.0,0.0,0.0,5332.69,11214.04,0.0,0.0,0.0,0.0,0.0,33535
6671,0.0,14857.27,0.0,0.0,0.0,5332.69,11214.04,0.0,0.0,0.0,0.0,0.0,31404
6672,0.0,15539.15,0.0,0.0,0.0,5332.69,9896.18,0.0,0.0,916.02,842.74,0.0,29852
6673,0.0,19388.31,0.0,0.0,0.0,5332.69,9896.18,0.0,0.0,5725.18,6109.91,0.0,28892
6674,0.0,14541.24,0.0,0.0,0.0,5332.69,9896.18,0.0,0.0,1542.1,7528.64,0.0,28228
6675,0.0,19388.31,0.0,0.0,0.0,5332.69,9896.18,0.0,0.0,6484.18,13494.09,0.0,28133
6676,0.0,14541.24,0.0,0.0,0.0,5332.69,10541.38,0.0,0.0,2317.31,15626.01,0.0,28098
6677,0.0,12762.27,0.0,0.0,0.0,5332.69,11214.04,0.0,0.0,0.0,15626.01,0.0,29309
6678,0.0,14541.24,0.0,0.0,0.0,5332.69,11214.04,0.0,978.03,0.0,14562.94,0.0,32066
6679,0.0,9694.16,0.0,0.0,0.0,5332.69,11914.72,0.0,7830.43,0.0,6051.6,0.0,34772
6680,0.0,4847.08,0.0,0.0,0.0,5332.69,11914.72,7419.04,5567.47,0.0,0.0,0.0,35081
6681,0.0,0.0,0.0,0.0,0.0,5332.69,12321.55,17234.76,0.0,0.0,0.0,0.0,34889
6682,0.0,0.0,0.0,0.0,0.0,5332.69,15009.12,25069.97,0.0,10459.78,9622.99,0.0,34952
6683,0.0,0.0,0.0,0.0,0.0,958.69,16739.33,30479.45,0.0,13255.47,21818.03,0.0,34922
6684,0.0,0.0,0.0,0.0,0.0,5332.69,19576.27,9992.04,0.0,0.0,21818.03,0.0,34901
6685,0.0,0.0,0.0,0.0,0.0,5332.69,23833.93,14271.09,0.0,8697.71,29819.92,0.0,34740
6686,0.0,0.0,0.0,0.0,0.0,5332.69,28668.06,12207.41,0.0,11605.17,40496.67,0.0,34603
6687,0.0,0.0,0.0,0.0,0.0,5332.69,31312.75,10800.75,0.0,12545.19,52038.25,0.0,34901
6688,0.0,0.0,0.0,0.0,0.0,5332.69,29061.74,12961.6,0.0,11608.03,62717.64,0.0,35748
6689,0.0,0.0,0.0,0.0,0.0,5332.69,34115.28,68.38,0.0,2982.36,65461.41,0.0,36534
6690,0.0,0.0,0.0,0.0,0.0,5332.69,35843.92,14.47,0.0,4571.07,69666.8,0.0,36620
6691,0.0,0.0,0.0,0.0,0.0,5332.69,32440.31,0.0,0.0,0.0,69666.8,0.0,37773
6692,0.0,0.0,0.0,0.0,0.0,958.69,35785.31,0.0,0.0,0.0,69666.8,0.0,36744
6693,0.0,0.0,0.0,0.0,0.0,5332.69,29891.31,0.0,0.0,0.0,69666.8,0.0,35224
6694,0.0,0.0,0.0,0.0,0.0,5332.69,38625.05,0.0,0.0,11231.74,80000.0,0.0,32726
6695,0.0,0.0,0.0,0.0,0.0,5332.69,24986.99,0.0,517.32,0.0,79437.69,0.0,30837
6696,0.0,0.0,0.0,0.0,0.0,958.69,8782.31,0.0,20000.0,0.0,57698.56,0.0,29741
6697,0.0,0.0,0.0,0.0,0.0,5332.69,21635.33,0.0,1319.98,0.0,56263.79,0.0,28288
6698,0.0,0.0,0.0,0.0,0.0,5332.69,20588.64,0.0,1713.67,0.0,54401.11,0.0,27635
6699,0.0,0.0,0.0,0.0,0.0,5332.69,16739.33,0.0,5188.98,0.0,48760.91,0.0,27261
6700,0.0,0.0,0.0,0.0,0.0,958.69,6392.31,0.0,20000.0,0.0,27021.78,0.0,27351
6701,0.0,0.0,0.0,0.0,0.0,5332.69,21635.33,0.0,1524.98,0.0,25364.19,0.0,28493
6702,0.0,0.0,0.0,0.0,0.0,5332.69,28668.06,0.0,0.0,3198.75,28307.04,0.0,30802
6703,0.0,0.0,0.0,0.0,0.0,5332.69,28032.31,0.0,0.0,0.0,28307.04,0.0,33365
6704,0.0,0.0,0.0,0.0,0.0,5332.69,29512.61,23.7,0.0,0.0,28307.04,0.0,34869
6705,0.0,0.0,0.0,0.0,0.0,5332.69,28668.06,17379.13,0.0,16335.89,43336.06,0.0,35044
6706,0.0,0.0,0.0,0.0,0.0,5332.69,24986.99,18420.63,0.0,14321.3,56511.66,0.0,34419
6707,0.0,0.0,0.0,0.0,0.0,5332.69,19576.27,26960.49,0.0,17660.45,72759.27,0.0,34209
6708,0.0,0.0,0.0,0.0,0.0,5332.69,15009.12,22127.55,0.0,7870.36,80000.0,0.0,34599
6709,0.0,0.0,0.0,0.0,0.0,5332.69,8037.49,21322.82,0.0,0.0,80000.0,0.0,34693
6710,0.0,0.0,0.0,0.0,0.0,5332.69,8580.68,20189.63,0.0,0.0,80000.0,0.0,34103
6711,0.0,4847.08,0.0,0.0,0.0,5332.69,9896.18,3769.91,10379.14,0.0,68718.32,0.0,34225
6712,0.0,7376.48,0.0,0.0,0.0,5332.69,9277.85,19355.65,0.0,6718.67,74899.49,0.0,34624
6713,0.0,12223.56,0.0,0.0,0.0,5332.69,8685.83,2131.46,7480.46,0.0,66768.56,0.0,35854
6714,0.0,17070.64,0.0,0.0,0.0,5332.69,7578.43,204.87,6414.37,0.0,59796.42,0.0,36601
6715,0.0,19388.31,0.0,0.0,0.0,5332.69,7061.9,0.0,5824.09,0.0,53465.88,0.0,37607
6716,0.0,19388.31,0.0,0.0,0.0,5332.69,6100.34,0.0,6160.66,0.0,46769.51,0.0,36982
6717,0.0,19388.31,0.0,0.0,0.0,5332.69,4828.13,0.0,5905.86,0.0,40350.09,0.0,35455
6718,0.0,19388.31,0.0,0.0,0.0,5332.69,3746.37,0.0,5639.63,0.0,34220.07,0.0,34107
6719,0.0,19388.31,0.0,0.0,0.0,5332.69,2573.58,0.0,4485.42,0.0,29344.61,0.0,31780
6720,0.0,19388.31,0.0,0.0,0.0,5332.69,1489.34,0.0,3790.66,0.0,25224.34,0.0,30001
6721,0.0,19388.31,0.0,0.0,0.0,5332.69,1317.67,0.0,2495.32,0.0,22512.03,0.0,28534
6722,0.0,19388.31,0.0,0.0,0.0,5332.69,1489.34,0.0,1721.66,0.0,20640.66,0.0,27932
6723,0.0,19388.31,0.0,0.0,0.0,5332.69,2324.71,0.0,799.29,0.0,19771.87,0.0,27845
6724,0.0,19388.31,0.0,0.0,0.0,5332.69,2839.61,0.0,309.38,0.0,19435.58,0.0,27870
6725,0.0,19388.31,0.0,0.0,0.0,5332.69,3746.37,0.0,129.63,0.0,19294.68,0.0,28597
6726,0.0,19388.31,0.0,0.0,0.0,5332.69,4828.13,0.0,585.86,0.0,18657.87,0.0,30135
6727,0.0,14541.24,0.0,0.0,0.0,5332.69,5654.16,0.0,5690.92,0.0,12472.09,0.0,31219
6728,0.0,9694.16,0.0,0.0,0.0,5332.69,6100.34,7513.42,3670.39,0.0,8482.54,0.0,32311
6729,0.0,4847.08,0.0,0.0,0.0,5332.69,6100.34,17316.13,0.0,340.24,8795.55,0.0,33256
6730,0.0,0.0,0.0,0.0,0.0,5332.69,5230.28,24288.02,0.0,2154.98,10778.14,0.0,32696
6731,0.0,0.0,0.0,0.0,0.0,5332.69,3746.37,29346.42,0.0,5157.48,15523.02,0.0,33268
6732,0.0,0.0,0.0,0.0,0.0,5332.69,4086.75,32240.81,0.0,8907.25,23717.69,0.0,32753
6733,0.0,0.0,0.0,0.0,0.0,5332.69,5654.16,32705.35,0.0,11887.19,34653.91,0.0,31805
6734,0.0,0.0,0.0,0.0,0.0,5332.69,8119.55,30737.99,0.0,12304.23,45973.81,0.0,31886
6735,0.0,0.0,0.0,0.0,0.0,5332.69,9896.18,26287.05,0.0,9786.91,54977.77,0.0,31729
6736,0.0,149.07,0.0,0.0,0.0,5332.69,11914.72,19609.54,0.0,4689.03,59291.67,0.0,32317
6737,0.0,4996.15,0.0,0.0,0.0,5332.69,12644.0,10170.16,0.0,0.0,59291.67,0.0,33143
6738,0.0,9843.23,0.0,0.0,0.0,5332.69,14190.63,853.76,3734.7,0.0,55232.22,0.0,33955
6739,0.0,14543.19,0.0,0.0,0.0,5332.69,15009.12,0.0,0.0,0.0,55232.22,0.0,34885
6740,0.0,11543.98,0.0,0.0,0.0,5332.69,16739.33,0.0,0.0,0.0,55232.22,0.0,33616
6741,0.0,7482.04,0.0,0.0,0.0,5332.69,19576.27,0.0,0.0,0.0,55232.22,0.0,32391
6742,0.0,5018.67,0.0,0.0,0.0,5332.69,20588.64,0.0,0.0,0.0,55232.22,0.0,30940
6743,0.0,5724.67,0.0,0.0,0.0,5332.69,18597.64,0.0,0.0,0.0,55232.22,0.0,29655
6744,0.0,7250.81,0.0,0.0,0.0,5332.69,15858.5,0.0,0.0,0.0,55232.22,0.0,28442
6745,0.0,8717.87,0.0,0.0,0.0,5332.69,13402.44,0.0,0.0,0.0,55232.22,0.0,27453
6746,0.0,10103.27,0.0,0.0,0.0,5332.69,11214.04,0.0,0.0,0.0,55232.22,0.0,26650
6747,0.0,11810.46,0.0,0.0,0.0,5332.69,9277.85,0.0,0.0,0.0,55232.22,0.0,26421
6748,0.0,14486.91,0.0,0.0,0.0,5332.69,6569.4,0.0,0.0,0.0,55232.22,0.0,26389
6749,0.0,17227.16,0.0,0.0,0.0,5332.69,4447.15,0.0,0.0,0.0,55232.22,0.0,27007
6750,0.0,19289.94,0.0,0.0,0.0,5332.69,3123.37,0.0,0.0,0.0,55232.22,0.0,27746
6751,0.0,19388.31,0.0,0.0,0.0,5332.69,2324.71,0.0,2379.29,0.0,52646.03,0.0,29425
6752,0.0,14541.24,0.0,0.0,0.0,5332.69,2839.61,1512.85,7366.61,0.0,44638.85,0.0,31593
6753,0.0,9694.16,0.0,0.0,0.0,5332.69,4086.75,13089.81,296.6,0.0,44316.46,0.0,32500
6754,0.0,4847.08,0.0,0.0,0.0,5332.69,4447.15,18295.62,0.0,1006.54,45242.47,0.0,31916
6755,0.0,0.0,0.0,0.0,0.0,5332.69,3746.37,28074.56,0.0,5876.62,50648.96,0.0,31277
6756,0.0,0.0,0.0,0.0,0.0,5332.69,2839.61,23600.63,0.0,636.93,51234.94,0.0,31136
6757,0.0,0.0,0.0,0.0,0.0,5332.69,1876.14,30834.72,0.0,7827.55,58436.29,0.0,30216
6758,0.0,4847.08,0.0,0.0,0.0,5332.69,0.0,24139.79,0.0,3976.55,62094.71,0.0,30343
6759,0.0,9694.16,0.0,0.0,0.0,5332.69,0.0,6323.25,9848.9,0.0,51389.39,0.0,31199
6760,0.0,14541.24,0.0,0.0,0.0,5332.69,0.0,8166.89,4228.19,0.0,46793.53,0.0,32269
6761,0.0,19388.31,0.0,0.0,0.0,5332.69,1489.34,483.36,6768.29,0.0,39436.69,0.0,33462
6762,0.0,19388.31,0.0,0.0,0.0,5332.69,1675.31,36.22,7056.47,0.0,31766.61,0.0,33489
6763,0.0,19388.31,0.0,0.0,0.0,5332.69,2092.42,0.0,6853.58,0.0,24317.07,0.0,33667
6764,0.0,19388.31,0.0,0.0,0.0,5332.69,2839.61,0.0,5319.38,0.0,18535.13,0.0,32880
6765,0.0,19388.31,0.0,0.0,0.0,5332.69,3123.37,0.0,4219.62,0.0,13948.58,0.0,32064
6766,0.0,19388.31,0.0,0.0,0.0,5332.69,3425.44,0.0,3047.56,0.0,10636.02,0.0,31194
6767,0.0,19388.31,0.0,0.0,0.0,5332.69,3746.37,0.0,1328.63,0.0,9191.86,0.0,29796
6768,0.0,18921.56,0.0,0.0,0.0,5332.69,4086.75,0.0,0.0,0.0,9191.86,0.0,28341
6769,0.0,17770.56,0.0,0.0,0.0,5332.69,4086.75,0.0,0.0,0.0,9191.86,0.0,27190
6770,0.0,17611.94,0.0,0.0,0.0,5332.69,3746.37,0.0,0.0,0.0,9191.86,0.0,26691
6771,0.0,17524.88,0.0,0.0,0.0,5332.69,3425.44,0.0,0.0,0.0,9191.86,0.0,26283
6772,0.0,16861.56,0.0,0.0,0.0,5332.69,4086.75,0.0,0.0,0.0,9191.86,0.0,26281
6773,0.0,16251.03,0.0,0.0,0.0,5332.69,5230.28,0.0,0.0,0.0,9191.86,0.0,26814
6774,0.0,16355.91,0.0,0.0,0.0,5332.69,6569.4,0.0,0.0,0.0,9191.86,0.0,28258
6775,0.0,11829.5,0.0,0.0,0.0,5332.69,8685.83,0.0,3534.98,0.0,5349.49,0.0,29383
6776,0.0,6982.42,0.0,0.0,0.0,5332.69,9896.18,2949.18,4921.53,0.0,0.0,0.0,30082
6777,0.0,2135.34,0.0,0.0,0.0,5332.69,9896.18,12807.79,0.0,0.0,0.0,0.0,30172
6778,0.0,0.0,0.0,0.0,0.0,5332.69,9896.18,17692.33,0.0,3591.2,3303.9,0.0,29330
6779,0.0,0.0,0.0,0.0,0.0,5332.69,9896.18,19550.57,0.0,5666.44,8517.03,0.0,29113
6780,0.0,0.0,0.0,0.0,0.0,5332.69,9896.18,21922.93,0.0,7530.8,15445.36,0.0,29621
6781,0.0,0.0,0.0,0.0,0.0,5332.69,9896.18,23239.42,0.0,9366.29,24062.35,0.0,29102
6782,0.0,0.0,0.0,0.0,0.0,5332.69,9896.18,22727.45,0.0,9064.32,32401.52,0.0,28892
6783,0.0,0.0,0.0,0.0,0.0,5332.69,10541.38,19843.62,0.0,6804.69,38661.84,0.0,28913
6784,0.0,0.0,0.0,0.0,0.0,5332.69,10541.38,14411.72,0.0,11.79,38672.69,0.0,30274
6785,0.0,4847.08,0.0,0.0,0.0,5332.69,9896.18,6655.8,5382.26,0.0,32822.41,0.0,32114
6786,0.0,9694.16,0.0,0.0,0.0,5332.69,9896.18,349.9,8763.07,0.0,23297.33,0.0,34036
6787,0.0,8692.03,0.0,0.0,0.0,5332.69,10541.38,0.0,10417.9,0.0,11973.52,0.0,34984
6788,0.0,3844.95,0.0,0.0,0.0,5332.69,14190.63,0.0,10457.74,0.0,606.42,0.0,33826
6789,0.0,4847.08,0.0,0.0,0.0,5332.69,21635.33,0.0,557.91,0.0,0.0,0.0,32373
6790,0.0,0.0,0.0,0.0,0.0,5332.69,27403.48,0.0,0.0,2075.17,1909.16,0.0,30661
6791,0.0,0.0,0.0,0.0,0.0,5332.69,30409.32,0.0,0.0,7111.01,8451.29,0.0,28631
6792,0.0,0.0,0.0,0.0,0.0,5332.69,22198.31,0.0,0.0,0.0,8451.29,0.0,27531
6793,0.0,0.0,0.0,0.0,0.0,5332.69,21481.31,0.0,0.0,0.0,8451.29,0.0,26814
6794,0.0,0.0,0.0,0.0,0.0,1394.49,44950.51,0.0,0.0,20000.0,26851.29,0.0,26345
6795,0.0,0.0,0.0,0.0,0.0,5332.69,40067.51,0.0,0.0,19025.2,44354.47,0.0,26375
6796,0.0,0.0,0.0,0.0,0.0,4374.0,22216.0,0.0,0.0,0.0,44354.47,0.0,26590
6797,0.0,0.0,0.0,0.0,0.0,0.0,8177.0,0.0,20000.0,0.0,22615.34,0.0,28177
6798,0.0,0.0,0.0,0.0,0.0,0.0,31561.0,0.0,0.0,0.0,22615.34,0.0,31561
6799,0.0,0.0,0.0,0.0,0.0,4374.0,30319.0,0.0,0.0,0.0,22615.34,0.0,34693
6800,0.0,0.0,0.0,0.0,0.0,5332.69,27403.48,2417.05,384.78,0.0,22197.1,0.0,35538
6801,0.0,0.0,0.0,0.0,0.0,4374.0,40067.51,0.0,0.0,9872.51,31279.81,0.0,34569
6802,0.0,0.0,0.0,0.0,0.0,0.0,33136.82,69.18,0.0,0.0,31279.81,0.0,33206
6803,0.0,0.0,0.0,0.0,0.0,4374.0,28812.32,0.0,0.0,709.32,31932.39,0.0,32477
6804,0.0,0.0,0.0,0.0,0.0,0.0,32199.64,71.36,0.0,0.0,31932.39,0.0,32271
6805,0.0,0.0,0.0,0.0,0.0,0.0,32449.0,0.0,0.0,0.0,31932.39,0.0,32449
6806,0.0,0.0,0.0,0.0,0.0,0.0,32247.03,97.97,0.0,0.0,31932.39,0.0,32345
6807,0.0,0.0,0.0,0.0,0.0,0.0,33028.0,0.0,0.0,0.0,31932.39,0.0,33028
6808,0.0,0.0,0.0,0.0,0.0,0.0,34009.37,56.63,0.0,0.0,31932.39,0.0,34066
6809,0.0,0.0,0.0,0.0,0.0,0.0,44950.51,0.0,0.0,9302.51,40490.69,0.0,35648
6810,0.0,0.0,0.0,0.0,0.0,4374.0,32454.42,0.58,0.0,0.0,40490.69,0.0,36829
6811,0.0,0.0,0.0,0.0,0.0,5332.69,31600.31,0.0,0.0,0.0,40490.69,0.0,36933
6812,0.0,0.0,0.0,0.0,0.0,5332.69,30253.31,0.0,0.0,0.0,40490.69,0.0,35586
6813,0.0,0.0,0.0,0.0,0.0,5332.69,28751.31,0.0,0.0,0.0,40490.69,0.0,34084
6814,0.0,0.0,0.0,0.0,0.0,5332.69,40067.51,0.0,0.0,13431.2,52847.39,0.0,31969
6815,0.0,0.0,0.0,0.0,0.0,958.69,29257.31,0.0,0.0,0.0,52847.39,0.0,30216
6816,0.0,0.0,0.0,0.0,0.0,5332.69,40067.51,0.0,0.0,16882.2,68379.01,0.0,28518
6817,0.0,0.0,0.0,0.0,0.0,958.69,26985.31,0.0,0.0,0.0,68379.01,0.0,27944
6818,0.0,0.0,0.0,0.0,0.0,0.0,40067.51,0.0,0.0,12631.51,80000.0,0.0,27436
6819,0.0,0.0,0.0,0.0,0.0,958.69,26161.31,0.0,0.0,0.0,80000.0,0.0,27120
6820,0.0,0.0,0.0,0.0,0.0,5332.69,22203.31,0.0,0.0,0.0,80000.0,0.0,27536
6821,0.0,1312.98,0.0,0.0,0.0,5332.69,21635.33,0.0,0.0,0.0,80000.0,0.0,28281
6822,0.0,4847.08,0.0,0.0,0.0,5332.69,15858.5,0.0,4664.74,0.0,74929.64,0.0,30703
6823,0.0,9694.16,0.0,0.0,0.0,5332.69,12644.0,0.0,5585.15,0.0,68858.82,0.0,33256
6824,0.0,4847.08,0.0,0.0,0.0,5332.69,11914.72,1328.45,10837.06,0.0,57079.41,0.0,34260
6825,0.0,0.0,0.0,0.0,0.0,5332.69,15009.12,2470.71,11627.48,0.0,44440.84,0.0,34440
6826,0.0,0.0,0.0,0.0,0.0,5332.69,20588.64,8294.95,234.72,0.0,44185.71,0.0,34451
6827,0.0,0.0,0.0,0.0,0.0,5332.69,21635.33,9686.8,0.0,1762.81,45807.5,0.0,34892
6828,0.0,1118.19,0.0,0.0,0.0,5332.69,19576.27,8516.57,313.28,0.0,45466.97,0.0,34857
6829,0.0,5965.27,0.0,0.0,0.0,5332.69,16739.33,6639.72,0.0,0.0,45466.97,0.0,34677
6830,0.0,1118.19,0.0,0.0,0.0,5332.69,15858.5,4928.75,6979.87,0.0,37880.15,0.0,34218
6831,0.0,1809.92,0.0,0.0,0.0,5332.69,15009.12,864.65,11732.61,0.0,25127.31,0.0,34749
6832,0.0,6657.0,0.0,0.0,0.0,5332.69,14190.63,3262.97,6188.72,0.0,18400.45,0.0,35632
6833,0.0,1809.92,0.0,0.0,0.0,5332.69,17652.19,2455.22,9318.98,0.0,8271.12,0.0,36569
6834,0.0,0.0,0.0,0.0,0.0,5332.69,23833.93,96.95,7609.43,0.0,0.0,0.0,36873
6835,0.0,3574.25,0.0,0.0,0.0,5332.69,28668.06,0.0,0.0,0.0,0.0,0.0,37575
6836,0.0,0.0,0.0,0.0,0.0,5332.69,31012.31,0.0,0.0,0.0,0.0,0.0,36345
6837,0.0,0.0,0.0,0.0,0.0,5332.69,29457.31,0.0,0.0,0.0,0.0,0.0,34790
6838,0.0,0.0,0.0,0.0,0.0,5332.69,27963.31,0.0,0.0,0.0,0.0,0.0,33296
6839,0.0,0.0,0.0,0.0,0.0,5332.69,32694.0,0.0,0.0,6488.69,5969.59,0.0,31538
6840,0.0,0.0,0.0,0.0,0.0,958.69,28514.31,0.0,0.0,0.0,5969.59,0.0,29473
6841,0.0,0.0,0.0,0.0,0.0,5332.69,23019.31,0.0,0.0,0.0,5969.59,0.0,28352
6842,0.0,0.0,0.0,0.0,0.0,958.69,38625.05,0.0,0.0,11586.74,16629.4,0.0,27997
6843,0.0,0.0,0.0,0.0,0.0,5332.69,28159.68,0.0,0.0,5230.37,21441.34,0.0,28262
6844,0.0,0.0,0.0,0.0,0.0,958.69,26948.31,0.0,0.0,0.0,21441.34,0.0,27907
6845,0.0,0.0,0.0,0.0,0.0,0.0,28777.0,0.0,0.0,0.0,21441.34,0.0,28777
6846,0.0,0.0,0.0,0.0,0.0,0.0,31339.0,0.0,0.0,0.0,21441.34,0.0,31339
6847,0.0,0.0,0.0,0.0,0.0,0.0,40067.51,0.0,0.0,5830.51,26805.4,0.0,34237
6848,0.0,0.0,0.0,0.0,0.0,958.69,33154.12,2096.19,0.0,0.0,26805.4,0.0,36209
6849,0.0,0.0,0.0,0.0,0.0,5332.69,26398.24,4282.07,0.0,0.0,26805.4,0.0,36013
6850,0.0,0.0,0.0,0.0,0.0,2700.01,40067.51,13847.48,0.0,20000.0,45205.4,0.0,36615
6851,0.0,0.0,0.0,0.0,0.0,0.0,25221.2,11723.8,0.0,0.0,45205.4,0.0,36945
6852,0.0,0.0,0.0,0.0,0.0,2996.57,4727.14,27906.3,0.0,0.0,45205.4,0.0,35630
6853,0.0,0.0,0.0,0.0,0.0,0.0,34848.0,0.0,0.0,0.0,45205.4,0.0,34848
6854,0.0,0.0,0.0,0.0,0.0,4374.0,17494.99,12245.01,0.0,0.0,45205.4,0.0,34114
6855,0.0,0.0,0.0,0.0,0.0,958.69,41557.01,11813.3,0.0,20000.0,63605.4,0.0,34329
6856,0.0,0.0,0.0,0.0,0.0,5332.69,15494.47,14516.84,0.0,0.0,63605.4,0.0,35344
6857,0.0,0.0,0.0,0.0,0.0,5332.69,27397.81,3109.5,0.0,0.0,63605.4,0.0,35840
6858,0.0,0.0,0.0,0.0,0.0,4374.0,44950.51,115.53,0.0,12797.04,75378.68,0.0,36643
6859,0.0,0.0,0.0,0.0,0.0,0.0,37547.0,0.0,0.0,0.0,75378.68,0.0,37547
6860,0.0,0.0,0.0,0.0,0.0,0.0,37037.0,0.0,0.0,0.0,75378.68,0.0,37037
6861,0.0,0.0,0.0,0.0,0.0,0.0,35229.0,0.0,0.0,0.0,75378.68,0.0,35229
6862,0.0,0.0,0.0,0.0,0.0,4374.0,28377.0,0.0,0.0,0.0,75378.68,0.0,32751
6863,0.0,0.0,0.0,0.0,0.0,2625.77,27911.23,0.0,0.0,0.0,75378.68,0.0,30537
6864,0.0,0.0,0.0,0.0,0.0,5332.69,23566.31,0.0,0.0,0.0,75378.68,0.0,28899
6865,0.0,0.0,0.0,0.0,0.0,5332.69,23072.31,0.0,0.0,0.0,75378.68,0.0,28405
6866,0.0,0.0,0.0,0.0,0.0,5332.69,27403.48,0.0,0.0,5023.17,80000.0,0.0,27713
6867,0.0,0.0,0.0,0.0,0.0,5332.69,22269.31,0.0,0.0,0.0,80000.0,0.0,27602
6868,0.0,0.0,0.0,0.0,0.0,5332.69,22424.31,0.0,0.0,0.0,80000.0,0.0,27757
6869,0.0,1914.98,0.0,0.0,0.0,5332.69,21635.33,0.0,0.0,0.0,80000.0,0.0,28883
6870,0.0,4484.96,0.0,0.0,0.0,5332.69,19576.27,0.0,2088.08,0.0,77730.35,0.0,31482
6871,0.0,9332.04,0.0,0.0,0.0,5332.69,19576.27,0.0,0.0,0.0,77730.35,0.0,34241
6872,0.0,7683.26,0.0,0.0,0.0,5332.69,20588.64,1384.4,0.0,0.0,77730.35,0.0,34989
6873,0.0,7406.95,0.0,0.0,0.0,5332.69,20588.64,1858.71,0.0,0.0,77730.35,0.0,35187
6874,0.0,6645.09,0.0,0.0,0.0,5332.69,20588.64,2410.58,0.0,0.0,77730.35,0.0,34977
6875,0.0,4764.42,0.0,0.0,0.0,5332.69,19576.27,4415.62,0.0,0.0,77730.35,0.0,34089
6876,0.0,6670.39,0.0,0.0,0.0,5332.69,16739.33,4762.59,0.0,0.0,77730.35,0.0,33505
6877,0.0,9870.48,0.0,0.0,0.0,5332.69,14190.63,2684.21,0.0,0.0,77730.35,0.0,32078
6878,0.0,6165.77,0.0,0.0,0.0,5332.69,12644.0,3506.74,3717.8,0.0,73689.26,0.0,31367
6879,0.0,8410.32,0.0,0.0,0.0,5332.69,11914.72,5693.26,0.0,0.0,73689.26,0.0,31351
6880,0.0,13257.4,0.0,0.0,0.0,5332.69,9896.18,3763.56,141.17,0.0,73535.81,0.0,32391
6881,0.0,18104.48,0.0,0.0,0.0,5332.69,6569.4,613.59,2771.84,0.0,70522.94,0.0,33392
6882,0.0,19388.31,0.0,0.0,0.0,5332.69,4828.13,0.0,5090.86,0.0,64989.39,0.0,34640
6883,0.0,19388.31,0.0,0.0,0.0,5332.69,3123.37,0.0,7778.62,0.0,56534.37,0.0,35623
6884,0.0,19388.31,0.0,0.0,0.0,5332.69,1675.31,0.0,8149.69,0.0,47676.01,0.0,34546
6885,0.0,19388.31,0.0,0.0,0.0,5332.69,0.0,0.0,8621.0,0.0,38305.36,0.0,33342
6886,0.0,19388.31,0.0,0.0,0.0,5332.69,0.0,0.0,7128.0,0.0,30557.54,0.0,31849
6887,0.0,19388.31,0.0,0.0,0.0,5332.69,0.0,0.0,5135.0,0.0,24976.02,0.0,29856
6888,0.0,14541.24,0.0,0.0,0.0,5332.69,0.0,0.0,8307.07,0.0,15946.59,0.0,28181
6889,0.0,19388.31,0.0,0.0,0.0,5332.69,0.0,0.0,2003.0,0.0,13769.42,0.0,26724
6890,0.0,19388.31,0.0,0.0,0.0,5332.69,0.0,0.0,2088.0,0.0,11499.86,0.0,26809
6891,0.0,19374.0,0.0,0.0,0.0,5332.69,1675.31,0.0,0.0,0.0,11499.86,0.0,26382
6892,0.0,14526.93,0.0,0.0,0.0,5332.69,4086.75,0.0,2387.63,0.0,8904.61,0.0,26334
6893,0.0,13618.88,0.0,0.0,0.0,5332.69,7578.43,0.0,0.0,0.0,8904.61,0.0,26530
6894,0.0,8771.8,0.0,0.0,0.0,5332.69,10541.38,0.0,3499.13,0.0,5101.21,0.0,28145
6895,0.0,4847.08,0.0,0.0,0.0,5332.69,15009.12,0.0,4693.11,0.0,0.0,0.0,29882
6896,0.0,0.0,0.0,0.0,0.0,5332.69,22716.9,5809.47,0.0,2566.05,2360.77,0.0,31293
6897,0.0,0.0,0.0,0.0,0.0,5332.69,28668.06,15530.14,0.0,17413.89,18381.55,0.0,32117
6898,0.0,0.0,0.0,0.0,0.0,958.69,28505.27,22653.04,0.0,20000.0,36781.55,0.0,32117
6899,0.0,0.0,0.0,0.0,0.0,958.69,32405.53,18708.78,0.0,20000.0,55181.55,0.0,32073
6900,0.0,0.0,0.0,0.0,0.0,5332.69,31312.75,6521.46,0.0,11573.9,65829.54,0.0,31593
6901,0.0,0.0,0.0,0.0,0.0,5332.69,24986.99,5257.52,0.0,4025.2,69532.72,0.0,31552
6902,0.0,0.0,0.0,0.0,0.0,5332.69,18597.64,15693.92,0.0,8148.25,77029.11,0.0,31476
6903,0.0,0.0,0.0,0.0,0.0,958.69,10393.21,23452.33,0.0,3229.23,80000.0,0.0,31575
6904,0.0,4847.08,0.0,0.0,0.0,5332.69,9896.18,11058.35,890.7,0.0,79031.85,0.0,32025
6905,0.0,9694.16,0.0,0.0,0.0,5332.69,6100.34,6927.55,5623.26,0.0,72919.6,0.0,33678
6906,0.0,14541.24,0.0,0.0,0.0,5332.69,2839.61,0.0,11818.46,0.0,60073.45,0.0,34532
6907,0.0,19388.31,0.0,0.0,0.0,5332.69,1489.34,0.0,8579.66,0.0,50747.74,0.0,34790
6908,0.0,19388.31,0.0,0.0,0.0,5332.69,1876.14,0.0,7147.86,0.0,42978.33,0.0,33745
6909,0.0,19388.31,0.0,0.0,0.0,5332.69,3425.44,0.0,4367.56,0.0,38230.98,0.0,32514
6910,0.0,19388.31,0.0,0.0,0.0,5332.69,5230.28,0.0,1194.72,0.0,36932.37,0.0,31146
6911,0.0,19388.31,0.0,0.0,0.0,5332.69,6569.4,0.0,0.0,1780.4,38570.34,0.0,29510
6912,0.0,17870.56,0.0,0.0,0.0,5332.69,8119.55,0.0,0.0,3498.8,41789.23,0.0,27824
6913,0.0,13023.48,0.0,0.0,0.0,5332.69,8685.83,0.0,0.0,0.0,41789.23,0.0,27042
6914,0.0,13144.0,0.0,0.0,0.0,5332.69,9896.18,0.0,0.0,1452.87,43125.87,0.0,26920
6915,0.0,8296.92,0.0,0.0,0.0,5332.69,14190.63,0.0,0.0,866.24,43922.81,0.0,26954
6916,0.0,7025.18,0.0,0.0,0.0,5332.69,21635.33,0.0,0.0,7405.19,50735.59,0.0,26588
6917,0.0,2178.1,0.0,0.0,0.0,5332.69,23833.93,0.0,0.0,4470.71,54848.64,0.0,26874
6918,0.0,7025.18,0.0,0.0,0.0,5332.69,19576.27,0.0,0.0,4302.14,58806.61,0.0,27632
6919,0.0,11872.26,0.0,0.0,0.0,5332.69,15858.5,0.0,0.0,4136.44,62612.13,0.0,28927
6920,0.0,16719.33,0.0,0.0,0.0,5332.69,12644.0,1071.15,0.0,5424.18,67602.38,0.0,30343
6921,0.0,13144.0,0.0,0.0,0.0,5332.69,9277.85,4283.26,0.0,448.8,68015.27,0.0,31589
6922,0.0,17772.5,0.0,0.0,0.0,5332.69,5230.28,3179.53,0.0,0.0,68015.27,0.0,31515
6923,0.0,18315.15,0.0,0.0,0.0,5332.69,2092.42,4929.74,0.0,0.0,68015.27,0.0,30670
6924,0.0,19388.31,0.0,0.0,0.0,5332.69,0.0,2943.51,3192.49,0.0,64545.18,0.0,30857
6925,0.0,19388.31,0.0,0.0,0.0,5332.69,0.0,776.34,5094.66,0.0,59007.51,0.0,30592
6926,0.0,19388.31,0.0,0.0,0.0,5332.69,0.0,843.72,5599.27,0.0,52921.34,0.0,31164
6927,0.0,19388.31,0.0,0.0,0.0,5332.69,0.0,3303.47,3893.52,0.0,48689.25,0.0,31918
6928,0.0,19388.31,0.0,0.0,0.0,5332.69,0.0,2392.97,6574.02,0.0,41543.57,0.0,33688
6929,0.0,14541.24,0.0,0.0,0.0,5332.69,0.0,1569.82,13653.26,0.0,26703.07,0.0,35097
6930,0.0,9694.16,0.0,0.0,0.0,5332.69,3123.37,0.0,17038.78,0.0,8182.66,0.0,35189
6931,0.0,4847.08,0.0,0.0,0.0,5332.69,17652.19,0.0,7528.05,0.0,0.0,0.0,35360
6932,0.0,0.0,0.0,0.0,0.0,5332.69,41712.27,0.0,0.0,12471.95,11474.2,0.0,34573
6933,0.0,0.0,0.0,0.0,0.0,5332.69,40067.51,0.0,0.0,12243.2,22737.94,0.0,33157
6934,0.0,0.0,0.0,0.0,0.0,4374.0,44950.51,0.0,0.0,18042.51,39337.04,0.0,31282
6935,0.0,0.0,0.0,0.0,0.0,0.0,29524.0,0.0,0.0,0.0,39337.04,0.0,29524
6936,0.0,0.0,0.0,0.0,0.0,0.0,7741.0,0.0,20000.0,0.0,17597.91,0.0,27741
6937,0.0,0.0,0.0,0.0,0.0,0.0,27104.0,0.0,0.0,0.0,17597.91,0.0,27104
6938,0.0,0.0,0.0,0.0,0.0,0.0,44950.51,0.0,0.0,18300.51,34434.38,0.0,26650
6939,0.0,0.0,0.0,0.0,0.0,4374.0,40067.51,0.0,0.0,17805.51,50815.45,0.0,26636
6940,0.0,0.0,0.0,0.0,0.0,2061.49,44950.51,0.0,0.0,20000.0,69215.45,0.0,27012
6941,0.0,0.0,0.0,0.0,0.0,0.0,28313.0,0.0,0.0,0.0,69215.45,0.0,28313
6942,0.0,0.0,0.0,0.0,0.0,0.0,40067.51,0.0,0.0,8878.51,77383.67,0.0,31189
6943,0.0,0.0,0.0,0.0,0.0,0.0,34878.0,0.0,0.0,0.0,77383.67,0.0,34878
6944,0.0,0.0,0.0,0.0,0.0,4374.0,28614.21,3095.79,0.0,0.0,77383.67,0.0,36084
6945,0.0,0.0,0.0,0.0,0.0,0.0,29543.18,6882.82,0.0,0.0,77383.67,0.0,36426
6946,0.0,0.0,0.0,0.0,0.0,4374.0,24426.63,7207.37,0.0,0.0,77383.67,0.0,36008
6947,0.0,0.0,0.0,0.0,0.0,5332.69,21635.33,3458.91,5385.08,0.0,71530.33,0.0,35812
6948,0.0,0.0,0.0,0.0,0.0,5332.69,18597.64,19524.0,0.0,7372.34,78312.88,0.0,36082
6949,0.0,0.0,0.0,0.0,0.0,5332.69,16739.33,15499.81,0.0,1833.83,80000.0,0.0,35738
6950,0.0,0.0,0.0,0.0,0.0,958.69,14190.63,20302.68,0.0,0.0,80000.0,0.0,35452
6951,0.0,4847.08,0.0,0.0,0.0,5332.69,12644.0,6665.29,6324.94,0.0,73125.06,0.0,35814
6952,0.0,9694.16,0.0,0.0,0.0,5332.69,11914.72,3709.32,6162.11,0.0,66427.11,0.0,36813
6953,0.0,14541.24,0.0,0.0,0.0,5332.69,11914.72,1029.75,5279.6,0.0,60688.41,0.0,38098
6954,0.0,19388.31,0.0,0.0,0.0,5332.69,11914.72,0.0,1584.27,0.0,58966.38,0.0,38220
6955,0.0,19388.31,0.0,0.0,0.0,5332.69,12644.0,0.0,1054.0,0.0,57820.73,0.0,38419
6956,0.0,19388.31,0.0,0.0,0.0,5332.69,13402.44,0.0,0.0,964.45,58708.02,0.0,37159
6957,0.0,16254.68,0.0,0.0,0.0,5332.69,14190.63,0.0,0.0,0.0,58708.02,0.0,35778
6958,0.0,16764.76,0.0,0.0,0.0,5332.69,14190.63,0.0,0.0,2450.08,60962.09,0.0,33838
6959,0.0,11917.68,0.0,0.0,0.0,5332.69,14190.63,0.0,0.0,0.0,60962.09,0.0,31441
6960,0.0,10674.68,0.0,0.0,0.0,5332.69,14190.63,0.0,0.0,0.0,60962.09,0.0,30198
6961,0.0,10943.31,0.0,0.0,0.0,5332.69,12644.0,0.0,0.0,0.0,60962.09,0.0,28920
6962,0.0,11028.59,0.0,0.0,0.0,5332.69,11914.72,0.0,0.0,0.0,60962.09,0.0,28276
6963,0.0,12092.93,0.0,0.0,0.0,5332.69,10541.38,0.0,0.0,0.0,60962.09,0.0,27967
6964,0.0,14305.48,0.0,0.0,0.0,5332.69,8685.83,0.0,0.0,0.0,60962.09,0.0,28324
6965,0.0,17847.91,0.0,0.0,0.0,5332.69,6569.4,0.0,0.0,0.0,60962.09,0.0,29750
6966,0.0,19388.31,0.0,0.0,0.0,5332.69,4828.13,0.0,2952.86,0.0,57752.45,0.0,32502
6967,0.0,19388.31,0.0,0.0,0.0,5332.69,4086.75,0.0,7133.25,0.0,49998.93,0.0,35941
6968,0.0,19388.31,0.0,0.0,0.0,5332.69,3123.37,6032.11,2763.51,0.0,46995.11,0.0,36640
6969,0.0,14541.24,0.0,0.0,0.0,5332.69,2324.71,15817.85,0.0,1579.48,48448.23,0.0,36437
6970,0.0,9694.16,0.0,0.0,0.0,5332.69,1675.31,23384.07,0.0,3598.23,51758.6,0.0,36488
6971,0.0,4847.08,0.0,0.0,0.0,5332.69,1876.14,28356.63,0.0,4341.54,55752.81,0.0,36071
6972,0.0,0.0,0.0,0.0,0.0,5332.69,2324.71,30970.06,0.0,2596.46,58141.55,0.0,36031
6973,0.0,4515.42,0.0,0.0,0.0,5332.69,2324.71,30910.9,0.0,7527.72,65067.05,0.0,35556
6974,0.0,9362.5,0.0,0.0,0.0,5332.69,1675.31,28693.35,0.0,9477.84,73786.67,0.0,35586
6975,0.0,14209.58,0.0,0.0,0.0,5332.69,1159.73,21824.62,0.0,6753.62,80000.0,0.0,35773
6976,0.0,17383.53,0.0,0.0,0.0,5332.69,0.0,14726.78,0.0,0.0,80000.0,0.0,37443
6977,0.0,19388.31,0.0,0.0,0.0,5332.69,0.0,7243.96,6251.03,0.0,73205.4,0.0,38216
6978,0.0,19388.31,0.0,0.0,2068.3,5332.69,1159.73,0.0,10988.96,0.0,61260.88,0.0,38938
6979,0.0,19388.31,0.0,0.0,0.0,5332.69,1317.67,0.0,13471.32,0.0,46618.13,0.0,39510
6980,0.0,19388.31,0.0,0.0,8341.01,5332.69,1489.34,0.0,3805.65,0.0,42481.56,0.0,38357
6981,0.0,19388.31,0.0,0.0,0.0,5332.69,2573.58,0.0,10079.42,0.0,31525.67,0.0,37374
6982,0.0,19388.31,0.0,0.0,6192.25,5332.69,4086.75,0.0,0.0,0.0,31525.67,0.0,35000
6983,0.0,19388.31,0.0,0.0,2522.72,5332.69,5230.28,0.0,0.0,0.0,31525.67,0.0,32474
6984,0.0,19388.31,0.0,0.0,735.72,5332.69,5230.28,0.0,0.0,0.0,31525.67,0.0,30687
6985,0.0,19388.31,0.0,0.0,89.86,5332.69,4828.13,0.0,0.0,0.0,31525.67,0.0,29639
6986,0.0,19388.31,0.0,0.0,0.0,5332.69,4447.15,0.0,0.0,92.15,31610.45,0.0,29076
6987,0.0,19388.31,0.0,0.0,0.0,5332.69,4447.15,0.0,0.0,267.15,31856.23,0.0,28901
6988,0.0,19388.31,0.0,0.0,918.63,5332.69,3746.37,0.0,0.0,0.0,31856.23,0.0,29386
6989,0.0,19388.31,0.0,0.0,2586.62,5332.69,3123.37,0.0,0.0,0.0,31856.23,0.0,30431
6990,0.0,19388.31,0.0,0.0,0.0,5332.69,2573.58,0.0,5968.42,0.0,25368.82,0.0,33263
6991,0.0,19388.31,0.0,0.0,0.0,5332.69,2573.58,0.0,9382.42,0.0,15170.54,0.0,36677
6992,0.0,19388.31,0.0,0.0,6814.28,5332.69,2573.58,3066.14,0.0,0.0,15170.54,0.0,37175
6993,0.0,19388.31,0.0,0.0,0.0,5332.69,2573.58,11673.48,0.0,2019.06,17028.08,0.0,36949
6994,0.0,19388.31,0.0,0.0,0.0,5332.69,3123.37,17425.19,0.0,8458.57,24809.96,0.0,36811
6995,0.0,19388.31,0.0,0.0,0.0,5332.69,3425.44,15940.86,0.0,7869.3,32049.71,0.0,36218
6996,0.0,19388.31,0.0,0.0,0.0,5332.69,2573.58,15640.39,0.0,6656.97,38174.13,0.0,36278
6997,0.0,19388.31,0.0,0.0,0.0,5332.69,1876.14,21345.54,0.0,11516.68,48769.47,0.0,36426
6998,0.0,19388.31,0.0,0.0,0.0,5332.69,1317.67,16061.67,0.0,6110.35,54391.0,0.0,35990
6999,0.0,19388.31,0.0,0.0,0.0,5332.69,0.0,15123.78,0.0,3589.79,57693.6,0.0,36255
7000,0.0,19388.31,0.0,0.0,0.0,5332.69,0.0,5277.21,7354.78,0.0,49699.27,0.0,37353
7001,0.0,19388.31,0.0,0.0,0.0,5332.69,1489.34,484.24,12515.42,0.0,36095.56,0.0,39210
7002,0.0,19388.31,0.0,0.0,8341.01,5332.69,2573.58,0.0,4257.41,0.0,31467.94,0.0,39893
7003,0.0,19388.31,0.0,0.0,0.0,5332.69,2839.61,0.0,11799.38,0.0,18642.52,0.0,39360
7004,0.0,19388.31,0.0,0.0,8341.01,5332.69,3123.37,0.0,1716.62,0.0,16776.63,0.0,37902
7005,0.0,19388.31,0.0,0.0,0.0,5332.69,3425.44,0.0,8392.56,0.0,7654.29,0.0,36539
7006,0.0,19388.31,0.0,0.0,6572.62,5332.69,3123.37,0.0,0.0,0.0,7654.29,0.0,34417
7007,0.0,19388.31,0.0,0.0,0.0,5332.69,2573.58,0.0,5013.42,0.0,2204.92,0.0,32308
7008,0.0,19388.31,0.0,0.0,4049.29,5332.69,2324.71,0.0,0.0,0.0,2204.92,0.0,31095
7009,0.0,19388.31,0.0,0.0,2602.38,5332.69,2839.61,0.0,0.0,0.0,2204.92,0.0,30163
7010,0.0,19388.31,0.0,0.0,0.0,5332.69,3425.44,0.0,1259.56,0.0,835.83,0.0,29406
7011,0.0,19388.31,0.0,0.0,0.0,5332.69,4086.75,0.0,693.25,0.0,82.3,0.0,29501
7012,0.0,19388.31,0.0,0.0,0.0,5332.69,5230.28,0.0,75.72,0.0,0.0,0.0,30027
7013,0.0,19388.31,0.0,0.0,0.0,5332.69,6569.4,0.0,0.0,726.4,668.29,0.0,30564
7014,0.0,19388.31,0.0,0.0,0.0,5332.69,8685.83,0.0,156.16,0.0,498.55,0.0,33563
7015,0.0,17557.25,0.0,0.0,0.0,5332.69,15009.12,0.0,0.0,1303.06,1697.36,0.0,36596
7016,0.0,12710.17,0.0,0.0,0.0,5332.69,16739.33,1475.24,1561.57,0.0,0.0,0.0,37819
7017,0.0,7863.09,0.0,0.0,0.0,5332.69,12644.0,14714.29,0.0,2594.07,2386.55,0.0,37960
7018,0.0,3016.01,0.0,0.0,0.0,5332.69,15858.5,22277.94,0.0,9282.14,10926.12,0.0,37203
7019,0.0,0.0,0.0,0.0,0.0,5332.69,20588.64,27423.12,0.0,16466.45,26075.25,0.0,36878
7020,0.0,0.0,0.0,0.0,0.0,958.69,14448.05,29657.32,0.0,7898.06,33341.46,0.0,37166
7021,0.0,0.0,0.0,0.0,0.0,5332.69,21635.33,30052.98,0.0,20000.0,51741.46,0.0,37021
7022,0.0,0.0,0.0,0.0,0.0,5332.69,20588.64,28098.36,0.0,16751.69,67153.02,0.0,37268
7023,0.0,0.0,0.0,0.0,0.0,5332.69,21635.33,19959.91,0.0,9659.93,76040.16,0.0,37268
7024,0.0,0.0,0.0,0.0,0.0,5332.69,20588.64,16153.85,0.0,4304.18,80000.0,0.0,37771
7025,0.0,4847.08,0.0,0.0,0.0,5332.69,18597.64,6601.58,3273.01,0.0,76442.38,0.0,38652
7026,0.0,9694.16,0.0,0.0,0.0,5332.69,18597.64,0.0,5883.51,0.0,70047.26,0.0,39508
7027,0.0,13559.57,0.0,0.0,0.0,5332.69,20588.64,0.0,320.1,0.0,69699.33,0.0,39801
7028,0.0,8712.49,0.0,0.0,0.0,5332.69,24986.99,0.0,186.83,0.0,69496.25,0.0,39219
7029,0.0,3865.41,0.0,0.0,0.0,5332.69,28668.06,0.0,0.0,411.17,69874.52,0.0,37455
7030,0.0,0.0,0.0,0.0,0.0,5332.69,29970.96,0.0,0.0,104.65,69970.8,0.0,35199
7031,0.0,2408.32,0.0,0.0,0.0,5332.69,24986.99,0.0,0.0,0.0,69970.8,0.0,32728
7032,0.0,4841.67,0.0,0.0,0.0,5332.69,20588.64,0.0,0.0,0.0,69970.8,0.0,30763
7033,0.0,9422.19,0.0,0.0,0.0,5332.69,15009.12,0.0,0.0,0.0,69970.8,0.0,29764
7034,0.0,12153.27,0.0,0.0,0.0,5332.69,11214.04,0.0,0.0,0.0,69970.8,0.0,28700
7035,0.0,13626.46,0.0,0.0,0.0,5332.69,9277.85,0.0,0.0,0.0,69970.8,0.0,28237
7036,0.0,14681.48,0.0,0.0,0.0,5332.69,8685.83,0.0,0.0,0.0,69970.8,0.0,28700
7037,0.0,17108.88,0.0,0.0,0.0,5332.69,7578.43,0.0,0.0,0.0,69970.8,0.0,30020
7038,0.0,19388.31,0.0,0.0,0.0,5332.69,5654.16,0.0,2373.84,0.0,67390.54,0.0,32749
7039,0.0,19388.31,0.0,0.0,0.0,5332.69,4447.15,0.0,6283.85,0.0,60560.27,0.0,35452
7040,0.0,19388.31,0.0,0.0,0.0,5332.69,3746.37,199.71,7414.92,0.0,52500.57,0.0,36082
7041,0.0,19388.31,0.0,0.0,0.0,5332.69,2839.61,1814.96,5430.42,0.0,46597.94,0.0,34806
7042,0.0,16214.8,0.0,0.0,0.0,5332.69,2324.71,8796.21,956.6,0.0,45558.16,0.0,33625
7043,0.0,11367.72,0.0,0.0,0.0,5332.69,2092.42,6225.79,7162.38,0.0,37772.96,0.0,32181
7044,0.0,6520.64,0.0,0.0,0.0,5332.69,2573.58,18372.04,0.0,614.95,38338.72,0.0,32184
7045,0.0,11367.72,0.0,0.0,0.0,5332.69,3123.37,12000.22,0.0,0.0,38338.72,0.0,31824
7046,0.0,16214.8,0.0,0.0,0.0,5332.69,3425.44,6470.92,426.16,0.0,37875.5,0.0,31870
7047,0.0,18744.91,0.0,0.0,0.0,5332.69,3123.37,4258.03,0.0,0.0,37875.5,0.0,31459
7048,0.0,19388.31,0.0,0.0,0.0,5332.69,2573.58,4135.68,1242.73,0.0,36524.71,0.0,32673
7049,0.0,19388.31,0.0,0.0,0.0,5332.69,2324.71,2233.88,5298.41,0.0,30765.57,0.0,34578
7050,0.0,19388.31,0.0,0.0,0.0,5332.69,2324.71,0.0,8113.29,0.0,21946.77,0.0,35159
7051,0.0,19388.31,0.0,0.0,0.0,5332.69,2839.61,0.0,7564.38,0.0,13724.62,0.0,35125
7052,0.0,19388.31,0.0,0.0,0.0,5332.69,3425.44,0.0,6616.56,0.0,6532.7,0.0,34763
7053,0.0,19388.31,0.0,0.0,0.0,5332.69,4086.75,0.0,4688.25,0.0,1436.78,0.0,33496
7054,0.0,19388.31,0.0,0.0,0.0,5332.69,5654.16,0.0,1321.84,0.0,0.0,0.0,31697
7055,0.0,17538.91,0.0,0.0,0.0,5332.69,6569.4,0.0,0.0,0.0,0.0,0.0,29441
7056,0.0,14930.88,0.0,0.0,0.0,5332.69,7578.43,0.0,0.0,0.0,0.0,0.0,27842
7057,0.0,12642.48,0.0,0.0,0.0,5332.69,8685.83,0.0,0.0,0.0,0.0,0.0,26661
7058,0.0,10493.93,0.0,0.0,0.0,5332.69,10541.38,0.0,0.0,0.0,0.0,0.0,26368
7059,0.0,8627.59,0.0,0.0,0.0,5332.69,11914.72,0.0,0.0,0.0,0.0,0.0,25875
7060,0.0,6358.68,0.0,0.0,0.0,5332.69,14190.63,0.0,0.0,0.0,0.0,0.0,25882
7061,0.0,5548.81,0.0,0.0,0.0,5332.69,15858.5,0.0,0.0,0.0,0.0,0.0,26740
7062,0.0,5684.98,0.0,0.0,0.0,5332.69,16739.33,0.0,0.0,0.0,0.0,0.0,27757
7063,0.0,6451.12,0.0,0.0,0.0,5332.69,17652.19,0.0,0.0,0.0,0.0,0.0,29436
7064,0.0,2603.56,0.0,0.0,0.0,5332.69,21635.33,448.42,0.0,0.0,0.0,0.0,30020
7065,0.0,0.0,0.0,0.0,0.0,5332.69,12633.15,12319.16,0.0,0.0,0.0,0.0,30285
7066,0.0,0.0,0.0,0.0,0.0,958.69,28987.84,20172.47,0.0,20000.0,18400.0,0.0,30119
7067,0.0,0.0,0.0,0.0,0.0,5332.69,18958.16,24864.15,0.0,20000.0,36800.0,0.0,29155
7068,0.0,0.0,0.0,0.0,0.0,5332.69,17120.93,26604.38,0.0,20000.0,55200.0,0.0,29058
7069,0.0,0.0,0.0,0.0,0.0,5332.69,2243.56,21255.76,0.0,0.0,55200.0,0.0,28832
7070,0.0,0.0,0.0,0.0,0.0,958.69,5085.82,22605.49,0.0,0.0,55200.0,0.0,28650
7071,0.0,0.0,0.0,0.0,0.0,5332.69,24565.66,19007.65,0.0,20000.0,73600.0,0.0,28906
7072,0.0,0.0,0.0,0.0,0.0,5332.69,29970.96,155.81,0.0,5264.46,78443.3,0.0,30195
7073,0.0,0.0,0.0,0.0,0.0,5332.69,20895.51,5883.8,0.0,0.0,78443.3,0.0,32112
7074,0.0,0.0,0.0,0.0,0.0,5332.69,7766.31,0.0,20000.0,0.0,56704.17,0.0,33099
7075,0.0,0.0,0.0,0.0,0.0,5332.69,7568.31,0.0,20000.0,0.0,34965.04,0.0,32901
7076,0.0,0.0,0.0,0.0,0.0,5332.69,26777.31,0.0,0.0,0.0,34965.04,0.0,32110
7077,0.0,0.0,0.0,0.0,0.0,5332.69,25490.31,0.0,0.0,0.0,34965.04,0.0,30823
7078,0.0,0.0,0.0,0.0,0.0,958.69,28311.31,0.0,0.0,0.0,34965.04,0.0,29270
7079,0.0,0.0,0.0,0.0,0.0,5332.69,22505.31,0.0,0.0,0.0,34965.04,0.0,27838
7080,0.0,0.0,0.0,0.0,0.0,958.69,5483.31,0.0,20000.0,0.0,13225.91,0.0,26442
7081,0.0,0.0,0.0,0.0,0.0,958.69,24667.31,0.0,0.0,0.0,13225.91,0.0,25626
7082,0.0,0.0,0.0,0.0,0.0,5332.69,28668.06,0.0,0.0,8824.75,21344.68,0.0,25176
7083,0.0,0.0,0.0,0.0,0.0,5332.69,19626.31,0.0,0.0,0.0,21344.68,0.0,24959
7084,0.0,0.0,0.0,0.0,0.0,5332.69,31312.75,0.0,0.0,11365.44,31800.89,0.0,25280
7085,0.0,0.0,0.0,0.0,0.0,4374.0,32694.0,0.0,0.0,10674.0,41620.97,0.0,26394
7086,0.0,0.0,0.0,0.0,0.0,0.0,27148.0,0.0,0.0,0.0,41620.97,0.0,27148
7087,0.0,0.0,0.0,0.0,0.0,4374.0,3777.0,0.0,20000.0,0.0,19881.84,0.0,28151
7088,0.0,0.0,0.0,0.0,0.0,958.69,27658.31,0.0,0.0,0.0,19881.84,0.0,28617
7089,0.0,0.0,0.0,0.0,0.0,5332.69,15646.87,8062.44,0.0,0.0,19881.84,0.0,29042
7090,0.0,0.0,0.0,0.0,0.0,5332.69,29970.96,14086.35,0.0,20000.0,38281.84,0.0,29390
7091,0.0,0.0,0.0,0.0,0.0,3379.17,25553.83,0.0,0.0,0.0,38281.84,0.0,28933
7092,0.0,0.0,0.0,0.0,0.0,5332.69,27403.48,10391.63,0.0,14378.81,51510.34,0.0,28749
7093,0.0,0.0,0.0,0.0,0.0,958.69,12433.8,14913.51,0.0,0.0,51510.34,0.0,28306
7094,0.0,0.0,0.0,0.0,0.0,958.69,27638.31,0.0,0.0,0.0,51510.34,0.0,28597
7095,0.0,0.0,0.0,0.0,0.0,5332.69,30409.32,7693.3,0.0,14446.31,64800.95,0.0,28989
7096,0.0,0.0,0.0,0.0,0.0,5332.69,34429.19,5558.56,0.0,14746.44,78367.68,0.0,30574
7097,0.0,0.0,0.0,0.0,0.0,5332.69,28172.31,0.0,0.0,0.0,78367.68,0.0,33505
7098,0.0,0.0,0.0,0.0,0.0,5332.69,29277.31,0.0,0.0,0.0,78367.68,0.0,34610
7099,0.0,0.0,0.0,0.0,0.0,4374.0,29828.0,0.0,0.0,0.0,78367.68,0.0,34202
7100,0.0,0.0,0.0,0.0,0.0,0.0,33388.0,0.0,0.0,0.0,78367.68,0.0,33388
7101,0.0,0.0,0.0,0.0,0.0,0.0,32073.0,0.0,0.0,0.0,78367.68,0.0,32073
7102,0.0,0.0,0.0,0.0,0.0,0.0,30691.0,0.0,0.0,0.0,78367.68,0.0,30691
7103,0.0,0.0,0.0,0.0,0.0,958.69,27801.31,0.0,0.0,0.0,78367.68,0.0,28760
7104,0.0,0.0,0.0,0.0,0.0,5332.69,23363.57,0.0,0.0,1774.26,80000.0,0.0,26922
7105,0.0,0.0,0.0,0.0,0.0,4374.0,21851.0,0.0,0.0,0.0,80000.0,0.0,26225
7106,0.0,0.0,0.0,0.0,0.0,0.0,25852.0,0.0,0.0,0.0,80000.0,0.0,25852
7107,0.0,0.0,0.0,0.0,0.0,4374.0,22142.0,0.0,0.0,0.0,80000.0,0.0,26516
7108,0.0,0.0,0.0,0.0,0.0,5332.69,21644.31,0.0,0.0,0.0,80000.0,0.0,26977
7109,0.0,0.0,0.0,0.0,0.0,3557.01,24986.99,0.0,0.0,0.0,80000.0,0.0,28544
7110,0.0,0.0,0.0,0.0,0.0,958.69,9931.31,0.0,20000.0,0.0,58260.87,0.0,30890
7111,0.0,0.0,0.0,0.0,0.0,5332.69,26176.65,0.0,2858.66,0.0,55153.63,0.0,34368
7112,0.0,0.0,0.0,0.0,0.0,5332.69,22362.4,652.74,6629.16,0.0,47948.01,0.0,34977
7113,0.0,0.0,0.0,0.0,0.0,5332.69,28668.06,293.25,0.0,0.0,47948.01,0.0,34294
7114,0.0,0.0,0.0,0.0,0.0,5332.69,7054.4,1293.91,20000.0,0.0,26208.88,0.0,33681
7115,0.0,0.0,0.0,0.0,0.0,958.69,26176.65,5444.66,0.0,0.0,26208.88,0.0,32580
7116,0.0,0.0,0.0,0.0,0.0,5332.69,23833.93,23591.38,0.0,20000.0,44608.88,0.0,32758
7117,0.0,0.0,0.0,0.0,0.0,5332.69,19540.72,27545.59,0.0,20000.0,63008.88,0.0,32419
7118,0.0,0.0,0.0,0.0,0.0,5332.69,20588.64,25091.27,0.0,18468.61,80000.0,0.0,32544
7119,0.0,0.0,0.0,0.0,0.0,958.69,20588.64,11457.67,0.0,0.0,80000.0,0.0,33005
7120,0.0,0.0,0.0,0.0,0.0,958.69,19909.12,13712.19,0.0,0.0,80000.0,0.0,34580
7121,0.0,2408.6,0.0,0.0,0.0,5332.69,23833.93,5002.79,0.0,0.0,80000.0,0.0,36578
7122,0.0,6482.32,0.0,0.0,0.0,5332.69,24986.99,0.0,0.0,0.0,80000.0,0.0,36802
7123,0.0,7053.38,0.0,0.0,0.0,5332.69,23833.93,0.0,0.0,0.0,80000.0,0.0,36220
7124,0.0,8200.98,0.0,0.0,0.0,5332.69,21635.33,0.0,0.0,0.0,80000.0,0.0,35169
7125,0.0,6696.98,0.0,0.0,0.0,5332.69,21635.33,0.0,0.0,0.0,80000.0,0.0,33665
7126,0.0,5920.67,0.0,0.0,0.0,5332.69,20588.64,0.0,0.0,0.0,80000.0,0.0,31842
7127,0.0,6029.67,0.0,0.0,0.0,5332.69,18597.64,0.0,0.0,0.0,80000.0,0.0,29960
7128,0.0,6381.98,0.0,0.0,0.0,5332.69,16739.33,0.0,0.0,0.0,80000.0,0.0,28454
7129,0.0,5121.98,0.0,0.0,0.0,5332.69,16739.33,0.0,0.0,0.0,80000.0,0.0,27194
7130,0.0,4390.98,0.0,0.0,0.0,5332.69,16739.33,0.0,0.0,0.0,80000.0,0.0,26463
7131,0.0,5223.81,0.0,0.0,0.0,5332.69,15858.5,0.0,0.0,0.0,80000.0,0.0,26415
7132,0.0,6495.19,0.0,0.0,0.0,5332.69,15009.12,0.0,0.0,0.0,80000.0,0.0,26837
7133,0.0,8614.68,0.0,0.0,0.0,5332.69,14190.63,0.0,0.0,0.0,80000.0,0.0,28138
7134,0.0,12310.87,0.0,0.0,0.0,5332.69,13402.44,0.0,0.0,0.0,80000.0,0.0,31046
7135,0.0,14337.68,0.0,0.0,0.0,5332.69,14190.63,0.0,0.0,0.0,80000.0,0.0,33861
7136,0.0,16226.34,0.0,0.0,0.0,5332.69,13402.44,82.53,0.0,0.0,80000.0,0.0,35044
7137,0.0,15514.53,0.0,0.0,0.0,5332.69,11914.72,2370.06,0.0,0.0,80000.0,0.0,35132
7138,0.0,18508.8,0.0,0.0,0.0,5332.69,9277.85,2019.66,0.0,0.0,80000.0,0.0,35139
7139,0.0,19388.31,0.0,0.0,1381.59,5332.69,6569.4,2109.01,0.0,0.0,80000.0,0.0,34781
7140,0.0,19388.31,0.0,0.0,954.73,5332.69,4447.15,4859.12,0.0,0.0,80000.0,0.0,34982
7141,0.0,19388.31,0.0,0.0,3148.04,5332.69,2324.71,4373.25,0.0,0.0,80000.0,0.0,34567
7142,0.0,19388.31,0.0,0.0,0.0,5332.69,1159.73,3138.14,5139.13,0.0,74413.99,0.0,34158
7143,0.0,19388.31,0.0,0.0,0.0,5332.69,0.0,2052.2,7363.8,0.0,66409.86,0.0,34137
7144,0.0,19388.31,0.0,0.0,2486.98,5332.69,0.0,1959.73,6321.29,0.0,59538.9,0.0,35489
7145,0.0,19388.31,0.0,0.0,0.0,5332.69,0.0,489.35,11503.65,0.0,47034.94,0.0,36714
7146,0.0,19388.31,0.0,0.0,8341.01,5332.69,0.0,0.0,4230.99,0.0,42436.03,0.0,37293
7147,0.0,19388.31,0.0,0.0,0.0,5332.69,1489.34,0.0,10741.66,0.0,30760.32,0.0,36952
7148,0.0,19388.31,0.0,0.0,0.0,5332.69,2324.71,0.0,8653.29,0.0,21354.57,0.0,35699
7149,0.0,19388.31,0.0,0.0,6882.29,5332.69,2324.71,0.0,0.0,0.0,21354.57,0.0,33928
7150,0.0,19388.31,0.0,0.0,4593.42,5332.69,2573.58,0.0,0.0,0.0,21354.57,0.0,31888
7151,0.0,19388.31,0.0,0.0,1181.63,5332.69,3746.37,0.0,0.0,0.0,21354.57,0.0,29649
7152,0.0,19388.31,0.0,0.0,0.0,5332.69,4828.13,0.0,0.0,1031.14,22303.21,0.0,28518
7153,0.0,19388.31,0.0,0.0,0.0,5332.69,4447.15,0.0,0.0,1312.15,23510.39,0.0,27856
7154,0.0,19388.31,0.0,0.0,0.0,5332.69,4447.15,0.0,0.0,1796.15,25162.85,0.0,27372
7155,0.0,19388.31,0.0,0.0,0.0,5332.69,5230.28,0.0,0.0,2722.28,27667.35,0.0,27229
7156,0.0,19388.31,0.0,0.0,0.0,5332.69,5654.16,0.0,0.0,3116.16,30534.22,0.0,27259
7157,0.0,19388.31,0.0,0.0,0.0,5332.69,6100.34,0.0,0.0,2644.34,32967.01,0.0,28177
7158,0.0,19388.31,0.0,0.0,724.84,5332.69,5654.16,0.0,0.0,0.0,32967.01,0.0,31100
7159,0.0,19388.31,0.0,0.0,0.0,5332.69,5230.28,0.0,4686.72,0.0,27872.75,0.0,34638
7160,0.0,19388.31,0.0,0.0,0.0,5332.69,4086.75,973.25,6210.99,0.0,21121.67,0.0,35992
7161,0.0,19388.31,0.0,0.0,0.0,5332.69,2839.61,13813.72,0.0,5649.34,26319.06,0.0,35725
7162,0.0,19388.31,0.0,0.0,0.0,5332.69,2092.42,13609.19,0.0,4967.61,30889.26,0.0,35455
7163,0.0,19388.31,0.0,0.0,0.0,5332.69,1675.31,12913.31,0.0,3317.62,33941.48,0.0,35992
7164,0.0,19388.31,0.0,0.0,0.0,5332.69,1159.73,20864.48,0.0,11572.22,44587.92,0.0,35173
7165,0.0,19388.31,0.0,0.0,0.0,5332.69,0.0,15481.14,0.0,4574.15,48796.13,0.0,35628
7166,0.0,19388.31,0.0,0.0,0.0,5332.69,0.0,19565.09,0.0,8531.09,56644.73,0.0,35755
7167,0.0,19388.31,0.0,0.0,1208.53,5332.69,0.0,10048.46,0.0,0.0,56644.73,0.0,35978
7168,0.0,19388.31,0.0,0.0,6119.79,5332.69,0.0,5938.21,0.0,0.0,56644.73,0.0,36779
7169,0.0,19388.31,0.0,0.0,0.0,5332.69,0.0,2445.7,10308.29,0.0,45440.07,0.0,37475
7170,0.0,19388.31,0.0,0.0,8341.01,5332.69,0.0,0.0,3866.99,0.0,41236.82,0.0,36929
7171,0.0,19388.31,0.0,0.0,0.0,5332.69,0.0,0.0,11799.0,0.0,28411.82,0.0,36520
7172,0.0,19388.31,0.0,0.0,8341.01,5332.69,0.0,0.0,2692.99,0.0,25484.66,0.0,35755
7173,0.0,19388.31,0.0,0.0,0.0,5332.69,0.0,0.0,9357.0,0.0,15314.01,0.0,34078
7174,0.0,19388.31,0.0,0.0,6999.0,5332.69,0.0,0.0,0.0,0.0,15314.01,0.0,31720
7175,0.0,19388.31,0.0,0.0,5124.0,5332.69,0.0,0.0,0.0,0.0,15314.01,0.0,29845
7176,0.0,19388.31,0.0,0.0,3975.0,5332.69,0.0,0.0,0.0,0.0,15314.01,0.0,28696
7177,0.0,19388.31,0.0,0.0,3008.0,5332.69,0.0,0.0,0.0,0.0,15314.01,0.0,27729
7178,0.0,19388.31,0.0,0.0,2450.0,5332.69,0.0,0.0,0.0,0.0,15314.01,0.0,27171
7179,0.0,19388.31,0.0,0.0,1337.32,5332.69,1317.67,0.0,0.0,0.0,15314.01,0.0,27376
7180,0.0,19388.31,0.0,0.0,1468.86,5332.69,1876.14,0.0,0.0,0.0,15314.01,0.0,28066
7181,0.0,19388.31,0.0,0.0,0.0,5332.69,2573.58,0.0,2201.42,0.0,12921.17,0.0,29496
7182,0.0,19388.31,0.0,0.0,0.0,5332.69,3123.37,0.0,4802.62,0.0,7700.92,0.0,32647
7183,0.0,19388.31,0.0,0.0,0.0,5332.69,4447.15,0.0,7084.85,0.0,0.0,0.0,36253
7184,0.0,19388.31,0.0,0.0,5033.57,5332.69,5654.16,1220.27,0.0,0.0,0.0,0.0,36629
7185,0.0,17449.14,0.0,0.0,0.0,5332.69,5230.28,14589.21,0.0,7031.32,6468.82,0.0,35570
7186,0.0,15501.57,0.0,0.0,0.0,5332.69,4447.15,22789.82,0.0,13558.23,18942.39,0.0,34513
7187,0.0,10654.5,0.0,0.0,0.0,5332.69,4086.75,19475.86,0.0,6094.8,24549.6,0.0,33455
7188,0.0,15501.57,0.0,0.0,0.0,5332.69,3746.37,8341.37,0.0,0.0,24549.6,0.0,32922
7189,0.0,19388.31,0.0,0.0,0.0,5332.69,3425.44,5760.89,0.0,1564.33,25988.78,0.0,32343
7190,0.0,14541.24,0.0,0.0,0.0,5332.69,2839.61,11695.15,0.0,2208.69,28020.78,0.0,32200
7191,0.0,17863.37,0.0,0.0,0.0,5332.69,3123.37,6459.57,0.0,0.0,28020.78,0.0,32779
7192,0.0,19388.31,0.0,0.0,0.0,5332.69,4086.75,2966.56,2646.69,0.0,25143.94,0.0,34421
7193,0.0,19388.31,0.0,0.0,0.0,5332.69,5654.16,2265.32,4179.52,0.0,20600.98,0.0,36820
7194,0.0,19388.31,0.0,0.0,0.0,5332.69,7578.43,0.0,5782.57,0.0,14315.58,0.0,38082
7195,0.0,19388.31,0.0,0.0,0.0,5332.69,8685.83,0.0,4866.16,0.0,9026.28,0.0,38273
7196,0.0,19388.31,0.0,0.0,0.0,5332.69,8685.83,0.0,4050.16,0.0,4623.93,0.0,37457
7197,0.0,19388.31,0.0,0.0,0.0,5332.69,8119.55,0.0,2900.45,0.0,1471.27,0.0,35741
7198,0.0,19388.31,0.0,0.0,0.0,5332.69,7578.43,0.0,1353.57,0.0,0.0,0.0,33653
7199,0.0,18377.88,0.0,0.0,0.0,5332.69,7578.43,0.0,0.0,0.0,0.0,0.0,31289
7200,0.0,16817.88,0.0,0.0,0.0,5332.69,7578.43,0.0,0.0,0.0,0.0,0.0,29729
7201,0.0,16610.41,0.0,0.0,0.0,5332.69,7061.9,0.0,0.0,0.0,0.0,0.0,29005
7202,0.0,15459.88,0.0,0.0,0.0,5332.69,7578.43,0.0,0.0,0.0,0.0,0.0,28371
7203,0.0,13421.46,0.0,0.0,0.0,5332.69,9277.85,0.0,0.0,0.0,0.0,0.0,28032
7204,0.0,12655.93,0.0,0.0,0.0,5332.69,10541.38,0.0,0.0,0.0,0.0,0.0,28530
7205,0.0,12546.59,0.0,0.0,0.0,5332.69,11914.72,0.0,0.0,0.0,0.0,0.0,29794
7206,0.0,14979.31,0.0,0.0,0.0,5332.69,12644.0,0.0,0.0,0.0,0.0,0.0,32956
7207,0.0,17743.87,0.0,0.0,0.0,5332.69,13402.44,0.0,0.0,0.0,0.0,0.0,36479
7208,0.0,16592.41,0.0,0.0,0.0,5332.69,15009.12,261.78,0.0,0.0,0.0,0.0,37196
7209,0.0,13356.13,0.0,0.0,0.0,5332.69,15009.12,2179.06,0.0,0.0,0.0,0.0,35877
7210,0.0,11814.06,0.0,0.0,0.0,5332.69,13402.44,4339.8,0.0,0.0,0.0,0.0,34889
7211,0.0,10699.36,0.0,0.0,0.0,5332.69,11214.04,6478.91,0.0,0.0,0.0,0.0,33725
7212,0.0,6548.69,0.0,0.0,0.0,5332.69,10541.38,11265.24,0.0,0.0,0.0,0.0,33688
7213,0.0,1701.61,0.0,0.0,0.0,5332.69,9896.18,19903.94,0.0,3661.42,3368.51,0.0,33173
7214,0.0,0.0,0.0,0.0,0.0,5332.69,9896.18,19978.68,0.0,2463.54,5634.97,0.0,32744
7215,0.0,657.22,0.0,0.0,0.0,5332.69,9277.85,22538.18,0.0,4729.95,9986.52,0.0,33076
7216,0.0,5504.3,0.0,0.0,0.0,5332.69,9277.85,15185.32,0.0,805.16,10727.27,0.0,34495
7217,0.0,10351.38,0.0,0.0,0.0,5332.69,11214.04,5627.59,4130.29,0.0,6237.82,0.0,36656
7218,0.0,15198.46,0.0,0.0,0.0,5332.69,12644.0,0.0,4652.85,0.0,1180.37,0.0,37828
7219,0.0,19388.31,0.0,0.0,0.0,5332.69,12644.0,0.0,466.0,0.0,673.85,0.0,37831
7220,0.0,18857.31,0.0,0.0,0.0,5332.69,12644.0,0.0,0.0,0.0,673.85,0.0,36834
7221,0.0,17538.31,0.0,0.0,0.0,5332.69,12644.0,0.0,0.0,0.0,673.85,0.0,35515
7222,0.0,15438.31,0.0,0.0,0.0,5332.69,12644.0,0.0,0.0,0.0,673.85,0.0,33415
7223,0.0,14087.59,0.0,0.0,0.0,5332.69,11914.72,0.0,0.0,0.0,673.85,0.0,31335
7224,0.0,13401.27,0.0,0.0,0.0,5332.69,11214.04,0.0,0.0,0.0,673.85,0.0,29948
7225,0.0,12433.27,0.0,0.0,0.0,5332.69,11214.04,0.0,0.0,0.0,673.85,0.0,28980
7226,0.0,11277.59,0.0,0.0,0.0,5332.69,11914.72,0.0,0.0,0.0,673.85,0.0,28525
7227,0.0,8764.68,0.0,0.0,0.0,5332.69,14190.63,0.0,0.0,0.0,673.85,0.0,28288
7228,0.0,6669.98,0.0,0.0,0.0,5332.69,16739.33,0.0,0.0,0.0,673.85,0.0,28742
7229,0.0,5605.67,0.0,0.0,0.0,5332.69,18597.64,0.0,0.0,0.0,673.85,0.0,29536
7230,0.0,6087.04,0.0,0.0,0.0,5332.69,19576.27,0.0,0.0,0.0,673.85,0.0,30996
7231,0.0,8723.67,0.0,0.0,0.0,5332.69,18597.64,0.0,0.0,0.0,673.85,0.0,32654
7232,0.0,10841.83,0.0,0.0,0.0,5332.69,16739.33,710.1,281.05,0.0,368.37,0.0,33905
7233,0.0,5994.75,0.0,0.0,0.0,5332.69,15858.5,9751.4,0.0,3736.34,3805.8,0.0,33201
7234,0.0,1147.68,0.0,0.0,0.0,5332.69,15009.12,10638.51,0.0,0.0,3805.8,0.0,32128
7235,0.0,4847.08,0.0,0.0,0.0,5332.69,15858.5,1753.4,3501.33,0.0,0.0,0.0,31293
7236,0.0,0.0,0.0,0.0,0.0,3418.05,17652.19,25969.43,0.0,16498.67,15178.77,0.0,30541
7237,0.0,0.0,0.0,0.0,0.0,5332.69,18597.64,20519.65,0.0,14544.98,28560.16,0.0,29905
7238,0.0,0.0,0.0,0.0,0.0,5332.69,16739.33,13958.5,0.0,6195.52,34260.03,0.0,29835
7239,0.0,1701.86,0.0,0.0,0.0,5332.69,14190.63,7609.55,1153.27,0.0,33006.48,0.0,29988
7240,0.0,0.0,0.0,0.0,0.0,5332.69,14190.63,2372.56,9566.12,0.0,22608.52,0.0,31462
7241,0.0,0.0,0.0,0.0,0.0,5332.69,17652.19,2196.19,8711.93,0.0,13139.03,0.0,33893
7242,0.0,0.0,0.0,0.0,0.0,5332.69,22716.9,0.0,7296.41,0.0,5208.14,0.0,35346
7243,0.0,0.0,0.0,0.0,0.0,5332.69,26176.65,0.0,3682.66,0.0,1205.25,0.0,35192
7244,0.0,0.0,0.0,0.0,0.0,5332.69,27403.48,0.0,1108.83,0.0,0.0,0.0,33845
7245,0.0,1137.66,0.0,0.0,0.0,5332.69,26176.65,0.0,0.0,0.0,0.0,0.0,32647
7246,0.0,0.0,0.0,0.0,0.0,5332.69,25873.31,0.0,0.0,0.0,0.0,0.0,31206
7247,0.0,0.0,0.0,0.0,0.0,5332.69,24553.31,0.0,0.0,0.0,0.0,0.0,29886
7248,0.0,0.0,0.0,0.0,0.0,5332.69,23395.31,0.0,0.0,0.0,0.0,0.0,28728
7249,0.0,0.0,0.0,0.0,0.0,5332.69,22823.31,0.0,0.0,0.0,0.0,0.0,28156
7250,0.0,0.0,0.0,0.0,0.0,5332.69,22413.31,0.0,0.0,0.0,0.0,0.0,27746
7251,0.0,0.0,0.0,0.0,0.0,5332.69,22018.31,0.0,0.0,0.0,0.0,0.0,27351
7252,0.0,0.0,0.0,0.0,0.0,5332.69,22066.31,0.0,0.0,0.0,0.0,0.0,27399
7253,0.0,0.0,0.0,0.0,0.0,4374.0,23987.0,0.0,0.0,0.0,0.0,0.0,28361
7254,0.0,0.0,0.0,0.0,0.0,0.0,29222.0,0.0,0.0,0.0,0.0,0.0,29222
7255,0.0,0.0,0.0,0.0,0.0,958.69,29292.31,0.0,0.0,0.0,0.0,0.0,30251
7256,0.0,0.0,0.0,0.0,0.0,5332.69,34115.28,3995.69,0.0,12113.66,11144.57,0.0,31330
7257,0.0,0.0,0.0,0.0,0.0,5332.69,27911.23,13827.23,0.0,16091.15,25948.43,0.0,30980
7258,0.0,0.0,0.0,0.0,0.0,958.69,29498.24,340.07,0.0,0.0,25948.43,0.0,30797
7259,0.0,0.0,0.0,0.0,0.0,5332.69,18909.93,26584.38,0.0,20000.0,44348.43,0.0,30827
7260,0.0,0.0,0.0,0.0,0.0,5332.69,22666.65,16334.18,0.0,13753.52,57001.67,0.0,30580
7261,0.0,0.0,0.0,0.0,0.0,958.69,8864.76,20376.55,0.0,0.0,57001.67,0.0,30200
7262,0.0,0.0,0.0,0.0,0.0,958.69,8196.12,21539.19,0.0,0.0,57001.67,0.0,30694
7263,0.0,0.0,0.0,0.0,0.0,5332.69,29970.96,15736.48,0.0,19140.13,74610.59,0.0,31900
7264,0.0,0.0,0.0,0.0,0.0,958.69,24515.32,7989.99,0.0,0.0,74610.59,0.0,33464
7265,0.0,0.0,0.0,0.0,0.0,0.0,35438.2,29.8,0.0,0.0,74610.59,0.0,35468
7266,0.0,0.0,0.0,0.0,0.0,4374.0,38625.05,0.0,0.0,5858.05,80000.0,0.0,37141
7267,0.0,0.0,0.0,0.0,0.0,5332.69,30846.31,0.0,0.0,0.0,80000.0,0.0,36179
7268,0.0,0.0,0.0,0.0,0.0,958.69,14200.31,0.0,20000.0,0.0,58260.87,0.0,35159
7269,0.0,0.0,0.0,0.0,0.0,5332.69,28488.31,0.0,0.0,0.0,58260.87,0.0,33821
7270,0.0,0.0,0.0,0.0,0.0,5332.69,21006.04,0.0,5690.27,0.0,52075.79,0.0,32029
7271,0.0,0.0,0.0,0.0,0.0,5332.69,28668.06,0.0,0.0,3712.75,55491.52,0.0,30288
7272,0.0,0.0,0.0,0.0,0.0,5332.69,29970.96,0.0,0.0,6639.65,61600.0,0.0,28664
7273,0.0,0.0,0.0,0.0,0.0,958.69,27421.31,0.0,0.0,0.0,61600.0,0.0,28380
7274,0.0,0.0,0.0,0.0,0.0,0.0,28557.0,0.0,0.0,0.0,61600.0,0.0,28557
7275,0.0,0.0,0.0,0.0,0.0,0.0,28451.0,0.0,0.0,0.0,61600.0,0.0,28451
7276,0.0,0.0,0.0,0.0,0.0,4374.0,44548.0,0.0,0.0,20000.0,80000.0,0.0,28922
7277,0.0,0.0,0.0,0.0,0.0,0.0,30177.0,0.0,0.0,0.0,80000.0,0.0,30177
7278,0.0,0.0,0.0,0.0,0.0,0.0,12968.0,0.0,20000.0,0.0,58260.87,0.0,32968
7279,0.0,0.0,0.0,0.0,0.0,0.0,16465.0,0.0,20000.0,0.0,36521.74,0.0,36465
7280,0.0,0.0,0.0,0.0,0.0,4374.0,17475.35,0.0,15358.65,0.0,19827.56,0.0,37208
7281,0.0,0.0,0.0,0.0,0.0,5332.69,36610.66,0.0,0.0,4641.35,24097.6,0.0,37302
7282,0.0,0.0,0.0,0.0,0.0,5332.69,43515.71,2260.8,0.0,13456.21,36477.31,0.0,37653
7283,0.0,0.0,0.0,0.0,0.0,5332.69,31990.31,0.0,0.0,0.0,36477.31,0.0,37323
7284,0.0,0.0,0.0,0.0,0.0,4374.0,37196.85,15738.15,0.0,20000.0,54877.31,0.0,37309
7285,0.0,0.0,0.0,0.0,0.0,0.0,41370.57,15763.43,0.0,20000.0,73277.31,0.0,37134
7286,0.0,0.0,0.0,0.0,0.0,0.0,28783.34,8272.66,0.0,0.0,73277.31,0.0,37056
7287,0.0,0.0,0.0,0.0,0.0,958.69,29410.48,6586.83,0.0,0.0,73277.31,0.0,36956
7288,0.0,0.0,0.0,0.0,0.0,5332.69,34115.28,5713.3,0.0,7307.27,80000.0,0.0,37854
7289,0.0,2710.5,0.0,0.0,0.0,5332.69,28668.06,1557.75,0.0,0.0,80000.0,0.0,38269
7290,0.0,4036.39,0.0,0.0,0.0,5332.69,23833.93,0.0,4368.99,0.0,75251.1,0.0,37572
7291,0.0,4847.08,0.0,0.0,0.0,5332.69,23833.93,0.0,2197.31,0.0,72862.72,0.0,36211
7292,0.0,9694.16,0.0,0.0,0.0,5332.69,28668.06,0.0,0.0,7757.91,80000.0,0.0,35937
7293,0.0,14541.24,0.0,0.0,0.0,5332.69,9896.18,0.0,5490.9,0.0,74031.63,0.0,35261
7294,0.0,19388.31,0.0,0.0,0.0,5332.69,7578.43,0.0,1065.57,0.0,72873.41,0.0,33365
7295,0.0,19388.31,0.0,0.0,0.0,5332.69,5230.28,0.0,1108.72,0.0,71668.28,0.0,31060
7296,0.0,19388.31,0.0,0.0,0.0,5332.69,3425.44,0.0,1315.56,0.0,70238.32,0.0,29462
7297,0.0,19388.31,0.0,0.0,0.0,4309.08,2092.42,0.0,2546.19,0.0,67470.72,0.0,28336
7298,0.0,19388.31,0.0,0.0,0.0,4309.08,1317.67,0.0,3209.94,0.0,63981.66,0.0,28225
7299,0.0,19388.31,0.0,0.0,0.0,4309.08,0.0,0.0,4603.61,0.0,58977.74,0.0,28301
7300,0.0,19388.31,0.0,0.0,0.0,4309.08,0.0,0.0,4829.61,0.0,53728.17,0.0,28527
7301,0.0,19388.31,0.0,0.0,0.0,4309.08,0.0,0.0,5946.61,0.0,47264.46,0.0,29644
7302,0.0,19388.31,0.0,0.0,0.0,4309.08,0.0,0.0,8786.61,0.0,37713.8,0.0,32484
7303,0.0,19388.31,0.0,0.0,0.0,4309.08,1675.31,0.0,10674.3,0.0,26111.3,0.0,36047
7304,0.0,17746.62,0.0,0.0,0.0,4309.08,3746.37,3514.13,7681.8,0.0,17761.52,0.0,36998
7305,0.0,12899.54,0.0,0.0,0.0,4309.08,6569.4,13226.98,0.0,0.0,17761.52,0.0,37005
7306,0.0,8052.46,0.0,0.0,0.0,4309.08,8685.83,20876.43,0.0,4471.81,21875.58,0.0,37452
7307,0.0,3205.39,0.0,0.0,0.0,4309.08,10541.38,25614.23,0.0,7766.07,29020.37,0.0,35904
7308,0.0,0.0,0.0,0.0,0.0,4309.08,12644.0,27700.34,0.0,10026.42,38244.67,0.0,34627
7309,0.0,0.0,0.0,0.0,0.0,4309.08,15009.12,27655.3,0.0,12690.49,49919.92,0.0,34283
7310,0.0,0.0,0.0,0.0,0.0,4309.08,15858.5,25570.81,0.0,11697.38,60681.52,0.0,34041
7311,0.0,1440.59,0.0,0.0,0.0,4309.08,15009.12,21045.66,0.0,7708.45,67773.29,0.0,34096
7312,0.0,6287.67,0.0,0.0,0.0,4309.08,13402.44,13922.75,0.0,2764.94,70317.03,0.0,35157
7313,0.0,11134.75,0.0,0.0,0.0,4309.08,14190.63,4696.76,2763.79,0.0,67312.91,0.0,37095
7314,0.0,15981.83,0.0,0.0,0.0,4309.08,15858.5,0.0,1678.6,0.0,65488.35,0.0,37828
7315,0.0,16475.59,0.0,0.0,0.0,4309.08,16739.33,0.0,0.0,0.0,65488.35,0.0,37524
7316,0.0,15603.59,0.0,0.0,0.0,4309.08,16739.33,0.0,0.0,0.0,65488.35,0.0,36652
7317,0.0,12497.28,0.0,0.0,0.0,4309.08,18597.64,0.0,0.0,0.0,65488.35,0.0,35404
7318,0.0,9117.28,0.0,0.0,0.0,4309.08,20588.64,0.0,0.0,0.0,65488.35,0.0,34015
7319,0.0,7583.65,0.0,0.0,0.0,4309.08,19576.27,0.0,0.0,0.0,65488.35,0.0,31469
7320,0.0,4575.28,0.0,0.0,0.0,4309.08,20588.64,0.0,0.0,0.0,65488.35,0.0,29473
7321,0.0,712.0,0.0,0.0,0.0,4309.08,23833.93,0.0,0.0,0.0,65488.35,0.0,28855
7322,0.0,0.0,0.0,0.0,0.0,4309.08,27403.48,0.0,0.0,3388.56,68605.82,0.0,28324
7323,0.0,0.0,0.0,0.0,0.0,4309.08,28668.06,0.0,0.0,4459.14,72708.23,0.0,28518
7324,0.0,1587.57,0.0,0.0,0.0,4309.08,26176.65,0.0,0.0,3202.3,75654.34,0.0,28871
7325,0.0,6434.65,0.0,0.0,0.0,4309.08,19576.27,0.0,0.0,0.0,75654.34,0.0,30320
7326,0.0,11281.73,0.0,0.0,0.0,4309.08,16739.33,0.0,1341.86,0.0,74195.8,0.0,33672
7327,0.0,13922.28,0.0,0.0,0.0,4309.08,18597.64,0.0,0.0,0.0,74195.8,0.0,36829
7328,0.0,9075.2,0.0,0.0,0.0,4309.08,17652.19,3296.78,2765.76,0.0,71189.54,0.0,37099
7329,0.0,4228.12,0.0,0.0,0.0,4309.08,15858.5,12963.85,0.0,1328.55,72411.8,0.0,36031
7330,0.0,1730.8,0.0,0.0,0.0,4309.08,13402.44,15403.68,0.0,0.0,72411.8,0.0,34846
7331,0.0,1070.32,0.0,0.0,0.0,4309.08,10541.38,18147.21,0.0,0.0,72411.8,0.0,34068
7332,0.0,2686.12,0.0,0.0,0.0,4309.08,8119.55,18644.25,0.0,0.0,72411.8,0.0,33759
7333,0.0,4169.61,0.0,0.0,0.0,4309.08,6100.34,18972.98,0.0,0.0,72411.8,0.0,33552
7334,0.0,9016.69,0.0,0.0,0.0,4309.08,4447.15,19009.1,0.0,3461.01,75595.94,0.0,33321
7335,0.0,13863.76,0.0,0.0,0.0,4309.08,3425.44,17051.75,0.0,4787.03,80000.0,0.0,33863
7336,0.0,18710.84,0.0,0.0,0.0,4309.08,2839.61,7660.57,1911.9,0.0,77921.85,0.0,35432
7337,0.0,19388.31,0.0,0.0,0.0,4309.08,3123.37,2836.97,7813.26,0.0,69429.17,0.0,37471
7338,0.0,19388.31,0.0,0.0,0.0,4309.08,4447.15,0.0,10230.46,0.0,58309.11,0.0,38375
7339,0.0,19388.31,0.0,0.0,0.0,4309.08,6100.34,0.0,8042.27,0.0,49567.51,0.0,37840
7340,0.0,19388.31,0.0,0.0,0.0,4309.08,9277.85,0.0,4149.76,0.0,45056.9,0.0,37125
7341,0.0,19388.31,0.0,0.0,0.0,4309.08,11914.72,0.0,0.0,296.11,45329.33,0.0,35316
7342,0.0,16051.92,0.0,0.0,0.0,4309.08,12644.0,0.0,0.0,0.0,45329.33,0.0,33005
7343,0.0,19388.31,0.0,0.0,0.0,4309.08,10541.38,0.0,0.0,3685.78,48720.24,0.0,30553
7344,0.0,15831.07,0.0,0.0,0.0,4309.08,9277.85,0.0,0.0,0.0,48720.24,0.0,29418
7345,0.0,16017.09,0.0,0.0,0.0,4309.08,8685.83,0.0,0.0,0.0,48720.24,0.0,29012
7346,0.0,19388.31,0.0,0.0,0.0,4309.08,8119.55,0.0,0.0,3330.94,51784.71,0.0,28486
7347,0.0,16093.49,0.0,0.0,0.0,4309.08,7578.43,0.0,0.0,0.0,51784.71,0.0,27981
7348,0.0,16298.49,0.0,0.0,0.0,4309.08,7578.43,0.0,0.0,0.0,51784.71,0.0,28186
7349,0.0,19388.31,0.0,0.0,0.0,4309.08,8119.55,0.0,0.0,2013.94,53637.54,0.0,29803
7350,0.0,19388.31,0.0,0.0,0.0,4309.08,8685.83,0.0,722.78,0.0,52851.91,0.0,33106
7351,0.0,19388.31,0.0,0.0,0.0,4309.08,9277.85,0.0,3434.76,0.0,49118.48,0.0,36410
7352,0.0,19388.31,0.0,0.0,0.0,4309.08,8685.83,327.49,4142.29,0.0,44615.99,0.0,36853
7353,0.0,19388.31,0.0,0.0,0.0,4309.08,7061.9,2502.29,3101.41,0.0,41244.89,0.0,36363
7354,0.0,19388.31,0.0,0.0,0.0,4309.08,6569.4,12408.6,0.0,6397.39,47130.49,0.0,36278
7355,0.0,14541.24,0.0,0.0,0.0,4309.08,6100.34,14812.24,0.0,4517.89,51286.95,0.0,35245
7356,0.0,9694.16,0.0,0.0,0.0,4309.08,5230.28,21086.81,0.0,6129.32,56925.93,0.0,34191
7357,0.0,11344.27,0.0,0.0,0.0,4309.08,4447.15,22355.49,0.0,8698.99,64929.0,0.0,33757
7358,0.0,16191.35,0.0,0.0,0.0,4309.08,3425.44,19664.97,0.0,9930.83,74065.36,0.0,33660
7359,0.0,13144.0,0.0,0.0,0.0,4309.08,2839.61,20162.0,0.0,6450.69,80000.0,0.0,34004
7360,0.0,15687.07,0.0,0.0,0.0,4309.08,2324.71,13293.15,0.0,0.0,80000.0,0.0,35614
7361,0.0,19388.31,0.0,0.0,0.0,4309.08,2324.71,4336.11,6946.79,0.0,72449.14,0.0,37305
7362,0.0,19388.31,0.0,0.0,0.0,4309.08,2092.42,0.0,12357.19,0.0,59017.41,0.0,38147
7363,0.0,19388.31,0.0,0.0,7571.0,4309.08,2092.42,0.0,4366.19,0.0,54271.55,0.0,37727
7364,0.0,19388.31,0.0,0.0,8341.01,4309.08,2092.42,0.0,2124.19,0.0,51962.65,0.0,36255
7365,0.0,19388.31,0.0,0.0,0.0,4309.08,2092.42,0.0,9095.19,0.0,42076.57,0.0,34885
7366,0.0,19388.31,0.0,0.0,7431.47,4309.08,1876.14,0.0,0.0,0.0,42076.57,0.0,33005
7367,0.0,19388.31,0.0,0.0,5510.3,4309.08,1675.31,0.0,0.0,0.0,42076.57,0.0,30883
7368,0.0,19388.31,0.0,0.0,4155.27,4309.08,1489.34,0.0,0.0,0.0,42076.57,0.0,29342
7369,0.0,19388.31,0.0,0.0,2870.27,4309.08,1489.34,0.0,0.0,0.0,42076.57,0.0,28057
7370,0.0,19388.31,0.0,0.0,0.0,4309.08,1675.31,0.0,2172.3,0.0,39715.37,0.0,27545
7371,0.0,19388.31,0.0,0.0,2017.3,4309.08,1675.31,0.0,0.0,0.0,39715.37,0.0,27390
7372,0.0,19388.31,0.0,0.0,2188.3,4309.08,1675.31,0.0,0.0,0.0,39715.37,0.0,27561
7373,0.0,19388.31,0.0,0.0,3440.47,4309.08,1876.14,0.0,0.0,0.0,39715.37,0.0,29014
7374,0.0,19388.31,0.0,0.0,0.0,4309.08,1876.14,0.0,6416.47,0.0,32740.95,0.0,31990
7375,0.0,19388.31,0.0,0.0,0.0,4309.08,1675.31,0.0,9696.3,0.0,22201.49,0.0,35069
7376,0.0,19388.31,0.0,0.0,8046.11,4309.08,1489.34,2185.16,0.0,0.0,22201.49,0.0,35418
7377,0.0,19388.31,0.0,0.0,6593.76,4309.08,1159.73,3501.12,0.0,0.0,22201.49,0.0,34952
7378,0.0,19388.31,0.0,0.0,2116.4,4309.08,0.0,8536.2,0.0,0.0,22201.49,0.0,34350
7379,0.0,19388.31,0.0,0.0,0.0,4309.08,0.0,10086.49,0.0,344.88,22518.78,0.0,33439
7380,0.0,19388.31,0.0,0.0,0.0,4309.08,0.0,13830.76,0.0,4574.15,26727.0,0.0,32954
7381,0.0,19388.31,0.0,0.0,0.0,4309.08,0.0,12596.38,0.0,3438.77,29890.67,0.0,32855
7382,0.0,19388.31,0.0,0.0,0.0,4309.08,0.0,13302.99,0.0,3536.38,33144.14,0.0,33464
7383,0.0,19388.31,0.0,0.0,0.0,4309.08,0.0,12390.65,0.0,2320.05,35278.58,0.0,33768
7384,0.0,19388.31,0.0,0.0,5342.57,4309.08,0.0,5409.04,0.0,0.0,35278.58,0.0,34449
7385,0.0,19388.31,0.0,0.0,0.0,4309.08,0.0,2303.53,10367.08,0.0,24010.02,0.0,36368
7386,0.0,19388.31,0.0,0.0,4098.6,4309.08,0.0,0.0,9089.01,0.0,14130.66,0.0,36885
7387,0.0,19388.31,0.0,0.0,12439.61,4309.08,0.0,0.0,0.0,0.0,14130.66,0.0,36137
7388,0.0,19388.31,0.0,0.0,8341.01,4309.08,0.0,0.0,3109.6,0.0,10750.66,0.0,35148
7389,0.0,19388.31,0.0,0.0,0.0,4309.08,0.0,0.0,9890.61,0.0,0.0,0.0,33588
7390,0.0,19388.31,0.0,0.0,6114.47,4309.08,1876.14,0.0,0.0,0.0,0.0,0.0,31688
7391,0.0,19388.31,0.0,0.0,3476.0,4309.08,2839.61,0.0,0.0,0.0,0.0,0.0,30013
7392,0.0,19388.31,0.0,0.0,793.24,4309.08,3746.37,0.0,0.0,0.0,0.0,0.0,28237
7393,0.0,18662.17,0.0,0.0,0.0,4309.08,4086.75,0.0,0.0,0.0,0.0,0.0,27058
7394,0.0,17807.78,0.0,0.0,0.0,4309.08,4447.15,0.0,0.0,0.0,0.0,0.0,26564
7395,0.0,19388.31,0.0,0.0,0.0,4309.08,4828.13,0.0,0.0,2528.52,2326.24,0.0,25997
7396,0.0,19058.11,0.0,0.0,0.0,4309.08,5230.28,0.0,0.0,2524.47,4648.75,0.0,26073
7397,0.0,19388.31,0.0,0.0,0.0,4309.08,6100.34,0.0,0.0,3126.73,7525.34,0.0,26671
7398,0.0,19149.3,0.0,0.0,0.0,4309.08,6569.4,0.0,0.0,2157.77,9510.49,0.0,27870
7399,0.0,14302.22,0.0,0.0,0.0,4309.08,8119.55,0.0,2830.16,0.0,6434.23,0.0,29561
7400,0.0,9455.14,0.0,0.0,0.0,4309.08,9277.85,2103.44,5919.5,0.0,0.0,0.0,31065
7401,0.0,4608.06,0.0,0.0,0.0,4309.08,10541.38,12452.48,0.0,0.0,0.0,0.0,31911
7402,0.0,0.0,0.0,0.0,0.0,0.0,11484.21,20537.79,0.0,0.0,0.0,0.0,32022
7403,0.0,0.0,0.0,0.0,0.0,0.0,6391.43,25522.57,0.0,0.0,0.0,0.0,31914
7404,0.0,0.0,0.0,0.0,0.0,4309.08,0.0,27237.92,0.0,0.0,0.0,0.0,31547
7405,0.0,0.0,0.0,0.0,0.0,4309.08,18597.64,28239.28,0.0,20000.0,18400.0,0.0,31146
7406,0.0,0.0,0.0,0.0,0.0,0.0,20249.15,25696.76,0.0,14520.9,31759.23,0.0,31425
7407,0.0,0.0,0.0,0.0,0.0,4309.08,7087.5,21204.42,0.0,0.0,31759.23,0.0,32601
7408,0.0,0.0,0.0,0.0,0.0,4309.08,28668.06,13721.69,0.0,13066.83,43780.72,0.0,33632
7409,0.0,0.0,0.0,0.0,0.0,4309.08,34115.28,4218.55,0.0,8230.91,51353.16,0.0,34412
7410,0.0,0.0,0.0,0.0,0.0,4309.08,40212.19,0.0,0.0,9668.27,60247.96,0.0,34853
7411,0.0,0.0,0.0,0.0,0.0,4309.08,44950.51,0.0,0.0,14812.58,73875.54,0.0,34447
7412,0.0,0.0,0.0,0.0,0.0,4309.08,28884.92,0.0,0.0,0.0,73875.54,0.0,33194
7413,0.0,0.0,0.0,0.0,0.0,4309.08,27853.92,0.0,0.0,0.0,73875.54,0.0,32163
7414,0.0,0.0,0.0,0.0,0.0,0.0,30887.0,0.0,0.0,0.0,73875.54,0.0,30887
7415,0.0,0.0,0.0,0.0,0.0,0.0,29021.0,0.0,0.0,0.0,73875.54,0.0,29021
7416,0.0,0.0,0.0,0.0,0.0,0.0,34156.02,0.0,0.0,6657.02,80000.0,0.0,27499
7417,0.0,0.0,0.0,0.0,0.0,0.0,26101.0,0.0,0.0,0.0,80000.0,0.0,26101
7418,0.0,0.0,0.0,0.0,0.0,0.0,25616.0,0.0,0.0,0.0,80000.0,0.0,25616
7419,0.0,0.0,0.0,0.0,0.0,4309.08,21036.92,0.0,0.0,0.0,80000.0,0.0,25346
7420,0.0,0.0,0.0,0.0,0.0,0.0,25289.0,0.0,0.0,0.0,80000.0,0.0,25289
7421,0.0,0.0,0.0,0.0,0.0,0.0,25215.0,0.0,0.0,0.0,80000.0,0.0,25215
7422,0.0,0.0,0.0,0.0,0.0,4309.08,21230.92,0.0,0.0,0.0,80000.0,0.0,25540
7423,0.0,0.0,0.0,0.0,0.0,0.0,27365.0,0.0,0.0,0.0,80000.0,0.0,27365
7424,0.0,0.0,0.0,0.0,0.0,0.0,29277.03,31.97,0.0,0.0,80000.0,0.0,29309
7425,0.0,0.0,0.0,0.0,0.0,4309.08,13068.49,12958.43,0.0,0.0,80000.0,0.0,30336
7426,0.0,0.0,0.0,0.0,0.0,0.0,9337.68,21065.32,0.0,0.0,80000.0,0.0,30403
7427,0.0,0.0,0.0,0.0,0.0,0.0,0.0,9699.0,20000.0,0.0,58260.87,0.0,29699
7428,0.0,0.0,0.0,0.0,0.0,0.0,1598.26,28110.74,0.0,0.0,58260.87,0.0,29709
7429,0.0,0.0,0.0,0.0,0.0,1777.05,0.0,28205.95,0.0,0.0,58260.87,0.0,29983
7430,0.0,0.0,0.0,0.0,0.0,0.0,0.0,10172.0,20000.0,0.0,36521.74,0.0,30172
7431,0.0,0.0,0.0,0.0,0.0,4309.08,4550.17,21836.76,0.0,0.0,36521.74,0.0,30696
7432,0.0,0.0,0.0,0.0,0.0,4309.08,7007.04,221.88,20000.0,0.0,14782.61,0.0,31538
7433,0.0,0.0,0.0,0.0,0.0,0.0,29523.67,4265.33,0.0,0.0,14782.61,0.0,33789
7434,0.0,0.0,0.0,0.0,0.0,4309.08,44950.51,0.0,0.0,13671.58,27360.47,0.0,35588
7435,0.0,0.0,0.0,0.0,0.0,0.0,35102.0,0.0,0.0,0.0,27360.47,0.0,35102
7436,0.0,0.0,0.0,0.0,0.0,0.0,40067.51,0.0,0.0,6460.51,33304.13,0.0,33607
7437,0.0,0.0,0.0,0.0,0.0,4309.08,39551.76,0.0,0.0,11058.84,43478.26,0.0,32802
7438,0.0,0.0,0.0,0.0,0.0,0.0,31162.0,0.0,0.0,0.0,43478.26,0.0,31162
7439,0.0,0.0,0.0,0.0,0.0,0.0,9409.0,0.0,20000.0,0.0,21739.13,0.0,29409
7440,0.0,0.0,0.0,0.0,0.0,4309.08,3627.92,0.0,20000.0,0.0,0.0,0.0,27937
7441,0.0,0.0,0.0,0.0,0.0,0.0,26950.0,0.0,0.0,0.0,0.0,0.0,26950
7442,0.0,0.0,0.0,0.0,0.0,0.0,44950.51,0.0,0.0,18658.51,17165.83,0.0,26292
7443,0.0,0.0,0.0,0.0,0.0,4309.08,21985.92,0.0,0.0,0.0,17165.83,0.0,26295
7444,0.0,0.0,0.0,0.0,0.0,0.0,26230.0,0.0,0.0,0.0,17165.83,0.0,26230
7445,0.0,0.0,0.0,0.0,0.0,0.0,26802.0,0.0,0.0,0.0,17165.83,0.0,26802
7446,0.0,0.0,0.0,0.0,0.0,4309.08,43841.92,0.0,0.0,20000.0,35565.83,0.0,28151
7447,0.0,0.0,0.0,0.0,0.0,0.0,44950.51,0.0,0.0,13934.51,48385.57,0.0,31016
7448,0.0,0.0,0.0,0.0,0.0,0.0,33501.0,0.0,0.0,0.0,48385.57,0.0,33501
7449,0.0,0.0,0.0,0.0,0.0,0.0,33489.0,0.0,0.0,0.0,48385.57,0.0,33489
7450,0.0,0.0,0.0,0.0,0.0,0.0,32844.62,56.38,0.0,0.0,48385.57,0.0,32901
7451,0.0,0.0,0.0,0.0,0.0,4309.08,20538.79,7426.13,0.0,0.0,48385.57,0.0,32274
7452,0.0,0.0,0.0,0.0,0.0,4309.08,20071.06,9037.86,0.0,0.0,48385.57,0.0,33418
7453,0.0,0.0,0.0,0.0,0.0,0.0,36356.59,17485.41,0.0,20000.0,66785.57,0.0,33842
7454,0.0,3080.57,0.0,0.0,0.0,0.0,30564.21,80.22,0.0,0.0,66785.57,0.0,33725
7455,0.0,7927.65,0.0,0.0,0.0,4309.08,33172.91,3086.87,0.0,14363.51,80000.0,0.0,34133
7456,0.0,12774.73,0.0,0.0,0.0,0.0,22479.65,4.62,0.0,0.0,80000.0,0.0,35259
7457,0.0,17621.81,0.0,0.0,0.0,4309.08,0.0,48.55,15422.57,0.0,63236.34,0.0,37402
7458,0.0,19388.31,0.0,0.0,0.0,4309.08,0.0,0.0,15987.61,0.0,45858.51,0.0,39685
7459,0.0,19388.31,0.0,0.0,0.0,4309.08,0.0,0.0,15369.61,0.0,29152.41,0.0,39067
7460,0.0,19388.31,0.0,0.0,0.0,4309.08,0.0,0.0,14225.61,0.0,13689.79,0.0,37923
7461,0.0,19388.31,0.0,0.0,0.0,4309.08,0.0,0.0,12594.61,0.0,0.0,0.0,36292
7462,0.0,14541.24,0.0,0.0,0.0,0.0,20211.76,0.0,0.0,0.0,0.0,0.0,34753
7463,0.0,9694.16,0.0,0.0,0.0,0.0,24178.4,0.0,0.0,768.56,707.08,0.0,33104
7464,0.0,4847.08,0.0,0.0,0.0,1454.42,44950.51,0.0,0.0,20000.0,19107.08,0.0,31252
7465,0.0,0.0,0.0,0.0,0.0,0.0,44950.51,0.0,0.0,15117.51,33015.18,0.0,29833
7466,0.0,0.0,0.0,0.0,0.0,0.0,29930.0,0.0,0.0,0.0,33015.18,0.0,29930
7467,0.0,0.0,0.0,0.0,0.0,0.0,29425.0,0.0,0.0,0.0,33015.18,0.0,29425
7468,0.0,0.0,0.0,0.0,0.0,0.0,44950.51,0.0,0.0,15950.51,47689.65,0.0,29000
7469,0.0,0.0,0.0,0.0,0.0,4309.08,24873.92,0.0,0.0,0.0,47689.65,0.0,29183
7470,0.0,0.0,0.0,0.0,0.0,4309.08,44950.51,0.0,0.0,18692.58,64886.82,0.0,30567
7471,0.0,0.0,0.0,0.0,0.0,0.0,33586.0,0.0,0.0,0.0,64886.82,0.0,33586
7472,0.0,0.0,0.0,0.0,0.0,4309.08,44950.51,158.82,0.0,12418.4,76311.75,0.0,37000
7473,0.0,0.0,0.0,0.0,0.0,0.0,40067.51,358.46,0.0,4008.97,80000.0,0.0,36417
7474,0.0,0.0,0.0,0.0,0.0,0.0,23695.02,11556.98,0.0,0.0,80000.0,0.0,35252
7475,0.0,0.0,0.0,0.0,0.0,0.0,18942.49,14915.51,0.0,0.0,80000.0,0.0,33858
7476,0.0,249.66,0.0,0.0,0.0,0.0,26640.0,7340.34,0.0,0.0,80000.0,0.0,34230
7477,0.0,5096.74,0.0,0.0,0.0,4309.08,16517.86,8403.33,0.0,0.0,80000.0,0.0,34327
7478,0.0,9943.82,0.0,0.0,0.0,4309.08,11552.25,8364.85,0.0,0.0,80000.0,0.0,34170
7479,0.0,14790.9,0.0,0.0,0.0,4309.08,8685.83,6621.19,0.0,0.0,80000.0,0.0,34407
7480,0.0,19388.31,0.0,0.0,0.0,4309.08,5230.28,2096.56,4739.77,0.0,74848.08,0.0,35764
7481,0.0,19388.31,0.0,0.0,0.0,4309.08,3123.37,419.47,11411.76,0.0,62443.99,0.0,38652
7482,0.0,19388.31,0.0,0.0,6182.88,4309.08,1489.34,0.0,9153.38,0.0,52494.66,0.0,40523
7483,0.0,19388.31,0.0,0.0,0.0,4309.08,0.0,0.0,16172.61,0.0,34915.74,0.0,39870
7484,0.0,19388.31,0.0,0.0,0.0,4309.08,0.0,0.0,15058.61,0.0,18547.68,0.0,38756
7485,0.0,19388.31,0.0,0.0,8341.01,4309.08,0.0,0.0,6020.6,0.0,12003.55,0.0,38059
7486,0.0,19388.31,0.0,0.0,0.0,4309.08,1489.34,0.0,11043.27,0.0,0.0,0.0,36230
7487,0.0,19388.31,0.0,0.0,6544.86,4309.08,4086.75,0.0,0.0,0.0,0.0,0.0,34329
7488,0.0,19334.09,0.0,0.0,0.0,4309.08,8685.83,0.0,0.0,0.0,0.0,0.0,32329
7489,0.0,14487.01,0.0,0.0,0.0,0.0,16330.99,0.0,0.0,0.0,0.0,0.0,30818
7490,0.0,9639.93,0.0,0.0,0.0,4309.08,26176.65,0.0,0.0,9794.66,9011.08,0.0,30331
7491,0.0,4792.85,0.0,0.0,0.0,4309.08,32694.0,0.0,0.0,12045.93,20093.34,0.0,29750
7492,0.0,0.0,0.0,0.0,0.0,4309.08,38625.05,0.0,0.0,12859.13,31923.74,0.0,30075
7493,0.0,0.0,0.0,0.0,0.0,0.0,30241.0,0.0,0.0,0.0,31923.74,0.0,30241
7494,0.0,0.0,0.0,0.0,0.0,4309.08,26995.92,0.0,0.0,0.0,31923.74,0.0,31305
7495,0.0,0.0,0.0,0.0,0.0,0.0,14163.0,0.0,20000.0,0.0,10184.61,0.0,34163
7496,0.0,0.0,0.0,0.0,0.0,0.0,36508.9,2.1,0.0,0.0,10184.61,0.0,36511
7497,0.0,0.0,0.0,0.0,0.0,4309.08,40067.51,30.68,0.0,8507.26,18011.29,0.0,35900
7498,0.0,0.0,0.0,0.0,0.0,4309.08,44950.51,3888.56,0.0,18180.15,34737.03,0.0,34968
7499,0.0,0.0,0.0,0.0,0.0,4309.08,40360.41,4640.96,0.0,14965.45,48505.24,0.0,34345
7500,0.0,0.0,0.0,0.0,0.0,4309.08,43697.18,5591.75,0.0,20000.0,66905.24,0.0,33598
7501,0.0,0.0,0.0,0.0,0.0,4309.08,43515.71,126.64,0.0,14233.44,80000.0,0.0,33718
7502,0.0,0.0,0.0,0.0,0.0,918.39,26176.65,6391.96,0.0,0.0,80000.0,0.0,33487
7503,0.0,4847.08,0.0,0.0,0.0,4309.08,12644.0,4993.63,7177.21,0.0,72198.68,0.0,33971
7504,0.0,9694.16,0.0,0.0,0.0,4309.08,4828.13,1947.29,14570.34,0.0,56361.35,0.0,35349
7505,0.0,13144.0,0.0,0.0,0.0,4309.08,2573.58,351.68,17721.66,0.0,37098.68,0.0,38100
7506,0.0,17836.14,0.0,0.0,0.0,4309.08,4828.13,0.0,13200.65,0.0,22750.15,0.0,40174
7507,0.0,12989.07,0.0,0.0,0.0,4309.08,11214.04,0.0,10342.82,0.0,11507.96,0.0,38855
7508,0.0,8141.99,0.0,0.0,0.0,4309.08,18597.64,0.0,6625.29,0.0,4306.55,0.0,37674
7509,0.0,3294.91,0.0,0.0,0.0,4309.08,24986.99,0.0,3962.03,0.0,0.0,0.0,36553
7510,0.0,1868.86,0.0,0.0,0.0,4309.08,28668.06,0.0,0.0,0.0,0.0,0.0,34846
7511,0.0,0.0,0.0,0.0,0.0,1470.25,31312.75,0.0,0.0,0.0,0.0,0.0,32783
7512,0.0,0.0,0.0,0.0,0.0,0.0,30474.0,0.0,0.0,0.0,0.0,0.0,30474
7513,0.0,0.0,0.0,0.0,0.0,4309.08,25011.92,0.0,0.0,0.0,0.0,0.0,29321
7514,0.0,0.0,0.0,0.0,0.0,4309.08,43515.71,0.0,0.0,19513.79,17952.69,0.0,28311
7515,0.0,0.0,0.0,0.0,0.0,4309.08,23505.92,0.0,0.0,0.0,17952.69,0.0,27815
7516,0.0,0.0,0.0,0.0,0.0,0.0,27755.0,0.0,0.0,0.0,17952.69,0.0,27755
7517,0.0,0.0,0.0,0.0,0.0,4309.08,43758.92,0.0,0.0,20000.0,36352.69,0.0,28068
7518,0.0,0.0,0.0,0.0,0.0,0.0,44950.51,0.0,0.0,15419.51,50538.63,0.0,29531
7519,0.0,0.0,0.0,0.0,0.0,0.0,32550.0,0.0,0.0,0.0,50538.63,0.0,32550
7520,0.0,0.0,0.0,0.0,0.0,0.0,34975.0,0.0,0.0,0.0,50538.63,0.0,34975
7521,0.0,0.0,0.0,0.0,0.0,0.0,35753.3,3.7,0.0,0.0,50538.63,0.0,35757
7522,0.0,0.0,0.0,0.0,0.0,4309.08,44950.51,954.63,0.0,14882.21,64230.27,0.0,35332
7523,0.0,0.0,0.0,0.0,0.0,4309.08,29988.19,36.73,0.0,0.0,64230.27,0.0,34334
7524,0.0,0.0,0.0,0.0,0.0,0.0,13126.1,55.9,20000.0,0.0,42491.14,0.0,33182
7525,0.0,0.0,0.0,0.0,0.0,0.0,33771.0,0.0,0.0,0.0,42491.14,0.0,33771
7526,0.0,0.0,0.0,0.0,0.0,4309.08,44950.51,2134.0,0.0,17373.59,58474.84,0.0,34020
7527,0.0,0.0,0.0,0.0,0.0,4309.08,27440.2,2584.72,0.0,0.0,58474.84,0.0,34334
7528,0.0,0.0,0.0,0.0,0.0,0.0,40067.51,0.0,0.0,4783.51,62875.67,0.0,35284
7529,0.0,0.0,0.0,0.0,0.0,4309.08,32839.06,1.87,0.0,0.0,62875.67,0.0,37150
7530,0.0,0.0,0.0,0.0,0.0,0.0,38204.0,0.0,0.0,0.0,62875.67,0.0,38204
7531,0.0,0.0,0.0,0.0,0.0,4309.08,40163.54,0.0,0.0,7403.62,69686.99,0.0,37069
7532,0.0,0.0,0.0,0.0,0.0,4309.08,43515.71,0.0,0.0,11209.79,80000.0,0.0,36615
7533,0.0,0.0,0.0,0.0,0.0,659.83,35577.17,0.0,0.0,0.0,80000.0,0.0,36237
7534,0.0,205.96,0.0,0.0,0.0,4309.08,29970.96,0.0,0.0,0.0,80000.0,0.0,34486
7535,0.0,3509.94,0.0,0.0,0.0,4309.08,24986.99,0.0,0.0,0.0,80000.0,0.0,32806
7536,0.0,3909.38,0.0,0.0,0.0,4309.08,18597.64,0.0,3782.9,0.0,75888.15,0.0,30599
7537,0.0,8756.46,0.0,0.0,0.0,4309.08,14190.63,0.0,1787.84,0.0,73944.85,0.0,29044
7538,0.0,13603.54,0.0,0.0,0.0,4309.08,10541.38,0.0,0.0,0.0,73944.85,0.0,28454
7539,0.0,8756.46,0.0,0.0,0.0,4309.08,7578.43,0.0,7475.03,0.0,65819.82,0.0,28119
7540,0.0,13144.0,0.0,0.0,0.0,4309.08,5654.16,0.0,4792.77,0.0,60610.29,0.0,27900
7541,0.0,17991.08,0.0,0.0,0.0,4309.08,4447.15,0.0,1565.7,0.0,58908.44,0.0,28313
7542,0.0,14541.24,0.0,0.0,0.0,4309.08,3746.37,0.0,7278.32,0.0,50997.23,0.0,29875
7543,0.0,19388.31,0.0,0.0,0.0,4309.08,3425.44,0.0,5095.17,0.0,45459.0,0.0,32218
7544,0.0,17598.34,0.0,0.0,0.0,4309.08,4086.75,272.11,8274.73,0.0,36464.73,0.0,34541
7545,0.0,12751.26,0.0,0.0,0.0,4309.08,6100.34,2108.68,10046.65,0.0,25544.46,0.0,35316
7546,0.0,7904.18,0.0,0.0,0.0,4309.08,8685.83,7157.39,7864.52,0.0,16996.07,0.0,35921
7547,0.0,4847.08,0.0,0.0,0.0,4309.08,11214.04,11139.63,5308.17,0.0,11226.31,0.0,36818
7548,0.0,0.0,0.0,0.0,0.0,4309.08,14190.63,28218.19,0.0,9458.89,19928.5,0.0,37259
7549,0.0,0.0,0.0,0.0,0.0,4309.08,16739.33,28209.15,0.0,11579.55,30581.69,0.0,37678
7550,0.0,0.0,0.0,0.0,0.0,4309.08,19576.27,25582.0,0.0,11267.35,40947.65,0.0,38200
7551,0.0,0.0,0.0,0.0,0.0,4309.08,21635.33,20664.21,0.0,8798.61,49042.37,0.0,37810
7552,0.0,0.0,0.0,0.0,0.0,4309.08,23833.93,13006.0,0.0,2889.0,51700.25,0.0,38260
7553,0.0,0.0,0.0,0.0,0.0,4309.08,24986.99,2928.31,6729.62,0.0,44385.45,0.0,38954
7554,0.0,4847.08,0.0,0.0,0.0,4309.08,26176.65,0.0,4428.2,0.0,39572.19,0.0,39761
7555,0.0,0.0,0.0,0.0,0.0,4309.08,26176.65,0.0,8115.28,0.0,30751.24,0.0,38601
7556,0.0,2722.92,0.0,0.0,0.0,4309.08,24986.99,0.0,4568.02,0.0,25786.0,0.0,36587
7557,0.0,7570.0,0.0,0.0,0.0,4309.08,23833.93,0.0,0.0,0.0,25786.0,0.0,35713
7558,0.0,2722.92,0.0,0.0,0.0,4309.08,21635.33,0.0,5735.68,0.0,19551.56,0.0,34403
7559,0.0,0.0,0.0,0.0,0.0,4309.08,20588.64,0.0,7542.28,0.0,11353.43,0.0,32440
7560,0.0,0.0,0.0,0.0,0.0,4309.08,20588.64,0.0,5445.28,0.0,5434.65,0.0,30343
7561,0.0,0.0,0.0,0.0,0.0,4309.08,20588.64,0.0,3957.28,0.0,1133.26,0.0,28855
7562,0.0,2744.28,0.0,0.0,0.0,4309.08,20588.64,0.0,0.0,0.0,1133.26,0.0,27642
7563,0.0,0.0,0.0,0.0,0.0,4309.08,21635.33,0.0,1042.6,0.0,0.0,0.0,26987
7564,0.0,1099.6,0.0,0.0,0.0,4309.08,21635.33,0.0,0.0,0.0,0.0,0.0,27044
7565,0.0,87.03,0.0,0.0,0.0,4309.08,22716.9,0.0,0.0,0.0,0.0,0.0,27113
7566,0.0,0.0,0.0,0.0,0.0,4309.08,23530.92,0.0,0.0,0.0,0.0,0.0,27840
7567,0.0,0.0,0.0,0.0,0.0,4309.08,25507.92,0.0,0.0,0.0,0.0,0.0,29817
7568,0.0,0.0,0.0,0.0,0.0,4309.08,27240.6,15.32,0.0,0.0,0.0,0.0,31565
7569,0.0,0.0,0.0,0.0,0.0,4309.08,26650.29,1639.63,0.0,0.0,0.0,0.0,32599
7570,0.0,0.0,0.0,0.0,0.0,4309.08,25169.58,3653.34,0.0,0.0,0.0,0.0,33132
7571,0.0,0.0,0.0,0.0,0.0,4309.08,28668.06,1965.86,0.0,0.0,0.0,0.0,34943
7572,0.0,0.0,0.0,0.0,0.0,2350.69,28668.06,4311.25,0.0,0.0,0.0,0.0,35330
7573,0.0,0.0,0.0,0.0,0.0,4309.08,28668.06,5992.76,0.0,4179.9,3845.51,0.0,34790
7574,0.0,0.0,0.0,0.0,0.0,4309.08,28668.06,14330.99,0.0,12485.13,15331.83,0.0,34823
7575,0.0,0.0,0.0,0.0,0.0,0.0,26952.32,8988.68,0.0,0.0,15331.83,0.0,35941
7576,0.0,0.0,0.0,0.0,0.0,4309.08,29970.96,10990.28,0.0,9040.32,23648.92,0.0,36230
7577,0.0,0.0,0.0,0.0,0.0,4309.08,30661.95,1998.98,0.0,0.0,23648.92,0.0,36970
7578,0.0,0.0,0.0,0.0,0.0,4309.08,31312.75,0.0,2527.17,0.0,20902.0,0.0,38149
7579,0.0,0.0,0.0,0.0,0.0,4309.08,31312.75,0.0,2292.17,0.0,18410.5,0.0,37914
7580,0.0,0.0,0.0,0.0,0.0,4309.08,31312.75,0.0,1173.17,0.0,17135.32,0.0,36795
7581,0.0,0.0,0.0,0.0,0.0,4309.08,31124.92,0.0,0.0,0.0,17135.32,0.0,35434
7582,0.0,0.0,0.0,0.0,0.0,1264.0,32694.0,0.0,0.0,0.0,17135.32,0.0,33958
7583,0.0,0.0,0.0,0.0,0.0,4309.08,28072.92,0.0,0.0,0.0,17135.32,0.0,32382
7584,0.0,0.0,0.0,0.0,0.0,0.0,38625.05,0.0,0.0,7830.05,24338.97,0.0,30795
7585,0.0,0.0,0.0,0.0,0.0,4309.08,25620.92,0.0,0.0,0.0,24338.97,0.0,29930
7586,0.0,0.0,0.0,0.0,0.0,4309.08,24880.92,0.0,0.0,0.0,24338.97,0.0,29190
7587,0.0,0.0,0.0,0.0,0.0,4309.08,41842.22,0.0,0.0,17617.3,40546.88,0.0,28534
7588,0.0,0.0,0.0,0.0,0.0,0.0,28304.0,0.0,0.0,0.0,40546.88,0.0,28304
7589,0.0,0.0,0.0,0.0,0.0,4309.08,32694.0,0.0,0.0,8628.08,48484.71,0.0,28375
7590,0.0,0.0,0.0,0.0,0.0,0.0,28963.0,0.0,0.0,0.0,48484.71,0.0,28963
7591,0.0,0.0,0.0,0.0,0.0,4309.08,25728.92,0.0,0.0,0.0,48484.71,0.0,30038
7592,0.0,0.0,0.0,0.0,0.0,0.0,31128.42,0.58,0.0,0.0,48484.71,0.0,31129
7593,0.0,0.0,0.0,0.0,0.0,4309.08,36437.3,828.83,0.0,8769.21,56552.39,0.0,32806
7594,0.0,0.0,0.0,0.0,0.0,0.0,33895.0,0.0,0.0,0.0,56552.39,0.0,33895
7595,0.0,0.0,0.0,0.0,0.0,4309.08,27037.68,3150.25,0.0,0.0,56552.39,0.0,34497
7596,0.0,0.0,0.0,0.0,0.0,4309.08,38625.05,2647.31,0.0,10938.44,66615.75,0.0,34643
7597,0.0,0.0,0.0,0.0,0.0,4309.08,35577.17,9864.84,0.0,14548.09,80000.0,0.0,35203
7598,0.0,0.0,0.0,0.0,0.0,0.0,26391.77,8451.23,0.0,0.0,80000.0,0.0,34843
7599,0.0,580.77,0.0,0.0,0.0,4309.08,28668.06,1767.09,0.0,0.0,80000.0,0.0,35325
7600,0.0,5427.84,0.0,0.0,0.0,4309.08,24986.99,1747.54,18.55,0.0,79979.83,0.0,36490
7601,0.0,10274.92,0.0,0.0,0.0,4309.08,22716.9,188.66,1213.44,0.0,78660.88,0.0,38703
7602,0.0,15122.0,0.0,0.0,0.0,4309.08,21635.33,0.0,0.0,343.4,78976.81,0.0,40723
7603,0.0,16761.81,0.0,0.0,0.0,4309.08,19576.27,0.0,0.0,1112.16,80000.0,0.0,39535
7604,0.0,17531.59,0.0,0.0,0.0,4309.08,16739.33,0.0,0.0,0.0,80000.0,0.0,38580
7605,0.0,19388.31,0.0,0.0,624.17,4309.08,13402.44,0.0,0.0,0.0,80000.0,0.0,37724
7606,0.0,19388.31,0.0,0.0,2099.22,4309.08,10541.38,0.0,0.0,0.0,80000.0,0.0,36338
7607,0.0,19388.31,0.0,0.0,2544.06,4309.08,8119.55,0.0,0.0,0.0,80000.0,0.0,34361
7608,0.0,19388.31,0.0,0.0,0.0,4309.08,5654.16,0.0,3311.45,0.0,76400.59,0.0,32663
7609,0.0,19388.31,0.0,0.0,0.0,4309.08,3425.44,0.0,4239.17,0.0,71792.8,0.0,31362
7610,0.0,19388.31,0.0,0.0,790.61,4309.08,1675.31,0.0,4440.7,0.0,66965.96,0.0,30604
7611,0.0,19388.31,0.0,0.0,0.0,4309.08,0.0,0.0,6543.61,0.0,59853.34,0.0,30241
7612,0.0,19388.31,0.0,0.0,6557.61,4309.08,0.0,0.0,0.0,0.0,59853.34,0.0,30255
7613,0.0,19388.31,0.0,0.0,7455.61,4309.08,0.0,0.0,0.0,0.0,59853.34,0.0,31153
7614,0.0,19388.31,0.0,0.0,0.0,4309.08,0.0,0.0,8942.61,0.0,50133.11,0.0,32640
7615,0.0,19388.31,0.0,0.0,8341.01,4309.08,0.0,0.0,3307.6,0.0,46537.89,0.0,35346
7616,0.0,19388.31,0.0,0.0,4246.11,4309.08,0.0,0.0,10343.5,0.0,35294.95,0.0,38287
7617,0.0,19388.31,0.0,0.0,12587.11,4309.08,2324.71,674.79,0.0,0.0,35294.95,0.0,39284
7618,0.0,19388.31,0.0,0.0,7267.81,4309.08,4086.75,3602.05,0.0,0.0,35294.95,0.0,38654
7619,0.0,19388.31,0.0,0.0,0.0,4309.08,5230.28,9244.13,0.0,359.8,35625.97,0.0,37812
7620,0.0,19388.31,0.0,0.0,0.0,4309.08,6100.34,16222.63,0.0,8187.36,43158.34,0.0,37833
7621,0.0,19388.31,0.0,0.0,2843.41,4309.08,5654.16,6129.04,0.0,0.0,43158.34,0.0,38324
7622,0.0,19388.31,0.0,0.0,0.0,4309.08,5230.28,16346.26,0.0,6829.92,49441.87,0.0,38444
7623,0.0,19388.31,0.0,0.0,0.0,4309.08,4828.13,12900.66,0.0,2373.19,51625.2,0.0,39053
7624,0.0,19388.31,0.0,0.0,8341.01,4309.08,4086.75,1896.53,1940.32,0.0,49516.15,0.0,39962
7625,0.0,19388.31,0.0,0.0,4691.82,4309.08,2573.58,226.23,10165.98,0.0,38466.17,0.0,41355
7626,0.0,19388.31,0.0,0.0,13032.82,4309.08,2092.42,0.0,4322.37,0.0,33767.95,0.0,43145
7627,0.0,19388.31,0.0,0.0,13032.82,4309.08,1675.31,0.0,3478.48,0.0,29986.99,0.0,41884
7628,0.0,19388.31,0.0,0.0,13032.82,4309.08,1675.31,0.0,2744.48,0.0,27003.86,0.0,41150
7629,0.0,19388.31,0.0,0.0,13032.82,4309.08,2092.42,0.0,1469.37,0.0,25406.72,0.0,40292
7630,0.0,19388.31,0.0,0.0,12531.03,4309.08,2573.58,0.0,0.0,0.0,25406.72,0.0,38802
7631,0.0,19388.31,0.0,0.0,9824.0,4309.08,2839.61,0.0,0.0,0.0,25406.72,0.0,36361
7632,0.0,19388.31,0.0,0.0,6938.17,4309.08,3425.44,0.0,0.0,0.0,25406.72,0.0,34061
7633,0.0,19388.31,0.0,0.0,5088.86,4309.08,4086.75,0.0,0.0,0.0,25406.72,0.0,32873
7634,0.0,19388.31,0.0,0.0,3256.33,4309.08,5230.28,0.0,0.0,0.0,25406.72,0.0,32184
7635,0.0,19388.31,0.0,0.0,1151.21,4309.08,6569.4,0.0,0.0,0.0,25406.72,0.0,31418
7636,0.0,19388.31,0.0,0.0,478.7,4309.08,7061.9,0.0,0.0,0.0,25406.72,0.0,31238
7637,0.0,19388.31,0.0,0.0,572.7,4309.08,7061.9,0.0,0.0,0.0,25406.72,0.0,31332
7638,0.0,19388.31,0.0,0.0,1279.18,4309.08,7578.43,0.0,0.0,0.0,25406.72,0.0,32555
7639,0.0,19388.31,0.0,0.0,3327.78,4309.08,8685.83,0.0,0.0,0.0,25406.72,0.0,35711
7640,0.0,19388.31,0.0,0.0,4351.93,4309.08,9277.85,556.83,0.0,0.0,25406.72,0.0,37884
7641,0.0,19388.31,0.0,0.0,2288.66,4309.08,10541.38,2221.57,0.0,0.0,25406.72,0.0,38749
7642,0.0,19388.31,0.0,0.0,1039.53,4309.08,11214.04,2745.04,0.0,0.0,25406.72,0.0,38696
7643,0.0,19388.31,0.0,0.0,0.0,4309.08,12644.0,5024.29,0.0,1571.68,26852.67,0.0,39794
7644,0.0,19388.31,0.0,0.0,0.0,4309.08,13402.44,5215.38,0.0,2083.21,28769.23,0.0,40232
7645,0.0,19388.31,0.0,0.0,0.0,4309.08,14190.63,5916.21,0.0,3279.23,31786.12,0.0,40525
7646,0.0,19388.31,0.0,0.0,0.0,4309.08,12644.0,6563.75,0.0,2304.14,33905.92,0.0,40601
7647,0.0,19388.31,0.0,0.0,3817.19,4309.08,9896.18,2445.24,0.0,0.0,33905.92,0.0,39856
7648,0.0,19388.31,0.0,0.0,0.0,4309.08,7578.43,1527.05,7786.13,0.0,25442.74,0.0,40589
7649,0.0,19388.31,0.0,0.0,0.0,4309.08,7061.9,1500.87,10550.84,0.0,13974.44,0.0,42811
7650,0.0,19388.31,0.0,0.0,0.0,4309.08,8119.55,0.0,12006.06,0.0,924.37,0.0,43823
7651,0.0,19388.31,0.0,0.0,8341.01,4309.08,9896.18,0.0,850.42,0.0,0.0,0.0,42785
7652,0.0,19388.31,0.0,0.0,3172.49,4309.08,15009.12,0.0,0.0,0.0,0.0,0.0,41879
7653,0.0,17206.65,0.0,0.0,0.0,4309.08,19576.27,0.0,0.0,0.0,0.0,0.0,41092
7654,0.0,14762.28,0.0,0.0,0.0,4309.08,20588.64,0.0,0.0,0.0,0.0,0.0,39660
7655,0.0,12425.28,0.0,0.0,0.0,4309.08,20588.64,0.0,0.0,0.0,0.0,0.0,37323
7656,0.0,10079.28,0.0,0.0,0.0,4309.08,20588.64,0.0,0.0,0.0,0.0,0.0,34977
7657,0.0,7985.6,0.0,0.0,0.0,4309.08,21635.33,0.0,0.0,0.0,0.0,0.0,33930
7658,0.0,3138.52,0.0,0.0,0.0,4309.08,27403.48,0.0,0.0,1726.08,1587.99,0.0,33125
7659,0.0,0.0,0.0,0.0,0.0,4309.08,38625.05,0.0,0.0,10224.13,10994.19,0.0,32710
7660,0.0,0.0,0.0,0.0,0.0,4309.08,44950.51,0.0,0.0,16992.58,26627.37,0.0,32267
7661,0.0,0.0,0.0,0.0,0.0,4309.08,44950.51,0.0,0.0,16923.58,42197.07,0.0,32336
7662,0.0,0.0,0.0,0.0,0.0,4309.08,44950.51,0.0,0.0,15608.58,56556.96,0.0,33651
7663,0.0,0.0,0.0,0.0,0.0,4309.08,43515.71,0.0,0.0,11327.79,66978.53,0.0,36497
7664,0.0,4847.08,0.0,0.0,0.0,4309.08,29970.96,146.68,114.21,0.0,66854.4,0.0,39388
7665,0.0,9694.16,0.0,0.0,0.0,4309.08,19576.27,3280.74,3530.76,0.0,63016.62,0.0,40391
7666,0.0,4847.08,0.0,0.0,0.0,4309.08,12644.0,13883.97,5004.87,0.0,57576.54,0.0,40689
7667,0.0,9694.16,0.0,0.0,0.0,4309.08,9277.85,6075.93,11541.98,0.0,45030.91,0.0,40899
7668,0.0,4847.08,0.0,0.0,0.0,4309.08,9896.18,4281.82,17522.85,0.0,25984.33,0.0,40857
7669,0.0,5072.24,0.0,0.0,0.0,4309.08,14190.63,4881.88,12202.17,0.0,12721.1,0.0,40656
7670,0.0,225.17,0.0,0.0,0.0,4309.08,21635.33,3157.02,11703.41,0.0,0.0,0.0,41030
7671,0.0,1730.44,0.0,0.0,0.0,4309.08,32694.0,2483.49,0.0,0.0,0.0,0.0,41217
7672,0.0,0.0,0.0,0.0,0.0,4309.08,44950.51,8763.12,0.0,16473.7,15155.8,0.0,41549
7673,0.0,0.0,0.0,0.0,0.0,4309.08,44950.51,0.0,0.0,7018.58,21612.9,0.0,42241
7674,0.0,0.0,0.0,0.0,0.0,0.0,44950.51,0.0,0.0,1544.51,23033.85,0.0,43406
7675,0.0,0.0,0.0,0.0,0.0,4309.08,38588.92,0.0,0.0,0.0,23033.85,0.0,42898
7676,0.0,0.0,0.0,0.0,0.0,4309.08,39382.15,0.0,0.0,1586.23,24493.18,0.0,42105
7677,0.0,0.0,0.0,0.0,0.0,0.0,41542.0,0.0,0.0,0.0,24493.18,0.0,41542
7678,0.0,0.0,0.0,0.0,0.0,4309.08,44950.51,0.0,0.0,9675.58,33394.71,0.0,39584
7679,0.0,0.0,0.0,0.0,0.0,0.0,37014.0,0.0,0.0,0.0,33394.71,0.0,37014
7680,0.0,0.0,0.0,0.0,0.0,4309.08,34429.19,0.0,0.0,3989.27,37064.84,0.0,34749
7681,0.0,0.0,0.0,0.0,0.0,4309.08,29412.92,0.0,0.0,0.0,37064.84,0.0,33722
7682,0.0,0.0,0.0,0.0,0.0,4309.08,41842.22,0.0,0.0,13476.3,49463.03,0.0,32675
7683,0.0,0.0,0.0,0.0,0.0,4309.08,27343.92,0.0,0.0,0.0,49463.03,0.0,31653
7684,0.0,0.0,0.0,0.0,0.0,0.0,31464.0,0.0,0.0,0.0,49463.03,0.0,31464
7685,0.0,0.0,0.0,0.0,0.0,0.0,32080.0,0.0,0.0,0.0,49463.03,0.0,32080
7686,0.0,0.0,0.0,0.0,0.0,0.0,33831.0,0.0,0.0,0.0,49463.03,0.0,33831
7687,0.0,0.0,0.0,0.0,0.0,0.0,36387.0,0.0,0.0,0.0,49463.03,0.0,36387
7688,0.0,0.0,0.0,0.0,0.0,0.0,37694.53,5.37,1485.09,0.0,47848.8,0.0,39185
7689,0.0,0.0,0.0,0.0,0.0,4309.08,44950.51,9535.32,0.0,18514.91,64882.52,0.0,40280
7690,0.0,0.0,0.0,0.0,0.0,0.0,21764.12,18409.88,0.0,0.0,64882.52,0.0,40174
7691,0.0,0.0,0.0,0.0,0.0,0.0,26869.37,12409.63,0.0,0.0,64882.52,0.0,39279
7692,0.0,0.0,0.0,0.0,0.0,4309.08,37080.24,13934.73,0.0,16432.05,80000.0,0.0,38892
7693,0.0,0.0,0.0,0.0,0.0,0.0,19422.18,19702.82,0.0,0.0,80000.0,0.0,39125
7694,0.0,0.0,0.0,0.0,0.0,4309.08,25553.83,9543.09,0.0,0.0,80000.0,0.0,39406
7695,0.0,4219.91,0.0,0.0,0.0,4309.08,11062.57,20280.45,0.0,0.0,80000.0,0.0,39872
7696,0.0,9066.98,0.0,0.0,0.0,4309.08,21635.33,1050.1,4440.52,0.0,75173.35,0.0,40502
7697,0.0,13914.06,0.0,0.0,0.0,4309.08,19576.27,121.69,4095.9,0.0,70721.29,0.0,42017
7698,0.0,18761.14,0.0,0.0,0.0,4309.08,18597.64,0.0,1715.14,0.0,68857.01,0.0,43383
7699,0.0,19388.31,0.0,0.0,0.0,4309.08,16739.33,0.0,1970.28,0.0,66715.4,0.0,42407
7700,0.0,19388.31,0.0,0.0,0.0,4309.08,14190.63,0.0,3778.98,0.0,62607.81,0.0,41667
7701,0.0,19388.31,0.0,0.0,0.0,4309.08,10541.38,0.0,6664.22,0.0,55364.09,0.0,40903
7702,0.0,19388.31,0.0,0.0,0.0,4309.08,7578.43,0.0,7394.18,0.0,47326.94,0.0,38670
7703,0.0,19388.31,0.0,0.0,0.0,4309.08,5654.16,0.0,7602.45,0.0,39063.4,0.0,36954
7704,0.0,19388.31,0.0,0.0,0.0,4309.08,4447.15,0.0,6897.46,0.0,31566.16,0.0,35042
7705,0.0,19388.31,0.0,0.0,0.0,4309.08,3746.37,0.0,6114.24,0.0,24920.25,0.0,33558
7706,0.0,19388.31,0.0,0.0,0.0,4309.08,4086.75,0.0,5153.86,0.0,19318.23,0.0,32938
7707,0.0,19388.31,0.0,0.0,0.0,4309.08,4828.13,0.0,4004.48,0.0,14965.54,0.0,32530
7708,0.0,19388.31,0.0,0.0,0.0,4309.08,6569.4,0.0,2272.21,0.0,12495.74,0.0,32539
7709,0.0,19388.31,0.0,0.0,0.0,4309.08,8685.83,0.0,333.78,0.0,12132.94,0.0,32717
7710,0.0,19388.31,0.0,0.0,0.0,4309.08,12644.0,0.0,0.0,2222.39,14177.54,0.0,34119
7711,0.0,19388.31,0.0,0.0,0.0,4309.08,17652.19,0.0,0.0,4785.58,18580.27,0.0,36564
7712,0.0,19388.31,0.0,0.0,0.0,4309.08,22716.9,0.0,0.0,7262.29,25261.58,0.0,39152
7713,0.0,14541.24,0.0,0.0,0.0,4309.08,28668.06,2443.24,0.0,9789.62,34268.03,0.0,40172
7714,0.0,9694.16,0.0,0.0,0.0,4309.08,32694.0,10076.38,0.0,16232.62,49202.03,0.0,40541
7715,0.0,4847.08,0.0,0.0,0.0,2130.51,29970.96,23781.45,0.0,20000.0,67602.03,0.0,40730
7716,0.0,9694.16,0.0,0.0,0.0,4309.08,21635.33,9758.0,0.0,5104.56,72298.23,0.0,40292
7717,0.0,14541.24,0.0,0.0,0.0,4309.08,14190.63,15650.55,0.0,8371.49,80000.0,0.0,40320
7718,0.0,19388.31,0.0,0.0,483.4,4309.08,8685.83,7333.37,0.0,0.0,80000.0,0.0,40200
7719,0.0,19388.31,0.0,0.0,0.0,4309.08,5654.16,6468.44,4177.02,0.0,75459.76,0.0,39997
7720,0.0,19388.31,0.0,0.0,1575.23,4309.08,3746.37,848.94,10569.07,0.0,63971.65,0.0,40437
7721,0.0,19388.31,0.0,0.0,4691.82,4309.08,2573.58,80.0,10859.21,0.0,52168.16,0.0,41902
7722,0.0,19388.31,0.0,0.0,13032.82,4309.08,2092.42,0.0,4433.37,0.0,47349.28,0.0,43256
7723,0.0,19388.31,0.0,0.0,4691.82,4309.08,1489.34,0.0,11924.45,0.0,34387.92,0.0,41803
7724,0.0,19388.31,0.0,0.0,13032.82,4309.08,1159.73,0.0,3218.05,0.0,30890.04,0.0,41108
7725,0.0,19388.31,0.0,0.0,4691.82,4309.08,0.0,0.0,11964.79,0.0,17884.83,0.0,40354
7726,0.0,19388.31,0.0,0.0,13032.82,4309.08,1159.73,0.0,1205.05,0.0,16574.99,0.0,39095
7727,0.0,19388.31,0.0,0.0,8341.01,4309.08,2092.42,0.0,2828.19,0.0,13500.87,0.0,36959
7728,0.0,19388.31,0.0,0.0,0.0,4309.08,3746.37,0.0,7192.24,0.0,5683.22,0.0,34636
7729,0.0,19388.31,0.0,0.0,0.0,4309.08,5230.28,0.0,4427.33,0.0,870.91,0.0,33355
7730,0.0,19388.31,0.0,0.0,1664.7,4309.08,7061.9,0.0,0.0,0.0,870.91,0.0,32424
7731,0.0,19388.31,0.0,0.0,0.0,4309.08,8685.83,0.0,0.0,435.22,1271.31,0.0,31948
7732,0.0,19388.31,0.0,0.0,0.0,4309.08,10541.38,0.0,0.0,2435.78,3512.23,0.0,31803
7733,0.0,19388.31,0.0,0.0,0.0,4309.08,12644.0,0.0,0.0,4596.39,7740.91,0.0,31745
7734,0.0,19388.31,0.0,0.0,0.0,4309.08,15858.5,0.0,0.0,6949.89,14134.8,0.0,32606
7735,0.0,19388.31,0.0,0.0,0.0,4309.08,17652.19,0.0,0.0,7244.58,20799.81,0.0,34105
7736,0.0,19388.31,0.0,0.0,0.0,4309.08,20588.64,0.0,0.0,8633.03,28742.21,0.0,35653
7737,0.0,19388.31,0.0,0.0,0.0,4309.08,20588.64,312.35,0.0,7506.39,35648.08,0.0,37092
7738,0.0,18026.45,0.0,0.0,0.0,4309.08,18597.64,17372.83,0.0,20000.0,54048.08,0.0,38306
7739,0.0,19388.31,0.0,0.0,0.0,4309.08,14190.63,4835.94,0.0,3838.96,57579.92,0.0,38885
7740,0.0,19388.31,0.0,0.0,1097.22,4309.08,9896.18,4042.21,0.0,0.0,57579.92,0.0,38733
7741,0.0,19388.31,0.0,0.0,0.0,4309.08,7061.9,9228.6,0.0,1554.9,59010.43,0.0,38433
7742,0.0,19388.31,0.0,0.0,7741.78,4309.08,4828.13,2619.69,0.0,0.0,59010.43,0.0,38887
7743,0.0,19388.31,0.0,0.0,0.0,4309.08,3746.37,4238.27,7036.96,0.0,51361.56,0.0,38719
7744,0.0,19388.31,0.0,0.0,0.0,4309.08,4086.75,2541.85,9624.01,0.0,40900.68,0.0,39950
7745,0.0,19388.31,0.0,0.0,8341.01,4309.08,4828.13,272.05,3852.42,0.0,36713.26,0.0,40991
7746,0.0,19388.31,0.0,0.0,0.0,4309.08,5654.16,0.0,12679.45,0.0,22931.24,0.0,42031
7747,0.0,19388.31,0.0,0.0,0.0,4309.08,6100.34,0.0,11013.27,0.0,10960.3,0.0,40811
7748,0.0,19388.31,0.0,0.0,8341.01,4309.08,6100.34,0.0,1615.26,0.0,9204.58,0.0,39754
7749,0.0,19388.31,0.0,0.0,0.0,4309.08,6569.4,0.0,8468.21,0.0,0.0,0.0,38735
7750,0.0,19388.31,0.0,0.0,5656.06,4309.08,8119.55,0.0,0.0,0.0,0.0,0.0,37473
7751,0.0,19388.31,0.0,0.0,1723.22,4309.08,10541.38,0.0,0.0,0.0,0.0,0.0,35962
7752,0.0,17474.92,0.0,0.0,0.0,4309.08,12644.0,0.0,0.0,0.0,0.0,0.0,34428
7753,0.0,14761.3,0.0,0.0,0.0,4309.08,14190.63,0.0,0.0,0.0,0.0,0.0,33261
7754,0.0,13010.8,0.0,0.0,0.0,4309.08,15009.12,0.0,0.0,0.0,0.0,0.0,32329
7755,0.0,11690.43,0.0,0.0,0.0,4309.08,15858.5,0.0,0.0,0.0,0.0,0.0,31858
7756,0.0,12562.8,0.0,0.0,0.0,4309.08,15009.12,0.0,0.0,0.0,0.0,0.0,31881
7757,0.0,13331.3,0.0,0.0,0.0,4309.08,14190.63,0.0,0.0,0.0,0.0,0.0,31831
7758,0.0,14818.48,0.0,0.0,0.0,4309.08,13402.44,0.0,0.0,0.0,0.0,0.0,32530
7759,0.0,16169.48,0.0,0.0,0.0,4309.08,13402.44,0.0,0.0,0.0,0.0,0.0,33881
7760,0.0,15965.8,0.0,0.0,0.0,4309.08,15009.12,0.0,0.0,0.0,0.0,0.0,35284
7761,0.0,15908.16,0.0,0.0,0.0,4309.08,15009.12,1289.64,0.0,0.0,0.0,0.0,36516
7762,0.0,11061.08,0.0,0.0,0.0,4309.08,12644.0,18248.85,0.0,9071.0,8345.32,0.0,37192
7763,0.0,14174.2,0.0,0.0,0.0,4309.08,10541.38,1028.64,7677.7,0.0,0.0,0.0,37731
7764,0.0,9327.12,0.0,0.0,0.0,4309.08,10541.38,26222.79,0.0,12099.37,11131.42,0.0,38301
7765,0.0,4808.69,0.0,0.0,0.0,4309.08,9277.85,26142.11,0.0,6552.73,17159.94,0.0,37985
7766,0.0,9655.77,0.0,0.0,0.0,4309.08,8119.55,11389.32,4984.28,0.0,11742.24,0.0,38458
7767,0.0,14502.85,0.0,0.0,0.0,4309.08,6100.34,12621.35,1152.39,0.0,10489.65,0.0,38686
7768,0.0,19349.93,0.0,0.0,0.0,4309.08,6569.4,5775.57,4145.03,0.0,5984.19,0.0,40149
7769,0.0,15412.04,0.0,0.0,0.0,4309.08,16739.33,319.1,5505.45,0.0,0.0,0.0,42285
7770,0.0,10564.96,0.0,0.0,0.0,4309.08,29970.96,0.0,0.0,0.0,0.0,0.0,44845
7771,0.0,6704.92,0.0,0.0,0.0,4309.08,32694.0,0.0,0.0,0.0,0.0,0.0,43708
7772,0.0,3717.64,0.0,0.0,0.0,4309.08,34115.28,0.0,0.0,0.0,0.0,0.0,42142
7773,0.0,0.0,0.0,0.0,0.0,4309.08,38625.05,0.0,0.0,1881.13,1730.64,0.0,41053
7774,0.0,0.0,0.0,0.0,0.0,4309.08,41842.22,0.0,0.0,6510.3,7720.11,0.0,39641
7775,0.0,0.0,0.0,0.0,0.0,4309.08,43515.71,0.0,0.0,9977.79,16899.68,0.0,37847
7776,0.0,0.0,0.0,0.0,0.0,4309.08,33536.28,0.0,0.0,1811.35,18566.13,0.0,36034
7777,0.0,0.0,0.0,0.0,0.0,4309.08,41842.22,0.0,0.0,11587.3,29226.44,0.0,34564
7778,0.0,0.0,0.0,0.0,0.0,0.0,33429.0,0.0,0.0,0.0,29226.44,0.0,33429
7779,0.0,0.0,0.0,0.0,0.0,4309.08,41842.22,0.0,0.0,13070.3,41251.12,0.0,33081
7780,0.0,0.0,0.0,0.0,0.0,4309.08,29034.92,0.0,0.0,0.0,41251.12,0.0,33344
7781,0.0,0.0,0.0,0.0,0.0,4309.08,40212.19,0.0,0.0,10748.27,51139.52,0.0,33773
7782,0.0,0.0,0.0,0.0,0.0,4309.08,41842.22,0.0,0.0,11700.3,61903.8,0.0,34451
7783,0.0,0.0,0.0,0.0,0.0,4309.08,33138.92,0.0,0.0,0.0,61903.8,0.0,37448
7784,0.0,0.0,0.0,0.0,0.0,4309.08,34115.28,0.0,1710.64,0.0,60044.41,0.0,40135
7785,0.0,0.0,0.0,0.0,0.0,4309.08,27652.35,9421.57,0.0,0.0,60044.41,0.0,41383
7786,0.0,0.0,0.0,0.0,0.0,4309.08,24986.99,12347.94,0.0,0.0,60044.41,0.0,41644
7787,0.0,0.0,0.0,0.0,0.0,0.0,16728.87,24412.13,0.0,0.0,60044.41,0.0,41141
7788,0.0,4847.08,0.0,0.0,0.0,4309.08,12644.0,27633.87,0.0,9036.03,68357.55,0.0,40398
7789,0.0,9694.16,0.0,0.0,0.0,4309.08,9277.85,16200.71,575.21,0.0,67732.33,0.0,40057
7790,0.0,14541.24,0.0,0.0,0.0,4309.08,8119.55,25652.56,0.0,13334.43,80000.0,0.0,39288
7791,0.0,19388.31,0.0,0.0,0.0,4309.08,8119.55,3698.88,3948.18,0.0,75708.5,0.0,39464
7792,0.0,19388.31,0.0,0.0,0.0,4309.08,8685.83,11896.81,0.0,4290.03,79655.33,0.0,39990
7793,0.0,19388.31,0.0,0.0,0.0,4309.08,9896.18,775.48,8157.95,0.0,70788.0,0.0,42527
7794,0.0,19388.31,0.0,0.0,3057.64,4309.08,11214.04,0.0,6446.92,0.0,63780.47,0.0,44416
7795,0.0,19388.31,0.0,0.0,0.0,4309.08,10541.38,0.0,8992.22,0.0,54006.31,0.0,43231
7796,0.0,19388.31,0.0,0.0,8341.01,4309.08,9277.85,0.0,1069.75,0.0,52843.54,0.0,42386
7797,0.0,19388.31,0.0,0.0,0.0,4309.08,8685.83,0.0,9137.78,0.0,42911.18,0.0,41521
7798,0.0,19388.31,0.0,0.0,8341.01,4309.08,7578.43,0.0,130.17,0.0,42769.69,0.0,39747
7799,0.0,19388.31,0.0,0.0,0.0,4309.08,6569.4,0.0,7296.21,0.0,34839.03,0.0,37563
7800,0.0,19388.31,0.0,0.0,0.0,4309.08,6100.34,0.0,5624.27,0.0,28725.69,0.0,35422
7801,0.0,19388.31,0.0,0.0,3785.21,4309.08,6569.4,0.0,0.0,0.0,28725.69,0.0,34052
7802,0.0,19388.31,0.0,0.0,2522.7,4309.08,7061.9,0.0,0.0,0.0,28725.69,0.0,33282
7803,0.0,19388.31,0.0,0.0,1123.06,4309.08,8119.55,0.0,0.0,0.0,28725.69,0.0,32940
7804,0.0,19388.31,0.0,0.0,706.78,4309.08,8685.83,0.0,0.0,0.0,28725.69,0.0,33090
7805,0.0,19388.31,0.0,0.0,1921.06,4309.08,8119.55,0.0,0.0,0.0,28725.69,0.0,33738
7806,0.0,19388.31,0.0,0.0,3941.18,4309.08,7578.43,0.0,0.0,0.0,28725.69,0.0,35217
7807,0.0,19388.31,0.0,0.0,0.0,4309.08,7061.9,0.0,6845.7,0.0,21284.7,0.0,37605
7808,0.0,19388.31,0.0,0.0,8341.01,4309.08,7061.9,0.0,1136.7,0.0,20049.16,0.0,40237
7809,0.0,19388.31,0.0,0.0,4583.36,4309.08,6569.4,5508.86,0.0,0.0,20049.16,0.0,40359
7810,0.0,19388.31,0.0,0.0,0.0,4309.08,6569.4,9452.83,0.0,64.62,20108.61,0.0,39655
7811,0.0,19388.31,0.0,0.0,0.0,4309.08,7061.9,19378.57,0.0,10376.86,29655.33,0.0,39761
7812,0.0,19388.31,0.0,0.0,0.0,4309.08,7061.9,26581.58,0.0,18384.87,46569.41,0.0,38956
7813,0.0,19388.31,0.0,0.0,2889.56,4309.08,6569.4,5299.66,0.0,0.0,46569.41,0.0,38456
7814,0.0,19388.31,0.0,0.0,0.0,4309.08,6100.34,14693.6,0.0,6130.33,52209.31,0.0,38361
7815,0.0,19388.31,0.0,0.0,0.0,4309.08,5654.16,20094.18,0.0,10895.73,62233.38,0.0,38550
7816,0.0,19388.31,0.0,0.0,0.0,4309.08,5230.28,4313.11,6518.22,0.0,55148.37,0.0,39759
7817,0.0,19388.31,0.0,0.0,8341.01,4309.08,4828.13,1418.71,3923.76,0.0,50883.41,0.0,42209
7818,0.0,19388.31,0.0,0.0,11165.33,4309.08,4447.15,0.0,4424.13,0.0,46074.57,0.0,43734
7819,0.0,19388.31,0.0,0.0,2824.32,4309.08,3425.44,0.0,13029.85,0.0,31911.69,0.0,42977
7820,0.0,19388.31,0.0,0.0,11165.33,4309.08,2839.61,0.0,4384.67,0.0,27145.75,0.0,42087
7821,0.0,19388.31,0.0,0.0,2824.32,4309.08,3425.44,0.0,11737.85,0.0,14387.22,0.0,41685
7822,0.0,19388.31,0.0,0.0,11165.33,4309.08,5230.28,0.0,0.0,0.0,14387.22,0.0,40093
7823,0.0,19388.31,0.0,0.0,6538.18,4309.08,7578.43,0.0,0.0,0.0,14387.22,0.0,37814
7824,0.0,19388.31,0.0,0.0,2918.78,4309.08,8685.83,0.0,0.0,0.0,14387.22,0.0,35302
7825,0.0,19388.31,0.0,0.0,933.76,4309.08,9277.85,0.0,0.0,0.0,14387.22,0.0,33909
7826,0.0,19388.31,0.0,0.0,283.76,4309.08,9277.85,0.0,0.0,0.0,14387.22,0.0,33259
7827,0.0,19388.31,0.0,0.0,153.76,4309.08,9277.85,0.0,0.0,0.0,14387.22,0.0,33129
7828,0.0,19388.31,0.0,0.0,0.0,4309.08,9896.18,0.0,0.0,597.57,14936.98,0.0,32996
7829,0.0,19388.31,0.0,0.0,0.0,4309.08,11214.04,0.0,0.0,1627.43,16434.22,0.0,33284
7830,0.0,19388.31,0.0,0.0,0.0,4309.08,11914.72,0.0,0.0,1087.11,17434.36,0.0,34525
7831,0.0,19388.31,0.0,0.0,610.61,4309.08,12644.0,0.0,0.0,0.0,17434.36,0.0,36952
7832,0.0,19388.31,0.0,0.0,2495.17,4309.08,13402.44,0.0,0.0,0.0,17434.36,0.0,39595
7833,0.0,19388.31,0.0,0.0,1415.5,4309.08,12644.0,2593.11,0.0,0.0,17434.36,0.0,40350
7834,0.0,19388.31,0.0,0.0,0.0,4309.08,11914.72,5715.69,0.0,1637.8,18941.14,0.0,39690
7835,0.0,19388.31,0.0,0.0,0.0,4309.08,9896.18,7923.72,0.0,2766.29,21486.13,0.0,38751
7836,0.0,19388.31,0.0,0.0,0.0,4309.08,8685.83,9102.07,0.0,3862.3,25039.44,0.0,37623
7837,0.0,19388.31,0.0,0.0,0.0,4309.08,7578.43,21352.34,0.0,15745.16,39524.99,0.0,36883
7838,0.0,19388.31,0.0,0.0,0.0,4309.08,6569.4,15864.95,0.0,9398.74,48171.83,0.0,36733
7839,0.0,19388.31,0.0,0.0,0.0,4309.08,6100.34,11700.52,0.0,4025.25,51875.06,0.0,37473
7840,0.0,19388.31,0.0,0.0,0.0,4309.08,6100.34,11536.78,0.0,2701.51,54360.45,0.0,38633
7841,0.0,19388.31,0.0,0.0,0.0,4309.08,6569.4,723.43,9469.78,0.0,44067.21,0.0,40460
7842,0.0,19388.31,0.0,0.0,8341.01,4309.08,7061.9,0.0,3394.7,0.0,40377.32,0.0,42495
7843,0.0,19388.31,0.0,0.0,0.0,4309.08,7061.9,0.0,11241.7,0.0,28158.08,0.0,42001
7844,0.0,19388.31,0.0,0.0,8341.01,4309.08,6569.4,0.0,2881.2,0.0,25026.33,0.0,41489
7845,0.0,19388.31,0.0,0.0,8341.01,4309.08,6100.34,0.0,2603.26,0.0,22196.7,0.0,40742
7846,0.0,19388.31,0.0,0.0,0.0,4309.08,5654.16,0.0,9909.45,0.0,11425.56,0.0,39261
7847,0.0,19388.31,0.0,0.0,7690.45,4309.08,5654.16,0.0,0.0,0.0,11425.56,0.0,37042
7848,0.0,19388.31,0.0,0.0,4417.21,4309.08,6569.4,0.0,0.0,0.0,11425.56,0.0,34684
7849,0.0,19388.31,0.0,0.0,2439.7,4309.08,7061.9,0.0,0.0,0.0,11425.56,0.0,33199
7850,0.0,19388.31,0.0,0.0,436.06,4309.08,8119.55,0.0,0.0,0.0,11425.56,0.0,32253
7851,0.0,19388.31,0.0,0.0,0.0,4309.08,8119.55,0.0,0.0,135.94,11550.62,0.0,31681
7852,0.0,19388.31,0.0,0.0,0.0,4309.08,8119.55,0.0,0.0,221.94,11754.81,0.0,31595
7853,0.0,19388.31,0.0,0.0,0.0,4309.08,8685.83,0.0,0.0,365.22,12090.82,0.0,32018
7854,0.0,19388.31,0.0,0.0,536.76,4309.08,9277.85,0.0,0.0,0.0,12090.82,0.0,33512
7855,0.0,19388.31,0.0,0.0,0.0,4309.08,8685.83,0.0,4042.78,0.0,7696.49,0.0,36426
7856,0.0,19388.31,0.0,0.0,0.0,4309.08,8685.83,0.0,7080.78,0.0,0.0,0.0,39464
7857,0.0,19388.31,0.0,0.0,5620.65,4309.08,9896.18,551.78,0.0,0.0,0.0,0.0,39766
7858,0.0,18005.13,0.0,0.0,0.0,4309.08,11214.04,5660.75,0.0,0.0,0.0,0.0,39189
7859,0.0,13158.06,0.0,0.0,0.0,4309.08,11214.04,15211.3,0.0,5577.47,5131.27,0.0,38315
7860,0.0,8310.98,0.0,0.0,0.0,4309.08,10541.38,26805.86,0.0,12476.3,16609.47,0.0,37491
7861,0.0,13144.0,0.0,0.0,0.0,4309.08,9277.85,20467.5,0.0,10851.43,26592.78,0.0,36347
7862,0.0,17991.08,0.0,0.0,0.0,4309.08,8685.83,19462.31,0.0,14484.29,39918.34,0.0,35964
7863,0.0,13144.0,0.0,0.0,0.0,4309.08,7578.43,19542.19,0.0,8196.7,47459.3,0.0,36377
7864,0.0,15255.62,0.0,0.0,0.0,4309.08,7061.9,11342.4,0.0,0.0,47459.3,0.0,37969
7865,0.0,19388.31,0.0,0.0,0.0,4309.08,7061.9,1418.24,7779.47,0.0,39003.36,0.0,39957
7866,0.0,19388.31,0.0,0.0,0.0,4309.08,7061.9,0.0,10623.7,0.0,27455.85,0.0,41383
7867,0.0,19388.31,0.0,0.0,0.0,4309.08,8119.55,0.0,8544.06,0.0,18168.83,0.0,40361
7868,0.0,19388.31,0.0,0.0,0.0,4309.08,9896.18,0.0,6193.43,0.0,11436.84,0.0,39787
7869,0.0,19388.31,0.0,0.0,0.0,4309.08,11914.72,0.0,3216.89,0.0,7940.23,0.0,38829
7870,0.0,19388.31,0.0,0.0,0.0,4309.08,13402.44,0.0,744.17,0.0,7131.35,0.0,37844
7871,0.0,19388.31,0.0,0.0,0.0,4309.08,14190.63,0.0,0.0,2256.02,9206.89,0.0,35632
7872,0.0,19388.31,0.0,0.0,0.0,4309.08,13402.44,0.0,0.0,4034.83,12918.94,0.0,33065
7873,0.0,18569.0,0.0,0.0,0.0,4309.08,12644.0,0.0,0.0,3795.08,16410.41,0.0,31727
7874,0.0,13721.92,0.0,0.0,0.0,4309.08,12644.0,0.0,0.0,0.0,16410.41,0.0,30675
7875,0.0,13606.92,0.0,0.0,0.0,4309.08,12644.0,0.0,0.0,0.0,16410.41,0.0,30560
7876,0.0,13144.0,0.0,0.0,0.0,4309.08,13402.44,0.0,0.0,445.52,16820.29,0.0,30410
7877,0.0,13144.0,0.0,0.0,0.0,4309.08,13402.44,0.0,0.0,311.52,17106.89,0.0,30544
7878,0.0,13262.3,0.0,0.0,0.0,4309.08,14190.63,0.0,0.0,0.0,17106.89,0.0,31762
7879,0.0,15054.8,0.0,0.0,0.0,4309.08,15009.12,0.0,0.0,0.0,17106.89,0.0,34373
7880,0.0,19388.31,0.0,0.0,0.0,4309.08,15009.12,0.0,0.0,1694.51,18665.84,0.0,37012
7881,0.0,17991.08,0.0,0.0,0.0,4309.08,15009.12,5465.09,0.0,3958.37,22307.54,0.0,38816
7882,0.0,13144.0,0.0,0.0,0.0,4309.08,14190.63,15050.61,0.0,7032.32,28777.27,0.0,39662
7883,0.0,8296.92,0.0,0.0,0.0,4309.08,12644.0,18121.45,0.0,4306.45,32739.21,0.0,39065
7884,0.0,9694.16,0.0,0.0,0.0,4309.08,11914.72,20516.73,0.0,8511.69,40569.96,0.0,37923
7885,0.0,4847.08,0.0,0.0,0.0,4309.08,9896.18,20872.19,0.0,2243.52,42634.0,0.0,37681
7886,0.0,9694.16,0.0,0.0,0.0,4309.08,7061.9,19024.72,0.0,2429.86,44869.47,0.0,37660
7887,0.0,14541.24,0.0,0.0,0.0,4309.08,6100.34,17048.7,0.0,4030.36,48577.39,0.0,37969
7888,0.0,19388.31,0.0,0.0,0.0,4309.08,6569.4,5572.03,3143.19,0.0,45160.89,0.0,38982
7889,0.0,19388.31,0.0,0.0,0.0,4309.08,8119.55,323.0,8816.06,0.0,35578.22,0.0,40956
7890,0.0,19388.31,0.0,0.0,0.0,4309.08,9277.85,0.0,9111.76,0.0,25674.13,0.0,42087
7891,0.0,19388.31,0.0,0.0,0.0,4309.08,11914.72,0.0,5292.89,0.0,19921.0,0.0,40905
7892,0.0,19388.31,0.0,0.0,0.0,4309.08,14190.63,0.0,2177.98,0.0,17553.63,0.0,40066
7893,0.0,19388.31,0.0,0.0,0.0,4309.08,15009.12,0.0,994.49,0.0,16472.66,0.0,39701
7894,0.0,18242.43,0.0,0.0,0.0,4309.08,15858.5,0.0,0.0,0.0,16472.66,0.0,38410
7895,0.0,18720.5,0.0,0.0,0.0,4309.08,15858.5,0.0,0.0,2628.08,18890.49,0.0,36260
7896,0.0,13873.43,0.0,0.0,0.0,4309.08,15858.5,0.0,0.0,0.0,18890.49,0.0,34041
7897,0.0,18720.5,0.0,0.0,0.0,4309.08,15858.5,0.0,0.0,6227.08,24619.4,0.0,32661
7898,0.0,13873.43,0.0,0.0,0.0,4309.08,16739.33,0.0,0.0,3346.83,27698.49,0.0,31575
7899,0.0,11036.73,0.0,0.0,0.0,4309.08,18597.64,0.0,0.0,3074.45,30526.98,0.0,30869
7900,0.0,6189.65,0.0,0.0,0.0,4309.08,19576.27,0.0,0.0,0.0,30526.98,0.0,30075
7901,0.0,9817.67,0.0,0.0,0.0,4309.08,19576.27,0.0,0.0,3558.02,33800.37,0.0,30145
7902,0.0,4970.6,0.0,0.0,0.0,4309.08,21635.33,0.0,0.0,0.0,33800.37,0.0,30915
7903,0.0,6532.51,0.0,0.0,0.0,4309.08,26176.65,0.0,0.0,5083.24,38476.94,0.0,31935
7904,0.0,1685.43,0.0,0.0,0.0,4309.08,28668.06,0.0,0.0,1332.57,39702.91,0.0,33330
7905,0.0,6532.51,0.0,0.0,0.0,4309.08,27403.48,3486.98,0.0,7708.05,46794.31,0.0,34024
7906,0.0,11379.59,0.0,0.0,0.0,4309.08,24986.99,650.33,0.0,7663.99,53845.18,0.0,33662
7907,0.0,6532.51,0.0,0.0,0.0,4309.08,23833.93,3140.79,0.0,4654.3,58127.14,0.0,33162
7908,0.0,8296.92,0.0,0.0,0.0,4309.08,21635.33,4058.44,0.0,6371.77,63989.16,0.0,31928
7909,0.0,13144.0,0.0,0.0,0.0,4309.08,18597.64,3895.0,0.0,8407.72,71724.27,0.0,31538
7910,0.0,17991.08,0.0,0.0,0.0,4309.08,12644.0,4010.42,0.0,7322.57,78461.03,0.0,31632
7911,0.0,15490.18,0.0,0.0,0.0,4309.08,9277.85,2748.89,0.0,0.0,78461.03,0.0,31826
7912,0.0,19388.31,0.0,0.0,0.0,4309.08,8119.55,811.55,879.51,0.0,77505.04,0.0,33508
7913,0.0,19388.31,0.0,0.0,0.0,4309.08,6569.4,58.77,5691.44,0.0,71318.69,0.0,36017
7914,0.0,19388.31,0.0,0.0,0.0,4309.08,4828.13,0.0,9178.48,0.0,61342.09,0.0,37704
7915,0.0,19388.31,0.0,0.0,0.0,4309.08,3425.44,0.0,10398.17,0.0,50039.73,0.0,37521
7916,0.0,19388.31,0.0,0.0,0.0,4309.08,2839.61,0.0,10122.0,0.0,39037.56,0.0,36659
7917,0.0,19388.31,0.0,0.0,0.0,4309.08,2573.58,0.0,9246.03,0.0,28987.52,0.0,35517
7918,0.0,19388.31,0.0,0.0,0.0,4309.08,2092.42,0.0,8696.19,0.0,19535.14,0.0,34486
7919,0.0,19388.31,0.0,0.0,0.0,4309.08,2092.42,0.0,6818.19,0.0,12124.06,0.0,32608
7920,0.0,19388.31,0.0,0.0,0.0,4309.08,2324.71,0.0,5090.9,0.0,6590.47,0.0,31113
7921,0.0,19388.31,0.0,0.0,0.0,4309.08,2839.61,0.0,4018.0,0.0,2223.09,0.0,30555
7922,0.0,19388.31,0.0,0.0,0.0,4309.08,3746.37,0.0,2045.24,0.0,0.0,0.0,29489
7923,0.0,19375.65,0.0,0.0,0.0,4309.08,5230.28,0.0,0.0,0.0,0.0,0.0,28915
7924,0.0,17671.02,0.0,0.0,0.0,4309.08,7061.9,0.0,0.0,0.0,0.0,0.0,29042
7925,0.0,15286.74,0.0,0.0,0.0,4309.08,9896.18,0.0,0.0,0.0,0.0,0.0,29492
7926,0.0,13144.0,0.0,0.0,0.0,4309.08,14190.63,0.0,0.0,2105.7,1937.25,0.0,29538
7927,0.0,17991.08,0.0,0.0,0.0,4309.08,19576.27,0.0,0.0,11261.43,12297.76,0.0,30615
7928,0.0,13144.0,0.0,0.0,0.0,4309.08,23833.93,0.0,0.0,9170.0,20734.16,0.0,32117
7929,0.0,8607.12,0.0,0.0,0.0,4309.08,24986.99,603.96,0.0,5085.14,25412.49,0.0,33422
7930,0.0,3760.04,0.0,0.0,0.0,4309.08,23833.93,2240.96,0.0,0.0,25412.49,0.0,34144
7931,0.0,4924.24,0.0,0.0,0.0,4309.08,21635.33,4401.36,0.0,0.0,25412.49,0.0,35270
7932,0.0,9771.32,0.0,0.0,0.0,4309.08,19576.27,3739.45,0.0,1236.11,26549.71,0.0,36160
7933,0.0,14618.4,0.0,0.0,0.0,4309.08,16739.33,3993.57,0.0,3322.38,29606.3,0.0,36338
7934,0.0,13144.0,0.0,0.0,0.0,4309.08,15858.5,3874.32,0.0,314.89,29896.0,0.0,36871
7935,0.0,13091.03,0.0,0.0,0.0,4309.08,16739.33,3418.56,0.0,0.0,29896.0,0.0,37558
7936,0.0,14078.04,0.0,0.0,0.0,4309.08,17652.19,2584.69,0.0,0.0,29896.0,0.0,38624
7937,0.0,15871.89,0.0,0.0,0.0,4309.08,18597.64,459.39,0.0,0.0,29896.0,0.0,39238
7938,0.0,19388.31,0.0,0.0,0.0,4309.08,17652.19,0.0,0.0,1064.58,30875.41,0.0,40285
7939,0.0,17813.59,0.0,0.0,0.0,4309.08,16739.33,0.0,0.0,0.0,30875.41,0.0,38862
7940,0.0,19139.8,0.0,0.0,0.0,4309.08,15009.12,0.0,0.0,0.0,30875.41,0.0,38458
7941,0.0,19388.31,0.0,0.0,0.0,4309.08,11914.72,0.0,1950.89,0.0,28754.88,0.0,37563
7942,0.0,19388.31,0.0,0.0,0.0,4309.08,9277.85,0.0,3219.76,0.0,25255.15,0.0,36195
7943,0.0,19388.31,0.0,0.0,0.0,4309.08,10541.38,0.0,886.22,0.0,24291.86,0.0,35125
7944,0.0,18968.0,0.0,0.0,0.0,4309.08,12644.0,0.0,0.0,3202.08,27237.77,0.0,32719
7945,0.0,14120.92,0.0,0.0,0.0,4309.08,12644.0,0.0,0.0,0.0,27237.77,0.0,31074
7946,0.0,13962.2,0.0,0.0,0.0,4309.08,11914.72,0.0,0.0,0.0,27237.77,0.0,30186
7947,0.0,14441.88,0.0,0.0,0.0,4309.08,11214.04,0.0,0.0,0.0,27237.77,0.0,29965
7948,0.0,17453.38,0.0,0.0,0.0,4309.08,11914.72,0.0,0.0,2988.18,29986.9,0.0,30689
7949,0.0,12606.3,0.0,0.0,0.0,4309.08,14190.63,0.0,0.0,0.0,29986.9,0.0,31106
7950,0.0,10928.74,0.0,0.0,0.0,4309.08,17652.19,0.0,0.0,0.0,29986.9,0.0,32890
7951,0.0,10898.28,0.0,0.0,0.0,4309.08,20588.64,0.0,0.0,0.0,29986.9,0.0,35796
7952,0.0,9329.94,0.0,0.0,0.0,4309.08,24986.99,0.0,0.0,0.0,29986.9,0.0,38626
7953,0.0,7188.32,0.0,0.0,0.0,4309.08,28668.06,739.2,0.0,1154.66,31049.19,0.0,39750
7954,0.0,2341.24,0.0,0.0,0.0,4309.08,31312.75,1880.93,0.0,0.0,31049.19,0.0,39844
7955,0.0,0.0,0.0,0.0,0.0,4309.08,32694.0,3568.02,0.0,258.1,31286.64,0.0,40313
7956,0.0,119.02,0.0,0.0,0.0,4309.08,35577.17,4518.86,0.0,3757.14,34743.2,0.0,40767
7957,0.0,4966.1,0.0,0.0,0.0,4309.08,38625.05,4390.13,0.0,11451.37,45278.46,0.0,40839
7958,0.0,119.02,0.0,0.0,0.0,4309.08,40212.19,10429.74,0.0,14049.03,58203.57,0.0,41021
7959,0.0,0.0,0.0,0.0,0.0,4309.08,38625.05,8040.41,0.0,9856.54,67271.59,0.0,41118
7960,0.0,0.0,0.0,0.0,0.0,4309.08,37080.24,7098.8,0.0,6759.12,73489.98,0.0,41729
7961,0.0,2828.78,0.0,0.0,0.0,4309.08,35577.17,279.97,0.0,0.0,73489.98,0.0,42995
7962,0.0,7655.92,0.0,0.0,0.0,4309.08,32694.0,0.0,0.0,0.0,73489.98,0.0,44659
7963,0.0,12503.0,0.0,0.0,0.0,4309.08,28668.06,0.0,0.0,2092.14,75414.75,0.0,43388
7964,0.0,17350.08,0.0,0.0,0.0,4309.08,23833.93,0.0,0.0,2943.08,78122.38,0.0,42550
7965,0.0,16616.28,0.0,0.0,0.0,4309.08,20588.64,0.0,0.0,0.0,78122.38,0.0,41514
7966,0.0,17110.28,0.0,0.0,0.0,4309.08,18597.64,0.0,0.0,0.0,78122.38,0.0,40017
7967,0.0,19388.31,0.0,0.0,0.0,4309.08,15858.5,0.0,0.0,2040.89,80000.0,0.0,37515
7968,0.0,17520.92,0.0,0.0,0.0,4309.08,12644.0,0.0,0.0,0.0,80000.0,0.0,34474
7969,0.0,18903.74,0.0,0.0,0.0,4309.08,9896.18,0.0,0.0,0.0,80000.0,0.0,33109
7970,0.0,19388.31,0.0,0.0,392.06,4309.08,8119.55,0.0,0.0,0.0,80000.0,0.0,32209
7971,0.0,19388.31,0.0,0.0,1566.21,4309.08,6569.4,0.0,0.0,0.0,80000.0,0.0,31833
7972,0.0,19388.31,0.0,0.0,2382.45,4309.08,5654.16,0.0,0.0,0.0,80000.0,0.0,31734
7973,0.0,19388.31,0.0,0.0,0.0,4309.08,5230.28,0.0,3276.33,0.0,76438.77,0.0,32204
7974,0.0,19388.31,0.0,0.0,0.0,4309.08,4447.15,0.0,5586.46,0.0,70366.53,0.0,33731
7975,0.0,19388.31,0.0,0.0,1226.23,4309.08,2839.61,0.0,8369.77,0.0,61268.96,0.0,36133
7976,0.0,19388.31,0.0,0.0,4691.82,4309.08,1317.67,0.0,9568.12,0.0,50868.83,0.0,39275
7977,0.0,19388.31,0.0,0.0,13032.82,4309.08,0.0,703.72,2999.06,0.0,47608.98,0.0,40433
7978,0.0,19388.31,0.0,0.0,4691.82,4309.08,0.0,5551.31,6605.48,0.0,40429.11,0.0,40546
7979,0.0,19388.31,0.0,0.0,13032.82,4309.08,0.0,1793.06,2003.72,0.0,38251.15,0.0,40527
7980,0.0,19388.31,0.0,0.0,7458.63,4309.08,0.0,9061.98,0.0,0.0,38251.15,0.0,40218
7981,0.0,19388.31,0.0,0.0,6226.57,4309.08,0.0,10144.03,0.0,0.0,38251.15,0.0,40068
7982,0.0,19388.31,0.0,0.0,7116.83,4309.08,0.0,9080.78,0.0,0.0,38251.15,0.0,39895
7983,0.0,19388.31,0.0,0.0,771.21,4309.08,0.0,1203.99,14416.41,0.0,22581.14,0.0,40089
7984,0.0,19388.31,0.0,0.0,9112.22,4309.08,1317.67,5915.72,0.0,0.0,22581.14,0.0,40043
7985,0.0,19388.31,0.0,0.0,4691.82,4309.08,2573.58,258.57,10514.64,0.0,11152.18,0.0,41736
7986,0.0,19388.31,0.0,0.0,13032.82,4309.08,4447.15,0.0,1296.64,0.0,9742.79,0.0,42474
7987,0.0,19388.31,0.0,0.0,9704.06,4309.08,8119.55,0.0,0.0,0.0,9742.79,0.0,41521
7988,0.0,19388.31,0.0,0.0,4307.61,4309.08,12644.0,0.0,0.0,0.0,9742.79,0.0,40649
7989,0.0,19388.31,0.0,0.0,288.11,4309.08,15858.5,0.0,0.0,0.0,9742.79,0.0,39844
7990,0.0,19388.31,0.0,0.0,0.0,4309.08,16739.33,0.0,0.0,1860.72,11454.65,0.0,38576
7991,0.0,19388.31,0.0,0.0,0.0,4309.08,16739.33,0.0,0.0,4192.72,15311.96,0.0,36244
7992,0.0,19388.31,0.0,0.0,0.0,4309.08,16739.33,0.0,0.0,6901.72,21661.54,0.0,33535
7993,0.0,19388.31,0.0,0.0,0.0,4309.08,15009.12,0.0,0.0,6594.51,27728.49,0.0,32112
7994,0.0,19388.31,0.0,0.0,0.0,4309.08,13402.44,0.0,0.0,6023.83,33270.42,0.0,31076
7995,0.0,19388.31,0.0,0.0,0.0,4309.08,12644.0,0.0,0.0,5761.39,38570.9,0.0,30580
7996,0.0,19388.31,0.0,0.0,0.0,4309.08,11214.04,0.0,0.0,4432.43,42648.74,0.0,30479
7997,0.0,19388.31,0.0,0.0,0.0,4309.08,9277.85,0.0,0.0,2422.24,44877.2,0.0,30553
7998,0.0,19388.31,0.0,0.0,0.0,4309.08,8685.83,0.0,0.0,310.22,45162.61,0.0,32073
7999,0.0,19388.31,0.0,0.0,3876.7,4309.08,7061.9,0.0,0.0,0.0,45162.61,0.0,34636
8000,0.0,19388.31,0.0,0.0,0.0,4309.08,5654.16,0.0,8430.45,0.0,35999.07,0.0,37782
8001,0.0,19388.31,0.0,0.0,3225.71,4309.08,3746.37,8526.53,0.0,0.0,35999.07,0.0,39196
8002,0.0,19388.31,0.0,0.0,0.0,4309.08,1876.14,18008.68,0.0,3461.21,39183.39,0.0,40121
8003,0.0,19388.31,0.0,0.0,0.0,4309.08,0.0,23942.66,0.0,6921.05,45550.76,0.0,40719
8004,0.0,19388.31,0.0,0.0,0.0,4309.08,0.0,20580.12,0.0,3314.51,48600.11,0.0,40963
8005,0.0,19388.31,0.0,0.0,0.0,4309.08,1675.31,16939.61,0.0,1127.31,49637.23,0.0,41185
8006,0.0,19388.31,0.0,0.0,0.0,4309.08,3123.37,14777.3,0.0,663.06,50247.25,0.0,40935
8007,0.0,19388.31,0.0,0.0,0.0,4309.08,3746.37,8832.02,4653.22,0.0,45189.4,0.0,40929
8008,0.0,19388.31,0.0,0.0,0.0,4309.08,4086.75,6863.71,7146.14,0.0,37421.85,0.0,41794
8009,0.0,19388.31,0.0,0.0,8341.01,4309.08,4447.15,327.89,6308.56,0.0,30564.72,0.0,43122
8010,0.0,19388.31,0.0,0.0,8341.01,4309.08,4447.15,0.0,7677.45,0.0,22219.66,0.0,44163
8011,0.0,19388.31,0.0,0.0,0.0,4309.08,3746.37,0.0,15039.24,0.0,5872.66,0.0,42483
8012,0.0,19388.31,0.0,0.0,8341.01,4309.08,4086.75,0.0,5402.85,0.0,0.0,0.0,41528
8013,0.0,19388.31,0.0,0.0,1400.11,4309.08,15858.5,0.0,0.0,0.0,0.0,0.0,40956
8014,0.0,18692.59,0.0,0.0,0.0,4309.08,16739.33,0.0,0.0,0.0,0.0,0.0,39741
8015,0.0,14561.28,0.0,0.0,0.0,4309.08,18597.64,0.0,0.0,0.0,0.0,0.0,37468
8016,0.0,10374.28,0.0,0.0,0.0,4309.08,20588.64,0.0,0.0,0.0,0.0,0.0,35272
8017,0.0,5548.43,0.0,0.0,0.0,3062.58,24986.99,0.0,0.0,0.0,0.0,0.0,33598
8018,0.0,1131.36,0.0,0.0,0.0,3062.58,28668.06,0.0,0.0,0.0,0.0,0.0,32862
8019,0.0,0.0,0.0,0.0,0.0,0.0,32456.0,0.0,0.0,0.0,0.0,0.0,32456
8020,0.0,0.0,0.0,0.0,0.0,0.0,32161.0,0.0,0.0,0.0,0.0,0.0,32161
8021,0.0,0.0,0.0,0.0,0.0,3062.58,43515.71,0.0,0.0,14124.3,12994.35,0.0,32454
8022,0.0,0.0,0.0,0.0,0.0,3062.58,31139.42,0.0,0.0,0.0,12994.35,0.0,34202
8023,0.0,0.0,0.0,0.0,0.0,3062.58,33877.42,0.0,0.0,0.0,12994.35,0.0,36940
8024,0.0,0.0,0.0,0.0,0.0,0.0,40098.0,0.0,0.0,0.0,12994.35,0.0,40098
8025,0.0,0.0,0.0,0.0,0.0,3062.58,37273.65,6.77,0.0,0.0,12994.35,0.0,40343
8026,0.0,0.0,0.0,0.0,0.0,0.0,39788.3,118.7,0.0,0.0,12994.35,0.0,39907
8027,0.0,0.0,0.0,0.0,0.0,0.0,40067.51,149.22,0.0,459.73,13417.3,0.0,39757
8028,0.0,0.0,0.0,0.0,0.0,3062.58,36491.15,221.27,0.0,0.0,13417.3,0.0,39775
8029,0.0,0.0,0.0,0.0,0.0,0.0,42804.36,16723.64,0.0,20000.0,31817.3,0.0,39528
8030,0.0,0.0,0.0,0.0,0.0,0.0,21658.41,17964.59,0.0,0.0,31817.3,0.0,39623
8031,0.0,0.0,0.0,0.0,0.0,3062.58,22939.21,13787.21,0.0,0.0,31817.3,0.0,39789
8032,0.0,0.0,0.0,0.0,0.0,0.0,40603.58,64.42,0.0,0.0,31817.3,0.0,40668
8033,0.0,0.0,0.0,0.0,0.0,2850.44,40067.51,4.06,0.0,0.0,31817.3,0.0,42922
8034,0.0,0.0,0.0,0.0,0.0,0.0,24458.0,0.0,20000.0,0.0,10078.17,0.0,44458
8035,0.0,0.0,0.0,0.0,0.0,3062.58,40629.42,0.0,0.0,0.0,10078.17,0.0,43692
8036,0.0,0.0,0.0,0.0,0.0,0.0,42751.0,0.0,0.0,0.0,10078.17,0.0,42751
8037,0.0,0.0,0.0,0.0,0.0,3062.58,38832.42,0.0,0.0,0.0,10078.17,0.0,41895
8038,0.0,0.0,0.0,0.0,0.0,0.0,40253.0,0.0,0.0,0.0,10078.17,0.0,40253
8039,0.0,0.0,0.0,0.0,0.0,0.0,38181.0,0.0,0.0,0.0,10078.17,0.0,38181
8040,0.0,0.0,0.0,0.0,0.0,3062.58,44950.51,0.0,0.0,12468.09,21548.81,0.0,35545
8041,0.0,0.0,0.0,0.0,0.0,0.0,34343.0,0.0,0.0,0.0,21548.81,0.0,34343
8042,0.0,0.0,0.0,0.0,0.0,3062.58,30357.42,0.0,0.0,0.0,21548.81,0.0,33420
8043,0.0,0.0,0.0,0.0,0.0,3062.58,30193.42,0.0,0.0,0.0,21548.81,0.0,33256
8044,0.0,0.0,0.0,0.0,0.0,0.0,32606.0,0.0,0.0,0.0,21548.81,0.0,32606
8045,0.0,0.0,0.0,0.0,0.0,0.0,32666.0,0.0,0.0,0.0,21548.81,0.0,32666
8046,0.0,0.0,0.0,0.0,0.0,3062.58,44950.51,0.0,0.0,14076.09,34498.81,0.0,33937
8047,0.0,0.0,0.0,0.0,0.0,3062.58,44950.51,0.0,0.0,11433.09,45017.25,0.0,36580
8048,0.0,0.0,0.0,0.0,0.0,0.0,39062.0,0.0,0.0,0.0,45017.25,0.0,39062
8049,0.0,0.0,0.0,0.0,0.0,3062.58,36525.82,18.6,0.0,0.0,45017.25,0.0,39607
8050,0.0,0.0,0.0,0.0,0.0,3062.58,26442.4,9857.02,0.0,0.0,45017.25,0.0,39362
8051,0.0,0.0,0.0,0.0,0.0,0.0,24729.83,15112.17,0.0,0.0,45017.25,0.0,39842
8052,0.0,0.0,0.0,0.0,0.0,0.0,31125.04,8642.96,0.0,0.0,45017.25,0.0,39768
8053,0.0,0.0,0.0,0.0,0.0,3062.58,44950.51,7228.48,0.0,16213.56,59933.73,0.0,39028
8054,0.0,0.0,0.0,0.0,0.0,3062.58,35886.53,959.88,0.0,0.0,59933.73,0.0,39909
8055,0.0,0.0,0.0,0.0,0.0,3062.58,37073.02,4.4,0.0,0.0,59933.73,0.0,40140
8056,0.0,0.0,0.0,0.0,0.0,2844.02,37296.88,12.1,0.0,0.0,59933.73,0.0,40153
8057,0.0,0.0,0.0,0.0,0.0,3062.58,44950.51,0.62,0.0,6752.71,66146.22,0.0,41261
8058,0.0,0.0,0.0,0.0,0.0,0.0,42045.0,0.0,0.0,0.0,66146.22,0.0,42045
8059,0.0,0.0,0.0,0.0,0.0,3062.58,37838.42,0.0,0.0,0.0,66146.22,0.0,40901
8060,0.0,0.0,0.0,0.0,0.0,0.0,40264.0,0.0,0.0,0.0,66146.22,0.0,40264
8061,0.0,0.0,0.0,0.0,0.0,3062.58,36295.42,0.0,0.0,0.0,66146.22,0.0,39358
8062,0.0,0.0,0.0,0.0,0.0,3062.58,34705.42,0.0,0.0,0.0,66146.22,0.0,37768
8063,0.0,0.0,0.0,0.0,0.0,3062.58,44950.51,0.0,0.0,12434.09,77585.59,0.0,35579
8064,0.0,0.0,0.0,0.0,0.0,3062.58,30544.42,0.0,0.0,0.0,77585.59,0.0,33607
8065,0.0,0.0,0.0,0.0,0.0,3062.58,31461.78,0.0,0.0,2624.36,80000.0,0.0,31900
8066,0.0,0.0,0.0,0.0,0.0,0.0,30569.0,0.0,0.0,0.0,80000.0,0.0,30569
8067,0.0,0.0,0.0,0.0,0.0,3062.58,26860.42,0.0,0.0,0.0,80000.0,0.0,29923
8068,0.0,0.0,0.0,0.0,0.0,3062.58,26477.42,0.0,0.0,0.0,80000.0,0.0,29540
8069,0.0,0.0,0.0,0.0,0.0,3062.58,26678.42,0.0,0.0,0.0,80000.0,0.0,29741
8070,0.0,1988.47,0.0,0.0,0.0,3062.58,24986.99,0.0,320.96,0.0,79651.13,0.0,30359
8071,0.0,4983.7,0.0,0.0,0.0,3062.58,23833.93,0.0,0.0,379.21,80000.0,0.0,31501
8072,0.0,9830.78,0.0,0.0,0.0,3062.58,20588.64,0.0,0.0,0.0,80000.0,0.0,33482
8073,0.0,14235.78,0.0,0.0,0.0,3062.58,17652.19,86.45,0.0,0.0,80000.0,0.0,35037
8074,0.0,16840.83,0.0,0.0,0.0,3062.58,15858.5,1194.09,0.0,0.0,80000.0,0.0,36956
8075,0.0,18813.01,0.0,0.0,0.0,3062.58,14190.63,1960.79,0.0,0.0,80000.0,0.0,38027
8076,0.0,19388.31,0.0,0.0,547.61,3062.58,11914.72,1710.85,1616.93,0.0,78242.47,0.0,38241
8077,0.0,19388.31,0.0,0.0,957.56,3062.58,9896.18,4777.36,0.0,0.0,78242.47,0.0,38082
8078,0.0,19388.31,0.0,0.0,0.0,3062.58,7578.43,2275.51,5883.17,0.0,71847.73,0.0,38188
8079,0.0,19388.31,0.0,0.0,0.0,3062.58,5230.28,4124.84,6649.99,0.0,64619.48,0.0,38456
8080,0.0,19388.31,0.0,0.0,8341.01,3062.58,4828.13,1081.93,2282.04,0.0,62139.0,0.0,38984
8081,0.0,19388.31,0.0,0.0,3289.19,3062.58,6100.34,440.8,8054.77,0.0,53383.81,0.0,40336
8082,0.0,19388.31,0.0,0.0,11630.2,3062.58,7061.9,0.0,0.0,0.0,53383.81,0.0,41143
8083,0.0,19388.31,0.0,0.0,9329.55,3062.58,8119.55,0.0,0.0,0.0,53383.81,0.0,39900
8084,0.0,19388.31,0.0,0.0,7831.27,3062.58,8685.83,0.0,0.0,0.0,53383.81,0.0,38968
8085,0.0,19388.31,0.0,0.0,8148.55,3062.58,8119.55,0.0,0.0,0.0,53383.81,0.0,38719
8086,0.0,19388.31,0.0,0.0,6991.67,3062.58,7578.43,0.0,0.0,0.0,53383.81,0.0,37021
8087,0.0,19388.31,0.0,0.0,6185.71,3062.58,6569.4,0.0,0.0,0.0,53383.81,0.0,35206
8088,0.0,19388.31,0.0,0.0,6377.83,3062.58,5230.28,0.0,0.0,0.0,53383.81,0.0,34059
8089,0.0,19388.31,0.0,0.0,6971.73,3062.58,3746.37,0.0,0.0,0.0,53383.81,0.0,33169
8090,0.0,19388.31,0.0,0.0,0.0,3062.58,3123.37,0.0,6678.73,0.0,46124.32,0.0,32253
8091,0.0,19388.31,0.0,0.0,6697.52,3062.58,2573.58,0.0,0.0,0.0,46124.32,0.0,31722
8092,0.0,19388.31,0.0,0.0,6141.52,3062.58,2573.58,0.0,0.0,0.0,46124.32,0.0,31166
8093,0.0,19388.31,0.0,0.0,5672.73,3062.58,3123.37,0.0,0.0,0.0,46124.32,0.0,31247
8094,0.0,19388.31,0.0,0.0,5951.73,3062.58,3746.37,0.0,0.0,0.0,46124.32,0.0,32149
8095,0.0,19388.31,0.0,0.0,6926.35,3062.58,4086.75,0.0,0.0,0.0,46124.32,0.0,33464
8096,0.0,19388.31,0.0,0.0,8710.73,3062.58,3746.37,0.0,0.0,0.0,46124.32,0.0,34908
8097,0.0,19388.31,0.0,0.0,5593.0,3062.58,2839.61,5090.49,0.0,0.0,46124.32,0.0,35974
8098,0.0,19388.31,0.0,0.0,0.0,3062.58,2092.42,12658.79,0.0,1272.1,47294.66,0.0,35930
8099,0.0,19388.31,0.0,0.0,0.0,3062.58,1489.34,15422.25,0.0,3174.48,50215.18,0.0,36188
8100,0.0,19388.31,0.0,0.0,0.0,3062.58,1317.67,17370.39,0.0,5550.96,55322.07,0.0,35588
8101,0.0,19388.31,0.0,0.0,0.0,3062.58,1317.67,19465.39,0.0,8415.96,63064.75,0.0,34818
8102,0.0,19388.31,0.0,0.0,0.0,3062.58,1675.31,16286.63,0.0,6115.83,68691.32,0.0,34297
8103,0.0,19388.31,0.0,0.0,0.0,3062.58,2324.71,10902.58,0.0,973.18,69586.65,0.0,34705
8104,0.0,19388.31,0.0,0.0,5674.67,3062.58,3123.37,5186.06,0.0,0.0,69586.65,0.0,36435
8105,0.0,19388.31,0.0,0.0,4691.82,3062.58,3425.44,823.64,8344.22,0.0,60516.85,0.0,39736
8106,0.0,19388.31,0.0,0.0,13032.82,3062.58,3425.44,0.0,3038.85,0.0,57213.75,0.0,41948
8107,0.0,19388.31,0.0,0.0,13032.82,3062.58,2839.61,0.0,2425.67,0.0,54577.16,0.0,40749
8108,0.0,19388.31,0.0,0.0,13032.82,3062.58,2092.42,0.0,2180.86,0.0,52206.65,0.0,39757
8109,0.0,19388.31,0.0,0.0,13032.82,3062.58,2092.42,0.0,1400.86,0.0,50683.98,0.0,38977
8110,0.0,19388.31,0.0,0.0,12037.49,3062.58,2839.61,0.0,0.0,0.0,50683.98,0.0,37328
8111,0.0,19388.31,0.0,0.0,9393.73,3062.58,3746.37,0.0,0.0,0.0,50683.98,0.0,35591
8112,0.0,19388.31,0.0,0.0,7707.73,3062.58,3746.37,0.0,0.0,0.0,50683.98,0.0,33905
8113,0.0,19388.31,0.0,0.0,6959.73,3062.58,3123.37,0.0,0.0,0.0,50683.98,0.0,32534
8114,0.0,19388.31,0.0,0.0,6849.4,3062.58,2324.71,0.0,0.0,0.0,50683.98,0.0,31625
8115,0.0,19388.31,0.0,0.0,6951.96,3062.58,1876.14,0.0,0.0,0.0,50683.98,0.0,31279
8116,0.0,19388.31,0.0,0.0,7360.43,3062.58,1317.67,0.0,0.0,0.0,50683.98,0.0,31129
8117,0.0,19388.31,0.0,0.0,9313.1,3062.58,0.0,0.0,0.0,0.0,50683.98,0.0,31764
8118,0.0,19388.31,0.0,0.0,10821.1,3062.58,0.0,0.0,0.0,0.0,50683.98,0.0,33272
8119,0.0,19388.31,0.0,0.0,8341.01,3062.58,0.0,0.0,4951.1,0.0,45302.35,0.0,35743
8120,0.0,19388.31,0.0,0.0,0.0,3062.58,0.0,0.0,16628.1,0.0,27228.32,0.0,39079
8121,0.0,19388.31,0.0,0.0,8341.01,3062.58,0.0,559.4,8216.69,0.0,18297.13,0.0,39568
8122,0.0,19388.31,0.0,0.0,13032.82,3062.58,0.0,3444.09,533.19,0.0,17717.58,0.0,39461
8123,0.0,19388.31,0.0,0.0,7861.43,3062.58,0.0,8593.67,0.0,0.0,17717.58,0.0,38906
8124,0.0,19388.31,0.0,0.0,7055.42,3062.58,0.0,9488.68,0.0,0.0,17717.58,0.0,38995
8125,0.0,19388.31,0.0,0.0,10611.78,3062.58,0.0,6454.33,0.0,0.0,17717.58,0.0,39517
8126,0.0,19388.31,0.0,0.0,7072.38,3062.58,1489.34,8764.39,0.0,0.0,17717.58,0.0,39777
8127,0.0,19388.31,0.0,0.0,13032.82,3062.58,1876.14,2628.41,743.73,0.0,16909.18,0.0,40732
8128,0.0,19388.31,0.0,0.0,4691.82,3062.58,2573.58,2077.96,10068.75,0.0,5964.88,0.0,41863
8129,0.0,19388.31,0.0,0.0,13032.82,3062.58,4447.15,124.82,3391.32,0.0,2278.67,0.0,43447
8130,0.0,19388.31,0.0,0.0,13032.82,3062.58,7061.9,0.0,2096.38,0.0,0.0,0.0,44642
8131,0.0,19388.31,0.0,0.0,10624.93,3062.58,9896.18,0.0,0.0,0.0,0.0,0.0,42972
8132,0.0,19388.31,0.0,0.0,7317.38,3062.58,11914.72,0.0,0.0,0.0,0.0,0.0,41683
8133,0.0,19388.31,0.0,0.0,3664.98,3062.58,15009.12,0.0,0.0,0.0,0.0,0.0,41125
8134,0.0,14823.09,0.0,0.0,0.0,3062.58,21635.33,0.0,0.0,0.0,0.0,0.0,39521
8135,0.0,16378.64,0.0,0.0,0.0,3062.58,29970.96,0.0,0.0,12391.19,11399.89,0.0,37021
8136,0.0,11531.57,0.0,0.0,0.0,3062.58,34115.28,0.0,0.0,13884.43,24173.57,0.0,34825
8137,0.0,6684.49,0.0,0.0,0.0,3062.58,35577.17,0.0,0.0,11802.24,35031.63,0.0,33522
8138,0.0,1837.41,0.0,0.0,0.0,3062.58,32694.0,0.0,0.0,5287.99,39896.59,0.0,32306
8139,0.0,0.0,0.0,0.0,0.0,3062.58,34115.28,0.0,0.0,5459.87,44919.66,0.0,31718
8140,0.0,4847.08,0.0,0.0,0.0,3062.58,35577.17,0.0,0.0,11897.83,55865.67,0.0,31589
8141,0.0,9694.16,0.0,0.0,0.0,3062.58,34115.28,0.0,0.0,14956.02,69625.21,0.0,31916
8142,0.0,9694.16,0.0,0.0,0.0,3062.58,28668.06,0.0,0.0,8248.8,77214.11,0.0,33176
8143,0.0,14541.24,0.0,0.0,0.0,3062.58,21635.33,0.0,0.0,3028.14,80000.0,0.0,36211
8144,0.0,19388.31,0.0,0.0,370.78,3062.58,16739.33,0.0,0.0,0.0,80000.0,0.0,39561
8145,0.0,19388.31,0.0,0.0,0.0,3062.58,15009.12,558.17,3092.81,0.0,76638.25,0.0,41111
8146,0.0,19388.31,0.0,0.0,0.0,3062.58,11214.04,3040.04,4669.02,0.0,71563.23,0.0,41374
8147,0.0,19388.31,0.0,0.0,1079.67,3062.58,7061.9,10582.53,0.0,0.0,71563.23,0.0,41175
8148,0.0,19388.31,0.0,0.0,0.0,3062.58,5654.16,4415.96,8711.99,0.0,62093.67,0.0,41233
8149,0.0,19388.31,0.0,0.0,0.0,3062.58,4447.15,19077.37,0.0,5309.42,66978.33,0.0,40666
8150,0.0,19388.31,0.0,0.0,2566.0,3062.58,2573.58,11901.34,1986.19,0.0,64819.43,0.0,41478
8151,0.0,19388.31,0.0,0.0,10907.01,3062.58,1317.67,2365.77,4572.65,0.0,59849.16,0.0,41614
8152,0.0,19388.31,0.0,0.0,4691.82,3062.58,0.0,1246.34,13325.94,0.0,45364.43,0.0,41715
8153,0.0,19388.31,0.0,0.0,13032.82,3062.58,0.0,82.12,7609.16,0.0,37093.61,0.0,43175
8154,0.0,19388.31,0.0,0.0,13032.82,3062.58,0.0,0.0,8665.28,0.0,27674.82,0.0,44149
8155,0.0,19388.31,0.0,0.0,13032.82,3062.58,2324.71,0.0,4813.57,0.0,22442.68,0.0,42622
8156,0.0,19388.31,0.0,0.0,8341.01,3062.58,4447.15,0.0,6759.95,0.0,15094.9,0.0,41999
8157,0.0,19388.31,0.0,0.0,0.0,3062.58,6100.34,0.0,12771.77,0.0,1212.55,0.0,41323
8158,0.0,19388.31,0.0,0.0,8341.01,3062.58,8119.55,0.0,1115.55,0.0,0.0,0.0,40027
8159,0.0,19388.31,0.0,0.0,3979.06,3062.58,11214.04,0.0,0.0,0.0,0.0,0.0,37644
8160,0.0,15884.92,0.0,0.0,0.0,3062.58,15858.5,0.0,0.0,0.0,0.0,0.0,34806
8161,0.0,11037.84,0.0,0.0,0.0,0.0,21540.16,0.0,0.0,0.0,0.0,0.0,32578
8162,0.0,6190.76,0.0,0.0,0.0,3062.58,22279.65,0.0,0.0,0.0,0.0,0.0,31533
8163,0.0,1343.69,0.0,0.0,0.0,0.0,29963.31,0.0,0.0,0.0,0.0,0.0,31307
8164,0.0,0.0,0.0,0.0,0.0,3062.58,32694.0,0.0,0.0,4324.58,3978.62,0.0,31432
8165,0.0,0.0,0.0,0.0,0.0,3062.58,38625.05,0.0,0.0,9819.64,13012.68,0.0,31868
8166,0.0,0.0,0.0,0.0,0.0,3062.58,43515.71,0.0,0.0,13375.3,25317.95,0.0,33203
8167,0.0,0.0,0.0,0.0,0.0,3062.58,44950.51,0.0,0.0,12309.09,36642.31,0.0,35704
8168,0.0,0.0,0.0,0.0,0.0,3062.58,35589.42,0.0,0.0,0.0,36642.31,0.0,38652
8169,0.0,0.0,0.0,0.0,0.0,3062.58,13411.2,3267.22,20000.0,0.0,14903.18,0.0,39741
8170,0.0,0.0,0.0,0.0,0.0,3062.58,36670.03,206.38,0.0,0.0,14903.18,0.0,39939
8171,0.0,0.0,0.0,0.0,0.0,0.0,37261.21,23189.79,0.0,20000.0,33303.18,0.0,40451
8172,0.0,0.0,0.0,0.0,0.0,3062.58,11928.28,26341.14,0.0,0.0,33303.18,0.0,41332
8173,0.0,0.0,0.0,0.0,0.0,0.0,19304.22,19379.52,2879.26,0.0,30173.56,0.0,41563
8174,0.0,0.0,0.0,0.0,0.0,3062.58,44950.51,10649.65,0.0,17120.74,45924.64,0.0,41542
8175,0.0,0.0,0.0,0.0,0.0,3062.58,42270.41,15379.01,0.0,20000.0,64324.64,0.0,40712
8176,0.0,0.0,0.0,0.0,0.0,3062.58,44950.51,9859.35,0.0,17038.44,80000.0,0.0,40834
8177,0.0,0.0,0.0,0.0,0.0,2594.31,40067.51,6.19,0.0,0.0,80000.0,0.0,42668
8178,0.0,0.0,0.0,0.0,0.0,3062.58,40668.42,0.0,0.0,0.0,80000.0,0.0,43731
8179,0.0,0.0,0.0,0.0,0.0,0.0,22476.0,0.0,20000.0,0.0,58260.87,0.0,42476
8180,0.0,0.0,0.0,0.0,0.0,0.0,21634.0,0.0,20000.0,0.0,36521.74,0.0,41634
8181,0.0,0.0,0.0,0.0,0.0,3062.58,37886.42,0.0,0.0,0.0,36521.74,0.0,40949
8182,0.0,0.0,0.0,0.0,0.0,3062.58,36382.42,0.0,0.0,0.0,36521.74,0.0,39445
8183,0.0,0.0,0.0,0.0,0.0,0.0,37346.0,0.0,0.0,0.0,36521.74,0.0,37346
8184,0.0,0.0,0.0,0.0,0.0,3062.58,37533.63,0.0,0.0,6034.21,42073.21,0.0,34562
8185,0.0,0.0,0.0,0.0,0.0,0.0,32777.0,0.0,0.0,0.0,42073.21,0.0,32777
8186,0.0,0.0,0.0,0.0,0.0,3062.58,44950.51,0.0,0.0,16277.09,57048.13,0.0,31736
8187,0.0,0.0,0.0,0.0,0.0,3062.58,24470.51,0.0,3722.91,0.0,53001.49,0.0,31256
8188,0.0,0.0,0.0,0.0,0.0,3062.58,28090.42,0.0,0.0,0.0,53001.49,0.0,31153
8189,0.0,0.0,0.0,0.0,0.0,0.0,31499.0,0.0,0.0,0.0,53001.49,0.0,31499
8190,0.0,0.0,0.0,0.0,0.0,3062.58,10092.42,0.0,20000.0,0.0,31262.36,0.0,33155
8191,0.0,0.0,0.0,0.0,0.0,0.0,16163.0,0.0,20000.0,0.0,9523.23,0.0,36163
8192,0.0,0.0,0.0,0.0,0.0,3062.58,36798.42,0.0,0.0,0.0,9523.23,0.0,39861
8193,0.0,0.0,0.0,0.0,0.0,3062.58,44950.51,2870.46,0.0,10663.55,19333.69,0.0,40220
8194,0.0,0.0,0.0,0.0,0.0,0.0,44950.51,9678.2,0.0,14714.71,32871.23,0.0,39914
8195,0.0,0.0,0.0,0.0,0.0,0.0,25945.88,13453.12,0.0,0.0,32871.23,0.0,39399
8196,0.0,0.0,0.0,0.0,0.0,3062.58,23621.61,12800.8,0.0,0.0,32871.23,0.0,39485
8197,0.0,0.0,0.0,0.0,0.0,3062.58,44950.51,11524.91,0.0,20000.0,51271.23,0.0,39538
8198,0.0,4847.08,0.0,0.0,0.0,3062.58,34115.28,12643.74,0.0,15269.68,65319.34,0.0,39399
8199,0.0,9694.16,0.0,0.0,0.0,3062.58,26176.65,11481.64,0.0,10700.03,75163.36,0.0,39715
8200,0.0,14541.24,0.0,0.0,0.0,3062.58,19576.27,8514.13,0.0,5257.22,80000.0,0.0,40437
8201,0.0,19388.31,0.0,0.0,1007.64,3062.58,15858.5,347.63,2272.34,0.0,77530.07,0.0,41937
8202,0.0,19388.31,0.0,0.0,0.0,3062.58,14190.63,0.0,6960.48,0.0,69964.33,0.0,43602
8203,0.0,19388.31,0.0,0.0,0.0,3062.58,14190.63,0.0,6330.48,0.0,63083.38,0.0,42972
8204,0.0,19388.31,0.0,0.0,5811.48,3062.58,14190.63,0.0,0.0,0.0,63083.38,0.0,42453
8205,0.0,19388.31,0.0,0.0,0.0,3062.58,13402.44,0.0,6163.66,0.0,56383.74,0.0,42017
8206,0.0,19388.31,0.0,0.0,0.0,3062.58,13402.44,0.0,4489.66,0.0,51503.68,0.0,40343
8207,0.0,19388.31,0.0,0.0,3137.1,3062.58,12644.0,0.0,0.0,0.0,51503.68,0.0,38232
8208,0.0,19388.31,0.0,0.0,1672.38,3062.58,11914.72,0.0,0.0,0.0,51503.68,0.0,36038
8209,0.0,19388.31,0.0,0.0,0.0,3062.58,11914.72,0.0,0.0,6.62,51509.77,0.0,34359
8210,0.0,19388.31,0.0,0.0,0.0,3062.58,11914.72,0.0,0.0,1019.62,52447.82,0.0,33346
8211,0.0,19388.31,0.0,0.0,0.0,3062.58,11214.04,0.0,0.0,798.94,53182.84,0.0,32866
8212,0.0,19388.31,0.0,0.0,0.0,3062.58,10541.38,0.0,0.0,305.28,53463.7,0.0,32687
8213,0.0,19388.31,0.0,0.0,751.93,3062.58,9896.18,0.0,0.0,0.0,53463.7,0.0,33099
8214,0.0,19388.31,0.0,0.0,2803.25,3062.58,9277.85,0.0,0.0,0.0,53463.7,0.0,34532
8215,0.0,19388.31,0.0,0.0,5608.25,3062.58,9277.85,0.0,0.0,0.0,53463.7,0.0,37337
8216,0.0,19388.31,0.0,0.0,9589.27,3062.58,8685.83,0.0,0.0,0.0,53463.7,0.0,40726
8217,0.0,19388.31,0.0,0.0,10380.27,3062.58,8119.55,873.28,0.0,0.0,53463.7,0.0,41824
8218,0.0,19388.31,0.0,0.0,9719.9,3062.58,7061.9,2521.3,0.0,0.0,53463.7,0.0,41754
8219,0.0,19388.31,0.0,0.0,8781.07,3062.58,6100.34,3930.7,0.0,0.0,53463.7,0.0,41263
8220,0.0,19388.31,0.0,0.0,8684.39,3062.58,5654.16,4639.56,0.0,0.0,53463.7,0.0,41429
8221,0.0,19388.31,0.0,0.0,7653.36,3062.58,6100.34,4744.4,0.0,0.0,53463.7,0.0,40949
8222,0.0,19388.31,0.0,0.0,9063.5,3062.58,6100.34,2723.27,0.0,0.0,53463.7,0.0,40338
8223,0.0,19388.31,0.0,0.0,11528.34,3062.58,5230.28,1119.48,0.0,0.0,53463.7,0.0,40329
8224,0.0,19388.31,0.0,0.0,12380.16,3062.58,4828.13,1243.81,0.0,0.0,53463.7,0.0,40903
8225,0.0,19388.31,0.0,0.0,4691.82,3062.58,4086.75,60.45,11825.09,0.0,40610.34,0.0,43115
8226,0.0,19388.31,0.0,0.0,13032.82,3062.58,4086.75,0.0,4605.53,0.0,35604.33,0.0,44176
8227,0.0,19388.31,0.0,0.0,13032.82,3062.58,4086.75,0.0,3879.53,0.0,31387.45,0.0,43450
8228,0.0,19388.31,0.0,0.0,13032.82,3062.58,4086.75,0.0,3221.53,0.0,27885.78,0.0,42792
8229,0.0,19388.31,0.0,0.0,13032.82,3062.58,4086.75,0.0,2760.53,0.0,24885.21,0.0,42331
8230,0.0,19388.31,0.0,0.0,13032.82,3062.58,3746.37,0.0,1049.91,0.0,23744.0,0.0,40280
8231,0.0,19388.31,0.0,0.0,11777.35,3062.58,4086.75,0.0,0.0,0.0,23744.0,0.0,38315
8232,0.0,19388.31,0.0,0.0,9545.96,3062.58,4447.15,0.0,0.0,0.0,23744.0,0.0,36444
8233,0.0,19388.31,0.0,0.0,8536.35,3062.58,4086.75,0.0,0.0,0.0,23744.0,0.0,35074
8234,0.0,19388.31,0.0,0.0,7569.35,3062.58,4086.75,0.0,0.0,0.0,23744.0,0.0,34107
8235,0.0,19388.31,0.0,0.0,6952.96,3062.58,4447.15,0.0,0.0,0.0,23744.0,0.0,33851
8236,0.0,19388.31,0.0,0.0,6663.35,3062.58,4086.75,0.0,0.0,0.0,23744.0,0.0,33201
8237,0.0,19388.31,0.0,0.0,7222.67,3062.58,3425.44,0.0,0.0,0.0,23744.0,0.0,33099
8238,0.0,19388.31,0.0,0.0,8683.52,3062.58,2573.58,0.0,0.0,0.0,23744.0,0.0,33708
8239,0.0,19388.31,0.0,0.0,10491.69,3062.58,2092.42,0.0,0.0,0.0,23744.0,0.0,35035
8240,0.0,19388.31,0.0,0.0,8341.01,3062.58,1675.31,0.0,4191.79,0.0,19187.71,0.0,36659
8241,0.0,19388.31,0.0,0.0,0.0,3062.58,1489.34,1130.34,13177.42,0.0,4864.42,0.0,38248
8242,0.0,19388.31,0.0,0.0,8341.01,3062.58,1675.31,2042.86,4141.93,0.0,362.32,0.0,38652
8243,0.0,19388.31,0.0,0.0,8573.89,3062.58,2324.71,5220.17,333.34,0.0,0.0,0.0,38903
8244,0.0,19388.31,0.0,0.0,232.88,3062.58,3425.44,13437.79,0.0,0.0,0.0,0.0,39547
8245,0.0,19388.31,0.0,0.0,0.0,3062.58,4828.13,26335.01,0.0,14224.04,13086.11,0.0,39390
8246,0.0,19388.31,0.0,0.0,0.0,3062.58,6569.4,24214.39,0.0,14298.68,26240.9,0.0,38936
8247,0.0,19388.31,0.0,0.0,0.0,3062.58,8119.55,19235.88,0.0,10448.32,35853.36,0.0,39358
8248,0.0,19388.31,0.0,0.0,0.0,3062.58,10541.38,11176.68,0.0,3276.96,38868.16,0.0,40892
8249,0.0,19388.31,0.0,0.0,0.0,3062.58,11214.04,1013.44,7650.62,0.0,30552.27,0.0,42329
8250,0.0,19388.31,0.0,0.0,7044.07,3062.58,9896.18,0.0,4312.86,0.0,25864.38,0.0,43704
8251,0.0,19388.31,0.0,0.0,0.0,3062.58,8119.55,0.0,11961.55,0.0,12862.69,0.0,42532
8252,0.0,19388.31,0.0,0.0,0.0,3062.58,7578.43,0.0,11833.67,0.0,0.0,0.0,41863
8253,0.0,19388.31,0.0,0.0,7134.06,3062.58,11214.04,0.0,0.0,0.0,0.0,0.0,40799
8254,0.0,19388.31,0.0,0.0,1108.61,3062.58,15858.5,0.0,0.0,0.0,0.0,0.0,39418
8255,0.0,14541.24,0.0,0.0,0.0,3062.58,20413.18,0.0,0.0,0.0,0.0,0.0,38017
8256,0.0,9694.16,0.0,0.0,0.0,3062.58,23011.26,0.0,0.0,0.0,0.0,0.0,35768
8257,0.0,4847.08,0.0,0.0,0.0,3062.58,35589.74,0.0,0.0,9101.4,8373.29,0.0,34398
8258,0.0,0.0,0.0,0.0,0.0,3062.58,30698.42,0.0,0.0,0.0,8373.29,0.0,33761
8259,0.0,0.0,0.0,0.0,0.0,3062.58,44950.51,0.0,0.0,14528.09,21739.13,0.0,33485
8260,0.0,0.0,0.0,0.0,0.0,0.0,32830.0,0.0,0.0,0.0,21739.13,0.0,32830
8261,0.0,0.0,0.0,0.0,0.0,3062.58,30256.42,0.0,0.0,0.0,21739.13,0.0,33319
8262,0.0,0.0,0.0,0.0,0.0,3062.58,30848.42,0.0,0.0,0.0,21739.13,0.0,33911
8263,0.0,0.0,0.0,0.0,0.0,3062.58,31976.42,0.0,0.0,0.0,21739.13,0.0,35039
8264,0.0,0.0,0.0,0.0,0.0,0.0,36227.0,0.0,0.0,0.0,21739.13,0.0,36227
8265,0.0,0.0,0.0,0.0,0.0,0.0,37623.85,84.15,0.0,0.0,21739.13,0.0,37708
8266,0.0,0.0,0.0,0.0,0.0,0.0,18933.0,0.0,20000.0,0.0,0.0,0.0,38933
8267,0.0,0.0,0.0,0.0,0.0,0.0,40237.0,0.0,0.0,0.0,0.0,0.0,40237
8268,0.0,0.0,0.0,0.0,0.0,3062.58,37390.95,34.47,0.0,0.0,0.0,0.0,40488
8269,0.0,0.0,0.0,0.0,0.0,3062.58,34463.97,2721.45,0.0,0.0,0.0,0.0,40248
8270,0.0,0.0,0.0,0.0,0.0,0.0,40067.51,41.36,0.0,158.87,146.16,0.0,39950
8271,0.0,0.0,0.0,0.0,0.0,3062.58,44950.51,23.61,0.0,7373.7,6929.96,0.0,40663
8272,0.0,0.0,0.0,0.0,0.0,3062.58,37044.04,948.38,0.0,0.0,6929.96,0.0,41055
8273,0.0,0.0,0.0,0.0,0.0,2327.54,40067.51,0.95,0.0,0.0,6929.96,0.0,42396
8274,0.0,0.0,0.0,0.0,0.0,3062.58,40913.42,0.0,0.0,0.0,6929.96,0.0,43976
8275,0.0,0.0,0.0,0.0,0.0,3062.58,44950.51,0.0,0.0,4939.09,11473.93,0.0,43074
8276,0.0,0.0,0.0,0.0,0.0,3062.58,39056.42,0.0,0.0,0.0,11473.93,0.0,42119
8277,0.0,0.0,0.0,0.0,0.0,1271.49,40067.51,0.0,0.0,0.0,11473.93,0.0,41339
8278,0.0,0.0,0.0,0.0,0.0,0.0,39780.0,0.0,0.0,0.0,11473.93,0.0,39780
8279,0.0,0.0,0.0,0.0,0.0,3062.58,44950.51,0.0,0.0,10224.09,20880.09,0.0,37789
8280,0.0,0.0,0.0,0.0,0.0,3062.58,32768.42,0.0,0.0,0.0,20880.09,0.0,35831
8281,0.0,0.0,0.0,0.0,0.0,0.0,34569.0,0.0,0.0,0.0,20880.09,0.0,34569
8282,0.0,0.0,0.0,0.0,0.0,3062.58,30788.42,0.0,0.0,0.0,20880.09,0.0,33851
8283,0.0,0.0,0.0,0.0,0.0,0.0,33558.0,0.0,0.0,0.0,20880.09,0.0,33558
8284,0.0,0.0,0.0,0.0,0.0,0.0,33540.0,0.0,0.0,0.0,20880.09,0.0,33540
8285,0.0,0.0,0.0,0.0,0.0,3062.58,44950.51,0.0,0.0,14228.09,33969.93,0.0,33785
8286,0.0,0.0,0.0,0.0,0.0,3062.58,42369.11,0.0,0.0,10032.69,43200.0,0.0,35399
8287,0.0,0.0,0.0,0.0,0.0,0.0,38237.0,0.0,0.0,0.0,43200.0,0.0,38237
8288,0.0,0.0,0.0,0.0,0.0,3062.58,37926.42,0.0,0.0,0.0,43200.0,0.0,40989
8289,0.0,0.0,0.0,0.0,0.0,0.0,42787.28,94.72,0.0,0.0,43200.0,0.0,42882
8290,0.0,0.0,0.0,0.0,0.0,0.0,27466.54,16089.46,0.0,0.0,43200.0,0.0,43556
8291,0.0,0.0,0.0,0.0,0.0,3062.58,38030.13,22188.29,0.0,20000.0,61600.0,0.0,43281
8292,0.0,0.0,0.0,0.0,0.0,0.0,17933.94,25200.06,0.0,0.0,61600.0,0.0,43134
8293,0.0,0.0,0.0,0.0,0.0,0.0,37246.53,25718.47,0.0,20000.0,80000.0,0.0,42965
8294,0.0,4847.08,0.0,0.0,0.0,3062.58,22957.25,11856.09,0.0,0.0,80000.0,0.0,42723
8295,0.0,9694.16,0.0,0.0,0.0,3062.58,11904.19,17961.07,0.0,0.0,80000.0,0.0,42622
8296,0.0,14541.24,0.0,0.0,0.0,3062.58,23172.29,2288.89,0.0,0.0,80000.0,0.0,43065
8297,0.0,19388.31,0.0,0.0,551.51,3062.58,21635.33,170.27,0.0,0.0,80000.0,0.0,44808
8298,0.0,19388.31,0.0,0.0,4506.83,3062.58,19576.27,0.0,0.0,0.0,80000.0,0.0,46534
8299,0.0,19388.31,0.0,0.0,5906.78,3062.58,16739.33,0.0,0.0,0.0,80000.0,0.0,45097
8300,0.0,19388.31,0.0,0.0,6501.61,3062.58,15858.5,0.0,0.0,0.0,80000.0,0.0,44811
8301,0.0,19388.31,0.0,0.0,8738.1,3062.58,12644.0,0.0,0.0,0.0,80000.0,0.0,43833
8302,0.0,19388.31,0.0,0.0,11372.27,3062.58,8685.83,0.0,0.0,0.0,80000.0,0.0,42509
8303,0.0,19388.31,0.0,0.0,10110.67,3062.58,7578.43,0.0,0.0,0.0,80000.0,0.0,40140
8304,0.0,19388.31,0.0,0.0,9200.77,3062.58,6100.34,0.0,0.0,0.0,80000.0,0.0,37752
8305,0.0,19388.31,0.0,0.0,9772.35,3062.58,4086.75,0.0,0.0,0.0,80000.0,0.0,36310
8306,0.0,19388.31,0.0,0.0,10388.52,3062.58,2573.58,0.0,0.0,0.0,80000.0,0.0,35413
8307,0.0,19388.31,0.0,0.0,11258.37,3062.58,1159.73,0.0,0.0,0.0,80000.0,0.0,34869
8308,0.0,19388.31,0.0,0.0,12436.1,3062.58,0.0,0.0,0.0,0.0,80000.0,0.0,34887
8309,0.0,19388.31,0.0,0.0,12967.1,3062.58,0.0,0.0,0.0,0.0,80000.0,0.0,35418
8310,0.0,19388.31,0.0,0.0,13032.82,3062.58,0.0,0.0,1449.28,0.0,78424.7,0.0,36933
8311,0.0,19388.31,0.0,0.0,13032.82,3062.58,0.0,0.0,4287.28,0.0,73764.61,0.0,39771
8312,0.0,19388.31,0.0,0.0,13032.82,3062.58,1159.73,0.0,6358.55,0.0,66853.14,0.0,43002
8313,0.0,19388.31,0.0,0.0,13032.82,3062.58,0.0,146.05,7884.23,0.0,58283.33,0.0,43514
8314,0.0,19388.31,0.0,0.0,13032.82,3062.58,0.0,1077.23,5985.05,0.0,51777.84,0.0,42546
8315,0.0,19388.31,0.0,0.0,13032.82,3062.58,0.0,5481.83,1277.45,0.0,50389.31,0.0,42243
8316,0.0,19388.31,0.0,0.0,13032.82,3062.58,0.0,1847.95,4062.33,0.0,45973.74,0.0,41394
8317,0.0,19388.31,0.0,0.0,13032.82,3062.58,0.0,3250.83,1799.45,0.0,44017.81,0.0,40534
8318,0.0,19388.31,0.0,0.0,13032.82,3062.58,0.0,1921.4,2854.88,0.0,40914.68,0.0,40260
8319,0.0,19388.31,0.0,0.0,13032.82,3062.58,0.0,971.3,4048.98,0.0,36513.62,0.0,40504
8320,0.0,19388.31,0.0,0.0,13032.82,3062.58,0.0,9464.08,0.0,3509.8,39742.64,0.0,41438
8321,0.0,19388.31,0.0,0.0,13032.82,3062.58,1159.73,372.01,6814.54,0.0,32335.53,0.0,43830
8322,0.0,19388.31,0.0,0.0,13032.82,3062.58,1675.31,0.0,8670.97,0.0,22910.56,0.0,45830
8323,0.0,19388.31,0.0,0.0,13032.82,3062.58,2092.42,0.0,6828.86,0.0,15487.88,0.0,44405
8324,0.0,19388.31,0.0,0.0,13032.82,3062.58,2324.71,0.0,5816.57,0.0,9165.52,0.0,43625
8325,0.0,19388.31,0.0,0.0,13032.82,3062.58,2839.61,0.0,4625.67,0.0,4137.62,0.0,42949
8326,0.0,19388.31,0.0,0.0,13032.82,3062.58,3123.37,0.0,2985.91,0.0,892.07,0.0,41593
8327,0.0,19388.31,0.0,0.0,13032.82,3062.58,2573.58,0.0,820.7,0.0,0.0,0.0,38878
8328,0.0,19388.31,0.0,0.0,12092.69,3062.58,2092.42,0.0,0.0,0.0,0.0,0.0,36636
8329,0.0,19388.31,0.0,0.0,10878.8,3062.58,1675.31,0.0,0.0,0.0,0.0,0.0,35005
8330,0.0,19388.31,0.0,0.0,10460.96,3062.58,1876.14,0.0,0.0,0.0,0.0,0.0,34788
8331,0.0,19388.31,0.0,0.0,8877.52,3062.58,2573.58,0.0,0.0,0.0,0.0,0.0,33902
8332,0.0,19388.31,0.0,0.0,7124.35,3062.58,4086.75,0.0,0.0,0.0,0.0,0.0,33662
8333,0.0,19388.31,0.0,0.0,3603.55,3062.58,8119.55,0.0,0.0,0.0,0.0,0.0,34174
8334,0.0,17748.91,0.0,0.0,0.0,3062.58,15858.5,0.0,0.0,1314.99,1209.79,0.0,35355
8335,0.0,12901.83,0.0,0.0,0.0,3062.58,22716.9,0.0,0.0,447.31,1621.31,0.0,38234
8336,0.0,8054.75,0.0,0.0,0.0,3062.58,28668.06,0.0,1491.6,0.0,0.0,0.0,41277
8337,0.0,3207.67,0.0,0.0,0.0,3062.58,32204.3,3992.45,0.0,0.0,0.0,0.0,42467
8338,0.0,0.0,0.0,0.0,0.0,3062.58,35220.77,12531.79,0.0,9077.15,8350.98,0.0,41738
8339,0.0,0.0,0.0,0.0,0.0,3062.58,44950.51,2683.85,0.0,9018.94,16648.4,0.0,41678
8340,0.0,0.0,0.0,0.0,0.0,3062.58,44950.51,4187.89,0.0,10503.98,26312.06,0.0,41697
8341,0.0,0.0,0.0,0.0,0.0,3062.58,44950.51,4439.7,0.0,11325.79,36731.79,0.0,41127
8342,0.0,0.0,0.0,0.0,0.0,0.0,41648.41,19549.59,0.0,20000.0,55131.79,0.0,41198
8343,0.0,0.0,0.0,0.0,0.0,3062.58,40212.19,14503.97,0.0,16635.74,70436.67,0.0,41143
8344,0.0,0.0,0.0,0.0,0.0,3062.58,41842.22,7053.12,0.0,10394.92,80000.0,0.0,41563
8345,0.0,0.0,0.0,0.0,0.0,3062.58,39927.82,168.6,0.0,0.0,80000.0,0.0,43159
8346,0.0,1550.23,0.0,0.0,0.0,3062.58,40212.19,0.0,0.0,0.0,80000.0,0.0,44825
8347,0.0,4197.18,0.0,0.0,0.0,3062.58,37080.24,0.0,0.0,0.0,80000.0,0.0,44340
8348,0.0,9044.26,0.0,0.0,0.0,3062.58,31312.75,0.0,240.41,0.0,79738.68,0.0,43660
8349,0.0,10784.78,0.0,0.0,0.0,3062.58,26176.65,0.0,2844.99,0.0,76646.3,0.0,42869
8350,0.0,5937.7,0.0,0.0,0.0,3062.58,26176.65,0.0,6081.07,0.0,70036.44,0.0,41258
8351,0.0,1090.62,0.0,0.0,0.0,3062.58,27403.48,0.0,7503.32,0.0,61880.66,0.0,39060
8352,0.0,5260.36,0.0,0.0,0.0,3062.58,28668.06,0.0,0.0,0.0,61880.66,0.0,36991
8353,0.0,3258.36,0.0,0.0,0.0,3062.58,28668.06,0.0,0.0,0.0,61880.66,0.0,34989
8354,0.0,0.0,0.0,0.0,0.0,3062.58,31312.75,0.0,0.0,189.33,62054.85,0.0,34186
8355,0.0,0.0,0.0,0.0,0.0,3062.58,32694.0,0.0,0.0,2098.58,63985.54,0.0,33658
8356,0.0,0.0,0.0,0.0,0.0,3062.58,34115.28,0.0,0.0,3672.87,67364.58,0.0,33505
8357,0.0,0.0,0.0,0.0,0.0,3062.58,34115.28,0.0,0.0,2966.87,70094.09,0.0,34211
8358,0.0,0.0,0.0,0.0,0.0,3062.58,34115.28,0.0,0.0,2108.87,72034.25,0.0,35069
8359,0.0,516.34,0.0,0.0,0.0,3062.58,34115.28,0.0,696.8,0.0,71276.87,0.0,38391
8360,0.0,5363.42,0.0,0.0,0.0,3062.58,32694.0,0.0,0.0,0.0,71276.87,0.0,41120
8361,0.0,516.34,0.0,0.0,0.0,3062.58,31312.75,3954.78,3519.55,0.0,67451.27,0.0,42366
8362,0.0,0.0,0.0,0.0,0.0,3062.58,31312.75,12650.67,0.0,4008.01,71138.63,0.0,43018
8363,0.0,423.34,0.0,0.0,0.0,3062.58,31312.75,18737.25,0.0,9631.92,80000.0,0.0,43904
8364,0.0,5270.42,0.0,0.0,0.0,3062.58,29970.96,4342.25,1186.78,0.0,78710.02,0.0,43833
8365,0.0,10004.23,0.0,0.0,0.0,3062.58,28668.06,2868.13,0.0,0.0,78710.02,0.0,44603
8366,0.0,9837.67,0.0,0.0,0.0,3062.58,27403.48,5727.42,0.0,1402.15,80000.0,0.0,44629
8367,0.0,14684.75,0.0,0.0,0.0,3062.58,23833.93,2724.75,0.0,0.0,80000.0,0.0,44306
8368,0.0,18511.2,0.0,0.0,0.0,3062.58,20588.64,2283.58,0.0,0.0,80000.0,0.0,44446
8369,0.0,19388.31,0.0,0.0,0.0,3062.58,19576.27,145.93,2757.91,0.0,77002.27,0.0,44931
8370,0.0,19388.31,0.0,0.0,993.11,3062.58,19576.27,0.0,2763.72,0.0,73998.23,0.0,45784
8371,0.0,19388.31,0.0,0.0,2891.83,3062.58,19576.27,0.0,0.0,0.0,73998.23,0.0,44919
8372,0.0,19388.31,0.0,0.0,0.0,3062.58,16739.33,0.0,4623.78,0.0,68972.39,0.0,43814
8373,0.0,19388.31,0.0,0.0,0.0,3062.58,15009.12,0.0,5730.98,0.0,62743.06,0.0,43191
8374,0.0,19388.31,0.0,0.0,5780.66,3062.58,13402.44,0.0,0.0,0.0,62743.06,0.0,41634
8375,0.0,19388.31,0.0,0.0,0.0,3062.58,11914.72,0.0,4646.38,0.0,57692.64,0.0,39012
8376,0.0,19388.31,0.0,0.0,0.0,3062.58,9277.85,0.0,5287.25,0.0,51945.63,0.0,37016
8377,0.0,19388.31,0.0,0.0,5893.2,3062.58,7061.9,0.0,0.0,0.0,51945.63,0.0,35406
8378,0.0,19388.31,0.0,0.0,0.0,3062.58,5230.28,0.0,6755.83,0.0,44602.34,0.0,34437
8379,0.0,19388.31,0.0,0.0,7029.96,3062.58,4447.15,0.0,0.0,0.0,44602.34,0.0,33928
8380,0.0,19388.31,0.0,0.0,0.0,3062.58,4447.15,0.0,6639.96,0.0,37385.0,0.0,33538
8381,0.0,19388.31,0.0,0.0,6149.83,3062.58,5230.28,0.0,0.0,0.0,37385.0,0.0,33831
8382,0.0,19388.31,0.0,0.0,0.0,3062.58,5654.16,0.0,6991.95,0.0,29785.05,0.0,35097
8383,0.0,19388.31,0.0,0.0,8341.01,3062.58,6100.34,0.0,515.76,0.0,29224.44,0.0,37408
8384,0.0,19388.31,0.0,0.0,0.0,3062.58,6569.4,0.0,11688.71,0.0,16519.33,0.0,40709
8385,0.0,19388.31,0.0,0.0,8341.01,3062.58,7578.43,142.89,3356.78,0.0,12870.66,0.0,41870
8386,0.0,19388.31,0.0,0.0,0.0,3062.58,8685.83,1165.7,9740.57,0.0,2283.09,0.0,42043
8387,0.0,19388.31,0.0,0.0,5216.91,3062.58,11214.04,3440.15,0.0,0.0,2283.09,0.0,42322
8388,0.0,19388.31,0.0,0.0,3568.58,3062.58,15009.12,1445.41,0.0,0.0,2283.09,0.0,42474
8389,0.0,19388.31,0.0,0.0,0.0,3062.58,16739.33,989.34,2100.44,0.0,0.0,0.0,42280
8390,0.0,16832.89,0.0,0.0,0.0,3062.58,20588.64,1613.89,0.0,0.0,0.0,0.0,42098
8391,0.0,19388.31,0.0,0.0,0.0,3062.58,24986.99,3227.51,0.0,8632.39,7941.8,0.0,42033
8392,0.0,16794.77,0.0,0.0,0.0,3062.58,27403.48,1921.9,0.0,6950.73,14336.47,0.0,42232
8393,0.0,16587.36,0.0,0.0,0.0,3062.58,23833.93,102.13,0.0,0.0,14336.47,0.0,43586
8394,0.0,19388.31,0.0,0.0,0.0,3062.58,19576.27,0.0,2416.83,0.0,11709.48,0.0,44444
8395,0.0,19388.31,0.0,0.0,0.0,3062.58,19576.27,0.0,997.83,0.0,10624.88,0.0,43025
8396,0.0,17612.09,0.0,0.0,0.0,3062.58,21635.33,0.0,0.0,0.0,10624.88,0.0,42310
8397,0.0,17204.09,0.0,0.0,0.0,3062.58,21635.33,0.0,0.0,0.0,10624.88,0.0,41902
8398,0.0,15592.09,0.0,0.0,0.0,3062.58,21635.33,0.0,0.0,0.0,10624.88,0.0,40290
8399,0.0,16753.77,0.0,0.0,0.0,3062.58,18597.64,0.0,0.0,0.0,10624.88,0.0,38414
8400,0.0,19388.31,0.0,0.0,0.0,3062.58,13402.44,0.0,115.66,0.0,10499.16,0.0,35969
8401,0.0,19388.31,0.0,0.0,0.0,3062.58,8685.83,0.0,3231.27,0.0,6986.91,0.0,34368
8402,0.0,19388.31,0.0,0.0,0.0,3062.58,7061.9,0.0,3713.2,0.0,2950.82,0.0,33226
8403,0.0,17054.22,0.0,0.0,0.0,3062.58,10541.38,0.0,2023.81,0.0,751.03,0.0,32682
8404,0.0,12207.14,0.0,0.0,0.0,3062.58,16739.33,0.0,690.95,0.0,0.0,0.0,32700
8405,0.0,7360.07,0.0,0.0,0.0,3062.58,22716.9,0.0,0.0,420.54,386.9,0.0,32719
8406,0.0,2512.99,0.0,0.0,0.0,3062.58,27403.48,0.0,355.95,0.0,0.0,0.0,33335
8407,0.0,0.0,0.0,0.0,0.0,3062.58,30931.42,0.0,0.0,0.0,0.0,0.0,33994
8408,0.0,0.0,0.0,0.0,0.0,3062.58,32733.42,0.0,0.0,0.0,0.0,0.0,35796
8409,0.0,0.0,0.0,0.0,0.0,3062.58,34011.86,200.55,0.0,0.0,0.0,0.0,37275
8410,0.0,0.0,0.0,0.0,0.0,3062.58,35528.53,4.89,0.0,0.0,0.0,0.0,38596
8411,0.0,0.0,0.0,0.0,0.0,0.0,39233.19,20.81,0.0,0.0,0.0,0.0,39254
8412,0.0,0.0,0.0,0.0,0.0,0.0,39274.46,30.54,0.0,0.0,0.0,0.0,39305
8413,0.0,0.0,0.0,0.0,0.0,0.0,39348.65,34.35,0.0,0.0,0.0,0.0,39383
8414,0.0,0.0,0.0,0.0,0.0,3062.58,34068.49,1967.93,0.0,0.0,0.0,0.0,39099
8415,0.0,0.0,0.0,0.0,0.0,3062.58,35442.15,1200.66,0.0,615.4,566.17,0.0,39090
8416,0.0,0.0,0.0,0.0,0.0,0.0,39698.64,5.36,0.0,0.0,566.17,0.0,39704
8417,0.0,0.0,0.0,0.0,0.0,3062.58,38276.42,0.0,0.0,0.0,566.17,0.0,41339
8418,0.0,0.0,0.0,0.0,0.0,0.0,42684.0,0.0,0.0,0.0,566.17,0.0,42684
8419,0.0,0.0,0.0,0.0,0.0,3062.58,44950.51,0.0,0.0,6222.09,6290.49,0.0,41791
8420,0.0,0.0,0.0,0.0,0.0,0.0,40437.0,0.0,0.0,0.0,6290.49,0.0,40437
8421,0.0,0.0,0.0,0.0,0.0,3062.58,44950.51,0.0,0.0,8478.09,14090.33,0.0,39535
8422,0.0,0.0,0.0,0.0,0.0,3062.58,44950.51,0.0,0.0,9470.09,22802.81,0.0,38543
8423,0.0,0.0,0.0,0.0,0.0,3062.58,44950.51,0.0,0.0,10185.09,32173.09,0.0,37828
8424,0.0,0.0,0.0,0.0,0.0,0.0,35540.0,0.0,0.0,0.0,32173.09,0.0,35540
8425,0.0,0.0,0.0,0.0,0.0,3062.58,44950.51,0.0,0.0,14030.09,45080.77,0.0,33983
8426,0.0,0.0,0.0,0.0,0.0,3062.58,44950.51,0.0,0.0,15308.09,59164.21,0.0,32705
8427,0.0,0.0,0.0,0.0,0.0,0.0,32414.0,0.0,0.0,0.0,59164.21,0.0,32414
8428,0.0,0.0,0.0,0.0,0.0,3062.58,28793.42,0.0,0.0,0.0,59164.21,0.0,31856
8429,0.0,0.0,0.0,0.0,0.0,3062.58,44950.51,0.0,0.0,15822.09,73720.53,0.0,32191
8430,0.0,0.0,0.0,0.0,0.0,0.0,32550.0,0.0,0.0,0.0,73720.53,0.0,32550
8431,0.0,0.0,0.0,0.0,0.0,0.0,40067.51,0.0,0.0,6825.51,80000.0,0.0,33242
8432,0.0,0.0,0.0,0.0,0.0,0.0,35056.0,0.0,0.0,0.0,80000.0,0.0,35056
8433,0.0,0.0,0.0,0.0,0.0,0.0,36211.41,62.59,0.0,0.0,80000.0,0.0,36274
8434,0.0,0.0,0.0,0.0,0.0,3062.58,25471.05,20.26,9168.11,0.0,70034.66,0.0,37722
8435,0.0,0.0,0.0,0.0,0.0,3062.58,43717.89,2297.42,0.0,10831.89,80000.0,0.0,38246
8436,0.0,0.0,0.0,0.0,0.0,3062.58,35241.36,25.05,0.0,0.0,80000.0,0.0,38329
8437,0.0,0.0,0.0,0.0,0.0,3062.58,15288.65,39.77,20000.0,0.0,58260.87,0.0,38391
8438,0.0,0.0,0.0,0.0,0.0,3062.58,35212.52,34.9,0.0,0.0,58260.87,0.0,38310
8439,0.0,0.0,0.0,0.0,0.0,0.0,38991.37,17.63,0.0,0.0,58260.87,0.0,39009
8440,0.0,0.0,0.0,0.0,0.0,3062.58,44950.51,9403.96,0.0,17411.05,74279.03,0.0,40006
8441,0.0,0.0,0.0,0.0,0.0,3062.58,38163.94,396.48,0.0,0.0,74279.03,0.0,41623
8442,0.0,0.0,0.0,0.0,0.0,3062.58,44950.51,0.0,0.0,4978.09,78858.87,0.0,43035
8443,0.0,0.0,0.0,0.0,0.0,0.0,42949.0,0.0,0.0,0.0,78858.87,0.0,42949
8444,0.0,0.0,0.0,0.0,0.0,3062.58,39848.77,0.0,0.0,1240.36,80000.0,0.0,41671
8445,0.0,0.0,0.0,0.0,0.0,0.0,40767.0,0.0,0.0,0.0,80000.0,0.0,40767
8446,0.0,0.0,0.0,0.0,0.0,3062.58,36511.42,0.0,0.0,0.0,80000.0,0.0,39574
8447,0.0,0.0,0.0,0.0,0.0,0.0,37572.0,0.0,0.0,0.0,80000.0,0.0,37572
8448,0.0,0.0,0.0,0.0,0.0,3062.58,32606.42,0.0,0.0,0.0,80000.0,0.0,35669
8449,0.0,0.0,0.0,0.0,0.0,215.72,34115.28,0.0,0.0,0.0,80000.0,0.0,34331
8450,0.0,1083.46,0.0,0.0,0.0,3062.58,29970.96,0.0,0.0,0.0,80000.0,0.0,34117
8451,0.0,3216.94,0.0,0.0,0.0,3062.58,27403.48,0.0,0.0,0.0,80000.0,0.0,33683
8452,0.0,0.0,0.0,0.0,0.0,3062.58,24986.99,0.0,5342.43,0.0,74193.01,0.0,33392
8453,0.0,4468.44,0.0,0.0,0.0,3062.58,22716.9,0.0,3622.08,0.0,70255.97,0.0,33870
8454,0.0,9315.52,0.0,0.0,0.0,3062.58,22716.9,0.0,0.0,0.0,70255.97,0.0,35095
8455,0.0,4468.44,0.0,0.0,0.0,3062.58,24986.99,0.0,5298.99,0.0,64496.19,0.0,37817
8456,0.0,695.1,0.0,0.0,0.0,3062.58,27403.48,0.0,10235.83,0.0,53370.29,0.0,41397
8457,0.0,5542.18,0.0,0.0,0.0,3062.58,28668.06,764.02,4045.15,0.0,48973.38,0.0,42082
8458,0.0,695.1,0.0,0.0,0.0,3062.58,29970.96,5154.98,3214.37,0.0,45479.5,0.0,42098
8459,0.0,0.0,0.0,0.0,0.0,3062.58,28668.06,7225.21,3167.14,0.0,42036.95,0.0,42123
8460,0.0,0.0,0.0,0.0,0.0,3062.58,28668.06,18310.49,0.0,7867.14,49274.72,0.0,42174
8461,0.0,0.0,0.0,0.0,0.0,3062.58,29970.96,18850.01,0.0,9850.55,58337.22,0.0,42033
8462,0.0,0.0,0.0,0.0,0.0,3062.58,32694.0,18989.82,0.0,12952.4,70253.43,0.0,41794
8463,0.0,0.0,0.0,0.0,0.0,3062.58,35577.17,12640.63,0.0,8981.39,78516.31,0.0,42299
8464,0.0,0.0,0.0,0.0,0.0,3062.58,38625.05,3107.07,0.0,1612.71,80000.0,0.0,43182
8465,0.0,1548.96,0.0,0.0,0.0,3062.58,40212.19,467.27,0.0,0.0,80000.0,0.0,45291
8466,0.0,1982.2,0.0,0.0,0.0,3062.58,41842.22,0.0,0.0,0.0,80000.0,0.0,46887
8467,0.0,2888.23,0.0,0.0,0.0,3062.58,40212.19,0.0,0.0,0.0,80000.0,0.0,46163
8468,0.0,3762.36,0.0,0.0,0.0,3062.58,38625.05,0.0,0.0,0.0,80000.0,0.0,45450
8469,0.0,6982.13,0.0,0.0,0.0,3062.58,34115.28,0.0,0.0,0.0,80000.0,0.0,44160
8470,0.0,10554.36,0.0,0.0,0.0,3062.58,28668.06,0.0,0.0,0.0,80000.0,0.0,42285
8471,0.0,13515.52,0.0,0.0,0.0,3062.58,22716.9,0.0,0.0,0.0,80000.0,0.0,39295
8472,0.0,15503.77,0.0,0.0,0.0,3062.58,18597.64,0.0,0.0,0.0,80000.0,0.0,37164
8473,0.0,17733.3,0.0,0.0,0.0,3062.58,15009.12,0.0,0.0,0.0,80000.0,0.0,35805
8474,0.0,19388.31,0.0,0.0,616.38,3062.58,11914.72,0.0,0.0,0.0,80000.0,0.0,34982
8475,0.0,19388.31,0.0,0.0,0.0,3062.58,9277.85,0.0,2745.25,0.0,77016.03,0.0,34474
8476,0.0,19388.31,0.0,0.0,0.0,3062.58,8119.55,0.0,3730.55,0.0,72961.08,0.0,34301
8477,0.0,19388.31,0.0,0.0,0.0,3062.58,6100.34,0.0,6261.77,0.0,66154.81,0.0,34813
8478,0.0,19388.31,0.0,0.0,2823.33,3062.58,4086.75,0.0,6952.02,0.0,58598.27,0.0,36313
8479,0.0,19388.31,0.0,0.0,11164.34,3062.58,2573.58,0.0,2929.19,0.0,55414.37,0.0,39118
8480,0.0,19388.31,0.0,0.0,4691.82,3062.58,1876.14,0.0,12846.15,0.0,41451.17,0.0,41865
8481,0.0,19388.31,0.0,0.0,13032.82,3062.58,1675.31,4507.13,1065.85,0.0,40292.64,0.0,42732
8482,0.0,19388.31,0.0,0.0,8757.68,3062.58,1675.31,9433.12,0.0,0.0,40292.64,0.0,42317
8483,0.0,19388.31,0.0,0.0,3135.8,3062.58,2324.71,14327.6,0.0,0.0,40292.64,0.0,42239
8484,0.0,19388.31,0.0,0.0,1082.88,3062.58,3123.37,15110.85,0.0,0.0,40292.64,0.0,41768
8485,0.0,19388.31,0.0,0.0,193.02,3062.58,3123.37,9333.37,6432.34,0.0,33300.97,0.0,41533
8486,0.0,19388.31,0.0,0.0,8534.03,3062.58,2573.58,7748.5,0.0,0.0,33300.97,0.0,41307
8487,0.0,19388.31,0.0,0.0,12455.48,3062.58,2092.42,4322.21,0.0,0.0,33300.97,0.0,41321
8488,0.0,19388.31,0.0,0.0,13032.82,3062.58,2324.71,4175.88,132.7,0.0,33156.73,0.0,42117
8489,0.0,19388.31,0.0,0.0,8341.01,3062.58,3425.44,467.16,9471.51,0.0,22861.61,0.0,44156
8490,0.0,19388.31,0.0,0.0,0.0,3062.58,6100.34,0.0,17214.77,0.0,4149.91,0.0,45766
8491,0.0,19388.31,0.0,0.0,8341.01,3062.58,9896.18,0.0,3817.92,0.0,0.0,0.0,44506
8492,0.0,19388.31,0.0,0.0,6755.98,3062.58,15009.12,0.0,0.0,0.0,0.0,0.0,44216
8493,0.0,19388.31,0.0,0.0,1037.83,3062.58,19576.27,0.0,0.0,0.0,0.0,0.0,43065
8494,0.0,17886.78,0.0,0.0,0.0,3062.58,20588.64,0.0,0.0,0.0,0.0,0.0,41538
8495,0.0,14427.09,0.0,0.0,0.0,3062.58,21635.33,0.0,0.0,0.0,0.0,0.0,39125
8496,0.0,9580.01,0.0,0.0,0.0,3062.58,24986.99,0.0,0.0,832.58,765.97,0.0,36797
8497,0.0,10738.09,0.0,0.0,0.0,3062.58,21635.33,0.0,0.0,0.0,765.97,0.0,35436
8498,0.0,13851.35,0.0,0.0,0.0,3062.58,17652.19,0.0,555.88,0.0,161.76,0.0,35122
8499,0.0,9004.27,0.0,0.0,0.0,3062.58,21635.33,0.0,148.82,0.0,0.0,0.0,33851
8500,0.0,4157.2,0.0,0.0,0.0,3062.58,34115.28,0.0,0.0,7467.06,6869.7,0.0,33868
8501,0.0,0.0,0.0,0.0,0.0,3062.58,44950.51,0.0,0.0,13613.09,19393.74,0.0,34400
8502,0.0,0.0,0.0,0.0,0.0,3062.58,44950.51,0.0,0.0,12330.09,30737.42,0.0,35683
8503,0.0,0.0,0.0,0.0,0.0,3062.58,44950.51,0.0,0.0,9394.09,39379.98,0.0,38619
8504,0.0,0.0,0.0,0.0,0.0,3062.58,44950.51,0.0,0.0,6323.09,45197.22,0.0,41690
8505,0.0,0.0,0.0,0.0,0.0,3062.58,44950.51,754.15,0.0,5965.23,50685.24,0.0,42802
8506,0.0,0.0,0.0,0.0,0.0,3062.58,44950.51,3770.65,0.0,10010.74,59895.12,0.0,41773
8507,0.0,0.0,0.0,0.0,0.0,3062.58,31312.75,6806.97,0.0,198.3,60077.55,0.0,40984
8508,0.0,3449.84,0.0,0.0,0.0,3062.58,19576.27,12013.36,1905.95,0.0,58005.87,0.0,40008
8509,0.0,8296.92,0.0,0.0,0.0,3062.58,15009.12,6955.85,6215.53,0.0,51249.86,0.0,39540
8510,0.0,3449.84,0.0,0.0,0.0,3062.58,15858.5,7429.85,9822.23,0.0,40573.53,0.0,39623
8511,0.0,8296.92,0.0,0.0,0.0,3062.58,17652.19,5731.52,5659.79,0.0,34421.58,0.0,40403
8512,0.0,13144.0,0.0,0.0,0.0,3062.58,19576.27,1673.16,4293.99,0.0,29754.2,0.0,41750
8513,0.0,8296.92,0.0,0.0,0.0,3062.58,23833.93,148.05,8604.52,0.0,20401.47,0.0,43946
8514,0.0,6934.34,0.0,0.0,0.0,3062.58,29970.96,0.0,5652.12,0.0,14257.86,0.0,45620
8515,0.0,2087.26,0.0,0.0,0.0,3062.58,37080.24,0.0,2518.92,0.0,11519.91,0.0,44749
8516,0.0,0.0,0.0,0.0,0.0,3062.58,37080.24,0.0,4047.18,0.0,7120.8,0.0,44190
8517,0.0,0.0,0.0,0.0,0.0,3062.58,34115.28,0.0,6551.13,0.0,0.0,0.0,43729
8518,0.0,2290.18,0.0,0.0,0.0,3062.58,37080.24,0.0,0.0,0.0,0.0,0.0,42433
8519,0.0,0.0,0.0,0.0,0.0,3062.58,40212.19,0.0,0.0,3012.77,2771.75,0.0,40262
8520,0.0,0.0,0.0,0.0,0.0,3062.58,40212.19,0.0,0.0,5743.77,8056.02,0.0,37531
8521,0.0,0.0,0.0,0.0,0.0,0.0,35319.0,0.0,0.0,0.0,8056.02,0.0,35319
8522,0.0,0.0,0.0,0.0,0.0,3062.58,39976.54,0.0,0.0,8867.12,16213.78,0.0,34172
8523,0.0,0.0,0.0,0.0,0.0,3062.58,37080.24,0.0,0.0,6005.82,21739.13,0.0,34137
8524,0.0,0.0,0.0,0.0,0.0,0.0,33819.0,0.0,0.0,0.0,21739.13,0.0,33819
8525,0.0,0.0,0.0,0.0,0.0,3062.58,31146.42,0.0,0.0,0.0,21739.13,0.0,34209
8526,0.0,0.0,0.0,0.0,0.0,3062.58,12431.42,0.0,20000.0,0.0,0.0,0.0,35494
8527,0.0,0.0,0.0,0.0,0.0,3062.58,34588.42,0.0,0.0,0.0,0.0,0.0,37651
8528,0.0,0.0,0.0,0.0,0.0,3062.58,37543.42,0.0,0.0,0.0,0.0,0.0,40606
8529,0.0,0.0,0.0,0.0,0.0,0.0,41614.34,36.66,0.0,0.0,0.0,0.0,41651
8530,0.0,0.0,0.0,0.0,0.0,0.0,31383.94,10677.06,0.0,0.0,0.0,0.0,42061
8531,0.0,0.0,0.0,0.0,0.0,0.0,21328.86,20289.14,0.0,0.0,0.0,0.0,41618
8532,0.0,0.0,0.0,0.0,0.0,3062.58,34554.55,23730.87,0.0,20000.0,18400.0,0.0,41348
8533,0.0,0.0,0.0,0.0,0.0,0.0,36226.49,24464.51,0.0,20000.0,36800.0,0.0,40691
8534,0.0,0.0,0.0,0.0,0.0,0.0,20755.67,20376.33,0.0,0.0,36800.0,0.0,41132
8535,0.0,0.0,0.0,0.0,0.0,3062.58,22534.65,15612.77,0.0,0.0,36800.0,0.0,41210
8536,0.0,0.0,0.0,0.0,0.0,3062.58,38432.89,85.53,0.0,0.0,36800.0,0.0,41581
8537,0.0,0.0,0.0,0.0,0.0,2890.48,40067.51,5.01,0.0,0.0,36800.0,0.0,42963
8538,0.0,0.0,0.0,0.0,0.0,3062.58,40673.42,0.0,0.0,0.0,36800.0,0.0,43736
8539,0.0,0.0,0.0,0.0,0.0,3062.58,39365.42,0.0,0.0,0.0,36800.0,0.0,42428
8540,0.0,0.0,0.0,0.0,0.0,3062.58,39275.42,0.0,0.0,0.0,36800.0,0.0,42338
8541,0.0,0.0,0.0,0.0,0.0,3062.58,39024.42,0.0,0.0,0.0,36800.0,0.0,42087
8542,0.0,0.0,0.0,0.0,0.0,0.0,41549.0,0.0,0.0,0.0,36800.0,0.0,41549
8543,0.0,0.0,0.0,0.0,0.0,0.0,19162.0,0.0,20000.0,0.0,15060.87,0.0,39162
8544,0.0,0.0,0.0,0.0,0.0,3062.58,33900.42,0.0,0.0,0.0,15060.87,0.0,36963
8545,0.0,0.0,0.0,0.0,0.0,0.0,44950.51,0.0,0.0,9747.51,24028.58,0.0,35203
8546,0.0,0.0,0.0,0.0,0.0,3062.58,30890.42,0.0,0.0,0.0,24028.58,0.0,33953
8547,0.0,0.0,0.0,0.0,0.0,3062.58,44950.51,0.0,0.0,14849.09,37689.74,0.0,33164
8548,0.0,0.0,0.0,0.0,0.0,3062.58,44950.51,0.0,0.0,15479.09,51930.5,0.0,32534
8549,0.0,0.0,0.0,0.0,0.0,0.0,32737.0,0.0,0.0,0.0,51930.5,0.0,32737
8550,0.0,0.0,0.0,0.0,0.0,3062.58,36897.57,0.0,0.0,6565.15,57970.44,0.0,33395
8551,0.0,0.0,0.0,0.0,0.0,3062.58,44950.51,0.0,0.0,13103.09,70025.28,0.0,34910
8552,0.0,0.0,0.0,0.0,0.0,3062.58,44950.51,0.0,0.0,10842.09,80000.0,0.0,37171
8553,0.0,0.0,0.0,0.0,0.0,0.0,38294.0,0.0,0.0,0.0,80000.0,0.0,38294
8554,0.0,0.0,0.0,0.0,0.0,0.0,39939.0,0.0,0.0,0.0,80000.0,0.0,39939
8555,0.0,0.0,0.0,0.0,0.0,0.0,41438.94,20.06,0.0,0.0,80000.0,0.0,41459
8556,0.0,0.0,0.0,0.0,0.0,3062.58,39058.88,36.54,0.0,0.0,80000.0,0.0,42158
8557,0.0,0.0,0.0,0.0,0.0,3062.58,17330.47,2071.95,20000.0,0.0,58260.87,0.0,42465
8558,0.0,0.0,0.0,0.0,0.0,3062.58,39343.22,24.2,0.0,0.0,58260.87,0.0,42430
8559,0.0,0.0,0.0,0.0,0.0,1298.57,40067.51,9.92,0.0,0.0,58260.87,0.0,41376
8560,0.0,0.0,0.0,0.0,0.0,3062.58,43559.42,2226.67,0.0,6524.67,64263.57,0.0,42324
8561,0.0,0.0,0.0,0.0,0.0,3062.58,41043.04,183.38,0.0,0.0,64263.57,0.0,44289
8562,0.0,0.0,0.0,0.0,0.0,674.49,44950.51,0.0,0.0,0.0,64263.57,0.0,45625
8563,0.0,0.0,0.0,0.0,0.0,0.0,44709.0,0.0,0.0,0.0,64263.57,0.0,44709
8564,0.0,0.0,0.0,0.0,0.0,3062.58,40765.42,0.0,0.0,0.0,64263.57,0.0,43828
8565,0.0,0.0,0.0,0.0,0.0,0.0,43136.0,0.0,0.0,0.0,64263.57,0.0,43136
8566,0.0,0.0,0.0,0.0,0.0,0.0,41561.0,0.0,0.0,0.0,64263.57,0.0,41561
8567,0.0,0.0,0.0,0.0,0.0,0.0,39374.0,0.0,0.0,0.0,64263.57,0.0,39374
8568,0.0,0.0,0.0,0.0,0.0,3062.58,34359.42,0.0,0.0,0.0,64263.57,0.0,37422
8569,0.0,0.0,0.0,0.0,0.0,3062.58,44950.51,0.0,0.0,11788.09,75108.61,0.0,36225
8570,0.0,0.0,0.0,0.0,0.0,0.0,34788.0,0.0,0.0,0.0,75108.61,0.0,34788
8571,0.0,0.0,0.0,0.0,0.0,3062.58,31056.42,0.0,0.0,0.0,75108.61,0.0,34119
8572,0.0,0.0,0.0,0.0,0.0,3062.58,34115.28,0.0,0.0,2751.87,77640.32,0.0,34426
8573,0.0,0.0,0.0,0.0,0.0,3062.58,34115.28,0.0,0.0,2564.87,80000.0,0.0,34613
8574,0.0,0.0,0.0,0.0,0.0,3062.58,32156.42,0.0,0.0,0.0,80000.0,0.0,35219
8575,0.0,0.0,0.0,0.0,0.0,3062.58,32685.42,0.0,0.0,0.0,80000.0,0.0,35748
8576,0.0,1866.42,0.0,0.0,0.0,3062.58,32694.0,0.0,0.0,0.0,80000.0,0.0,37623
8577,0.0,4685.19,0.0,0.0,0.0,3062.58,32694.0,364.23,0.0,0.0,80000.0,0.0,40806
8578,0.0,2724.94,0.0,0.0,0.0,3062.58,32694.0,636.04,1668.44,0.0,78186.48,0.0,40786
8579,0.0,685.1,0.0,0.0,0.0,3062.58,31312.75,7085.56,0.0,0.0,78186.48,0.0,42146
8580,0.0,5532.18,0.0,0.0,0.0,3062.58,31312.75,998.08,1199.41,0.0,76882.77,0.0,42105
8581,0.0,6204.76,0.0,0.0,0.0,3062.58,31312.75,1333.91,0.0,0.0,76882.77,0.0,41914
8582,0.0,6622.79,0.0,0.0,0.0,3062.58,29970.96,2508.66,0.0,0.0,76882.77,0.0,42165
8583,0.0,11469.87,0.0,0.0,0.0,3062.58,27403.48,117.74,143.33,0.0,76726.98,0.0,42197
8584,0.0,7337.76,0.0,0.0,0.0,3062.58,27403.48,4499.15,501.03,0.0,76182.38,0.0,42804
8585,0.0,12184.83,0.0,0.0,0.0,3062.58,28668.06,311.52,0.0,0.0,76182.38,0.0,44227
8586,0.0,10760.67,0.0,0.0,0.0,3062.58,31312.75,0.0,0.0,0.0,76182.38,0.0,45136
8587,0.0,7838.42,0.0,0.0,0.0,3062.58,32694.0,0.0,0.0,0.0,76182.38,0.0,43595
8588,0.0,5026.13,0.0,0.0,0.0,3062.58,34115.28,0.0,0.0,0.0,76182.38,0.0,42204
8589,0.0,3781.13,0.0,0.0,0.0,3062.58,34115.28,0.0,0.0,0.0,76182.38,0.0,40959
8590,0.0,3190.86,0.0,0.0,0.0,3062.58,32694.0,0.0,853.56,0.0,75254.6,0.0,39801
8591,0.0,8037.94,0.0,0.0,0.0,3062.58,27403.48,0.0,0.0,0.0,75254.6,0.0,38504
8592,0.0,11135.52,0.0,0.0,0.0,3062.58,22716.9,0.0,0.0,0.0,75254.6,0.0,36915
8593,0.0,13634.77,0.0,0.0,0.0,3062.58,18597.64,0.0,0.0,0.0,75254.6,0.0,35295
8594,0.0,13144.0,0.0,0.0,0.0,3062.58,16739.33,0.0,1159.09,0.0,73994.72,0.0,34105
8595,0.0,14731.92,0.0,0.0,0.0,3062.58,15858.5,0.0,0.0,0.0,73994.72,0.0,33653
8596,0.0,14540.92,0.0,0.0,0.0,3062.58,15858.5,0.0,0.0,0.0,73994.72,0.0,33462
8597,0.0,15689.3,0.0,0.0,0.0,3062.58,15009.12,0.0,0.0,0.0,73994.72,0.0,33761
8598,0.0,17084.79,0.0,0.0,0.0,3062.58,14190.63,0.0,0.0,0.0,73994.72,0.0,34338
8599,0.0,19104.42,0.0,0.0,0.0,3062.58,12644.0,0.0,0.0,0.0,73994.72,0.0,34811
8600,0.0,19388.31,0.0,0.0,0.0,3062.58,12644.0,0.0,1225.1,0.0,72663.08,0.0,36320
8601,0.0,19388.31,0.0,0.0,0.0,3062.58,12644.0,164.0,2366.11,0.0,70091.23,0.0,37625
8602,0.0,14541.24,0.0,0.0,0.0,3062.58,11214.04,946.2,8354.94,0.0,61009.77,0.0,38119
8603,0.0,19388.31,0.0,0.0,0.0,3062.58,9277.85,1676.05,4783.2,0.0,55810.64,0.0,38188
8604,0.0,19388.31,0.0,0.0,0.0,3062.58,7578.43,2467.34,5790.33,0.0,49516.8,0.0,38287
8605,0.0,19388.31,0.0,0.0,0.0,3062.58,6569.4,1181.88,8255.83,0.0,40543.07,0.0,38458
8606,0.0,19388.31,0.0,0.0,0.0,3062.58,6569.4,3754.47,6008.23,0.0,34012.39,0.0,38783
8607,0.0,19388.31,0.0,0.0,0.0,3062.58,7578.43,1843.03,6790.64,0.0,26631.25,0.0,38663
8608,0.0,19388.31,0.0,0.0,0.0,3062.58,9277.85,212.99,7607.27,0.0,18362.48,0.0,39549
8609,0.0,19388.31,0.0,0.0,0.0,3062.58,11914.72,612.11,5937.27,0.0,11908.93,0.0,40915
8610,0.0,14541.24,0.0,0.0,0.0,3062.58,15009.12,0.0,9014.06,0.0,2111.04,0.0,41627
8611,0.0,19388.31,0.0,0.0,0.0,3062.58,16739.33,0.0,969.78,0.0,1056.93,0.0,40160
8612,0.0,18689.23,0.0,0.0,0.0,3062.58,17652.19,0.0,0.0,0.0,1056.93,0.0,39404
8613,0.0,17969.23,0.0,0.0,0.0,3062.58,17652.19,0.0,0.0,0.0,1056.93,0.0,38684
8614,0.0,16322.77,0.0,0.0,0.0,3062.58,18597.64,0.0,0.0,0.0,1056.93,0.0,37983
8615,0.0,14154.15,0.0,0.0,0.0,3062.58,19576.27,0.0,0.0,0.0,1056.93,0.0,36793
8616,0.0,11109.61,0.0,0.0,0.0,3062.58,21635.33,0.0,122.48,0.0,923.8,0.0,35930
8617,0.0,6262.53,0.0,0.0,0.0,3062.58,24986.99,0.0,849.9,0.0,0.0,0.0,35162
8618,0.0,1415.46,0.0,0.0,0.0,3062.58,29970.96,0.0,0.0,0.0,0.0,0.0,34449
8619,0.0,0.0,0.0,0.0,0.0,0.0,33911.0,0.0,0.0,0.0,0.0,0.0,33911
8620,0.0,0.0,0.0,0.0,0.0,0.0,38788.58,0.0,0.0,5075.58,4669.53,0.0,33713
8621,0.0,0.0,0.0,0.0,0.0,0.0,40067.51,0.0,0.0,6347.51,10509.24,0.0,33720
8622,0.0,0.0,0.0,0.0,0.0,0.0,34513.0,0.0,0.0,0.0,10509.24,0.0,34513
8623,0.0,0.0,0.0,0.0,0.0,0.0,44950.51,0.0,0.0,9578.51,19321.46,0.0,35372
8624,0.0,0.0,0.0,0.0,0.0,0.0,40067.51,0.0,0.0,3360.51,22413.13,0.0,36707
8625,0.0,0.0,0.0,0.0,0.0,0.0,37872.0,0.0,0.0,0.0,22413.13,0.0,37872
8626,0.0,0.0,0.0,0.0,0.0,0.0,25107.07,14074.93,0.0,0.0,22413.13,0.0,39182
8627,0.0,0.0,0.0,0.0,0.0,3062.58,16411.68,20409.74,0.0,0.0,22413.13,0.0,39884
8628,0.0,0.0,0.0,0.0,0.0,0.0,28395.17,23831.71,0.0,12262.87,33694.97,0.0,39964
8629,0.0,0.0,0.0,0.0,0.0,0.0,15239.38,24581.62,0.0,0.0,33694.97,0.0,39821
8630,0.0,0.0,0.0,0.0,0.0,3062.58,33243.91,23187.5,0.0,20000.0,52094.97,0.0,39494
8631,0.0,0.0,0.0,0.0,0.0,0.0,40067.51,18549.22,0.0,19178.72,69739.4,0.0,39438
8632,0.0,0.0,0.0,0.0,0.0,0.0,40067.51,11271.32,0.0,11152.83,80000.0,0.0,40186
8633,0.0,0.0,0.0,0.0,0.0,3062.58,37117.54,1691.88,0.0,0.0,80000.0,0.0,41872
8634,0.0,0.0,0.0,0.0,0.0,0.0,42855.0,0.0,0.0,0.0,80000.0,0.0,42855
8635,0.0,0.0,0.0,0.0,0.0,3062.58,38814.42,0.0,0.0,0.0,80000.0,0.0,41877
8636,0.0,0.0,0.0,0.0,0.0,0.0,41037.0,0.0,0.0,0.0,80000.0,0.0,41037
8637,0.0,444.18,0.0,0.0,0.0,3062.58,37080.24,0.0,0.0,0.0,80000.0,0.0,40587
8638,0.0,4733.67,0.0,0.0,0.0,3062.58,31312.75,0.0,0.0,0.0,80000.0,0.0,39109
8639,0.0,6147.01,0.0,0.0,0.0,3062.58,27403.48,0.0,1064.92,0.0,78842.48,0.0,37678
8640,0.0,10994.09,0.0,0.0,0.0,3062.58,21635.33,0.0,0.0,0.0,78842.48,0.0,35692
8641,0.0,15841.17,0.0,0.0,0.0,3062.58,15858.5,0.0,253.75,0.0,78566.66,0.0,35016
8642,0.0,10994.09,0.0,0.0,0.0,3062.58,12644.0,0.0,7300.33,0.0,70631.52,0.0,34001
8643,0.0,8296.92,0.0,0.0,0.0,3062.58,11914.72,0.0,10516.77,0.0,59200.25,0.0,33791
8644,0.0,13144.0,0.0,0.0,0.0,3062.58,12644.0,0.0,4945.42,0.0,53824.79,0.0,33796
8645,0.0,13144.0,0.0,0.0,0.0,3062.58,13402.44,0.0,4085.98,0.0,49383.51,0.0,33695
8646,0.0,12844.46,0.0,0.0,0.0,3062.58,12644.0,0.0,6423.96,0.0,42400.95,0.0,34975
8647,0.0,17691.54,0.0,0.0,0.0,3062.58,12644.0,0.0,2662.88,0.0,39506.51,0.0,36061
8648,0.0,12844.46,0.0,0.0,0.0,3062.58,13402.44,0.0,7672.52,0.0,31166.82,0.0,36982
8649,0.0,13144.0,0.0,0.0,0.0,3062.58,14190.63,3160.1,4316.69,0.0,26474.76,0.0,37874
8650,0.0,8296.92,0.0,0.0,0.0,3062.58,15009.12,12111.71,932.66,0.0,25461.0,0.0,39413
8651,0.0,4847.08,0.0,0.0,0.0,3062.58,16739.33,7858.46,7627.55,0.0,17170.19,0.0,40135
8652,0.0,0.0,0.0,0.0,0.0,3062.58,19576.27,1821.58,15796.57,0.0,0.0,0.0,40257
8653,0.0,2132.5,0.0,0.0,0.0,3062.58,21635.33,12370.59,0.0,0.0,0.0,0.0,39201
8654,0.0,0.0,0.0,0.0,0.0,3062.58,26176.65,9236.77,0.0,0.0,0.0,0.0,38476
8655,0.0,0.0,0.0,0.0,0.0,3062.58,31312.75,4184.67,0.0,0.0,0.0,0.0,38560
8656,0.0,0.0,0.0,0.0,0.0,3062.58,35577.17,658.25,0.0,0.0,0.0,0.0,39298
8657,0.0,0.0,0.0,0.0,0.0,3062.58,37776.64,3.78,0.0,0.0,0.0,0.0,40843
8658,0.0,0.0,0.0,0.0,0.0,3062.58,38987.42,0.0,0.0,0.0,0.0,0.0,42050
8659,0.0,0.0,0.0,0.0,0.0,3062.58,38664.42,0.0,0.0,0.0,0.0,0.0,41727
8660,0.0,0.0,0.0,0.0,0.0,3062.58,38228.42,0.0,0.0,0.0,0.0,0.0,41291
8661,0.0,0.0,0.0,0.0,0.0,3062.58,37314.42,0.0,0.0,0.0,0.0,0.0,40377
8662,0.0,0.0,0.0,0.0,0.0,3062.58,36082.42,0.0,0.0,0.0,0.0,0.0,39145
8663,0.0,0.0,0.0,0.0,0.0,3062.58,33787.42,0.0,0.0,0.0,0.0,0.0,36850
8664,0.0,0.0,0.0,0.0,0.0,3062.58,32089.42,0.0,0.0,0.0,0.0,0.0,35152
8665,0.0,0.0,0.0,0.0,0.0,3062.58,44950.51,0.0,0.0,14754.09,13573.76,0.0,33259
8666,0.0,0.0,0.0,0.0,0.0,0.0,32474.0,0.0,0.0,0.0,13573.76,0.0,32474
8667,0.0,0.0,0.0,0.0,0.0,3062.58,44950.51,0.0,0.0,16235.09,28510.04,0.0,31778
8668,0.0,0.0,0.0,0.0,0.0,3062.58,44950.51,0.0,0.0,16466.09,43658.84,0.0,31547
8669,0.0,0.0,0.0,0.0,0.0,3062.58,44950.51,0.0,0.0,16138.09,58505.88,0.0,31875
8670,0.0,0.0,0.0,0.0,0.0,3062.58,44950.51,0.0,0.0,14743.09,72069.53,0.0,33270
8671,0.0,0.0,0.0,0.0,0.0,3062.58,40098.5,0.0,0.0,8620.08,80000.0,0.0,34541
8672,0.0,0.0,0.0,0.0,0.0,3062.58,32938.42,0.0,0.0,0.0,80000.0,0.0,36001
8673,0.0,0.0,0.0,0.0,0.0,0.0,37080.24,404.76,0.0,0.0,80000.0,0.0,37485
8674,0.0,0.0,0.0,0.0,0.0,3062.58,30633.8,4392.62,0.0,0.0,80000.0,0.0,38089
8675,0.0,3188.31,0.0,0.0,0.0,3062.58,28668.06,3073.68,13.37,0.0,79985.46,0.0,38006
8676,0.0,0.0,0.0,0.0,0.0,3062.58,28668.06,4751.61,2109.74,0.0,77692.27,0.0,38592
8677,0.0,0.0,0.0,0.0,0.0,3062.58,27403.48,10721.34,0.0,2508.41,80000.0,0.0,38679
8678,0.0,0.0,0.0,0.0,0.0,3062.58,24986.99,8647.07,1869.37,0.0,77968.08,0.0,38566
8679,0.0,2306.23,0.0,0.0,0.0,3062.58,23833.93,8951.27,0.0,0.0,77968.08,0.0,38154
8680,0.0,7153.3,0.0,0.0,0.0,3062.58,23833.93,3362.34,752.85,0.0,77149.76,0.0,38165
8681,0.0,2306.23,0.0,0.0,0.0,3062.58,26176.65,319.0,7573.55,0.0,68917.65,0.0,39438
8682,0.0,7153.3,0.0,0.0,0.0,3062.58,28668.06,0.0,2370.05,0.0,66341.5,0.0,41254
8683,0.0,2306.23,0.0,0.0,0.0,3062.58,29970.96,0.0,5053.23,0.0,60848.86,0.0,40393
8684,0.0,0.0,0.0,0.0,0.0,3062.58,28668.06,0.0,7903.36,0.0,52258.26,0.0,39634
8685,0.0,913.05,0.0,0.0,0.0,3062.58,27403.48,0.0,7715.89,0.0,43871.42,0.0,39095
8686,0.0,5760.13,0.0,0.0,0.0,3062.58,24986.99,0.0,3626.3,0.0,39929.79,0.0,37436
8687,0.0,913.05,0.0,0.0,0.0,3062.58,24986.99,0.0,6856.38,0.0,32477.2,0.0,35819
8688,0.0,0.0,0.0,0.0,0.0,3062.58,24986.99,0.0,5446.43,0.0,26557.16,0.0,33496
8689,0.0,0.0,0.0,0.0,0.0,3062.58,26176.65,0.0,2621.77,0.0,23707.41,0.0,31861
8690,0.0,0.0,0.0,0.0,0.0,3062.58,27403.48,0.0,780.94,0.0,22858.57,0.0,31247
8691,0.0,0.0,0.0,0.0,0.0,3062.58,29970.96,0.0,0.0,2390.54,25057.87,0.0,30643
8692,0.0,0.0,0.0,0.0,0.0,3062.58,31312.75,0.0,0.0,3901.33,28647.09,0.0,30474
8693,0.0,0.0,0.0,0.0,0.0,3062.58,31312.75,0.0,0.0,3938.33,32270.36,0.0,30437
8694,0.0,0.0,0.0,0.0,0.0,3062.58,29970.96,0.0,0.0,1749.54,33879.94,0.0,31284
8695,0.0,1817.35,0.0,0.0,0.0,3062.58,27403.48,0.0,564.58,0.0,33266.26,0.0,32848
8696,0.0,6664.43,0.0,0.0,0.0,3062.58,24986.99,0.0,0.0,0.0,33266.26,0.0,34714
8697,0.0,4847.08,0.0,0.0,0.0,3062.58,21635.33,1914.53,4269.48,0.0,28625.52,0.0,35729
8698,0.0,0.0,0.0,0.0,0.0,3062.58,19576.27,6329.43,6811.72,0.0,21221.48,0.0,35780
8699,0.0,4847.08,0.0,0.0,0.0,3062.58,18597.64,3446.23,5371.47,0.0,15382.93,0.0,35325
8700,0.0,0.0,0.0,0.0,0.0,3062.58,19576.27,6170.44,6672.7,0.0,8129.99,0.0,35482
8701,0.0,0.0,0.0,0.0,0.0,3062.58,23833.93,1581.9,7479.59,0.0,0.0,0.0,35958
8702,0.0,0.0,0.0,0.0,0.0,3062.58,32694.0,487.42,0.0,0.0,0.0,0.0,36244
8703,0.0,0.0,0.0,0.0,0.0,3062.58,44950.51,2542.65,0.0,13818.74,12713.24,0.0,36737
8704,0.0,0.0,0.0,0.0,0.0,3062.58,44950.51,7564.59,0.0,18261.68,29513.98,0.0,37316
8705,0.0,0.0,0.0,0.0,0.0,3062.58,34626.31,928.11,0.0,0.0,29513.98,0.0,38617
8706,0.0,0.0,0.0,0.0,0.0,3062.58,36675.42,0.0,0.0,0.0,29513.98,0.0,39738
8707,0.0,0.0,0.0,0.0,0.0,3062.58,44950.51,0.0,0.0,9389.09,38151.94,0.0,38624
8708,0.0,0.0,0.0,0.0,0.0,0.0,38160.0,0.0,0.0,0.0,38151.94,0.0,38160
8709,0.0,0.0,0.0,0.0,0.0,0.0,37219.0,0.0,0.0,0.0,38151.94,0.0,37219
8710,0.0,0.0,0.0,0.0,0.0,3062.58,44950.51,0.0,0.0,12459.09,49614.31,0.0,35554
8711,0.0,0.0,0.0,0.0,0.0,3062.58,39954.26,0.0,0.0,9052.84,57942.92,0.0,33964
8712,0.0,0.0,0.0,0.0,0.0,3062.58,29165.42,0.0,0.0,0.0,57942.92,0.0,32228
8713,0.0,0.0,0.0,0.0,0.0,3062.58,35577.17,0.0,0.0,8114.75,65408.49,0.0,30525
8714,0.0,0.0,0.0,0.0,0.0,3062.58,35577.17,0.0,0.0,9103.75,73783.94,0.0,29536
8715,0.0,0.0,0.0,0.0,0.0,3062.58,32694.0,0.0,0.0,6756.58,80000.0,0.0,29000
8716,0.0,0.0,0.0,0.0,0.0,0.0,28668.0,0.0,0.0,0.0,80000.0,0.0,28668
8717,0.0,0.0,0.0,0.0,0.0,2590.35,26176.65,0.0,0.0,0.0,80000.0,0.0,28767
8718,0.0,1338.43,0.0,0.0,0.0,3062.58,24986.99,0.0,0.0,0.0,80000.0,0.0,29388
8719,0.0,5197.52,0.0,0.0,0.0,3062.58,22716.9,0.0,0.0,0.0,80000.0,0.0,30977
8720,0.0,1736.01,0.0,0.0,0.0,3062.58,18597.64,0.0,9375.77,0.0,69808.95,0.0,32772
8721,0.0,6583.08,0.0,0.0,0.0,3062.58,14190.63,1598.86,8459.85,0.0,60613.46,0.0,33895
8722,0.0,11430.16,0.0,0.0,0.0,3062.58,14190.63,6109.63,0.0,0.0,60613.46,0.0,34793
8723,0.0,6583.08,0.0,0.0,0.0,3062.58,11214.04,9544.54,5377.75,0.0,54768.08,0.0,35782
8724,0.0,11430.16,0.0,0.0,0.0,3062.58,4086.75,11681.43,6186.08,0.0,48044.08,0.0,36447
8725,0.0,16277.24,0.0,0.0,0.0,3062.58,1489.34,12277.83,3303.01,0.0,44453.85,0.0,36410
8726,0.0,11430.16,0.0,0.0,0.0,3062.58,3746.37,13560.62,4651.26,0.0,39398.14,0.0,36451
8727,0.0,11794.38,0.0,0.0,0.0,3062.58,9896.18,2182.08,9139.78,0.0,29463.59,0.0,36075
8728,0.0,6947.3,0.0,0.0,0.0,3062.58,15858.5,2197.18,8205.44,0.0,20544.64,0.0,36271
8729,0.0,4847.08,0.0,0.0,0.0,3062.58,21635.33,257.28,7640.74,0.0,12239.49,0.0,37443
8730,0.0,0.0,0.0,0.0,0.0,3062.58,29970.96,0.0,5599.46,0.0,6153.12,0.0,38633
8731,0.0,0.0,0.0,0.0,0.0,3062.58,32694.0,0.0,1991.42,0.0,3988.54,0.0,37748
8732,0.0,3002.67,0.0,0.0,0.0,3062.58,31312.75,0.0,0.0,0.0,3988.54,0.0,37378
8733,0.0,0.0,0.0,0.0,0.0,3062.58,29970.96,0.0,3669.46,0.0,0.0,0.0,36703
8734,0.0,1162.67,0.0,0.0,0.0,3062.58,31312.75,0.0,0.0,0.0,0.0,0.0,35538
8735,0.0,0.0,0.0,0.0,0.0,0.0,34343.0,0.0,0.0,0.0,0.0,0.0,34343
8736,0.0,0.0,0.0,0.0,0.0,0.0,32516.0,0.0,0.0,0.0,0.0,0.0,32516
8737,0.0,0.0,0.0,0.0,0.0,3062.58,28170.42,0.0,0.0,0.0,0.0,0.0,31233
8738,0.0,0.0,0.0,0.0,0.0,0.0,29796.0,0.0,0.0,0.0,0.0,0.0,29796
8739,0.0,0.0,0.0,0.0,0.0,0.0,37296.88,0.0,0.0,8136.88,7485.93,0.0,29160
8740,0.0,0.0,0.0,0.0,0.0,0.0,37296.88,0.0,0.0,8413.88,15226.69,0.0,28883
8741,0.0,0.0,0.0,0.0,0.0,0.0,41842.22,0.0,0.0,13068.22,27249.45,0.0,28774
8742,0.0,0.0,0.0,0.0,0.0,0.0,37296.88,0.0,0.0,8653.88,35211.02,0.0,28643
8743,0.0,0.0,0.0,0.0,0.0,0.0,37296.88,0.0,0.0,7191.88,41827.54,0.0,30105
8744,0.0,0.0,0.0,0.0,0.0,0.0,38788.58,0.0,0.0,6563.58,47866.03,0.0,32225
8745,0.0,0.0,0.0,0.0,0.0,0.0,33803.51,43.49,0.0,0.0,47866.03,0.0,33847
8746,0.0,0.0,0.0,0.0,0.0,3062.58,40212.19,11594.23,0.0,20000.0,66266.03,0.0,34869
8747,0.0,0.0,0.0,0.0,0.0,0.0,33052.19,15067.23,0.0,12009.43,77314.71,0.0,36110
8748,0.0,0.0,0.0,0.0,0.0,0.0,21540.46,18579.34,0.0,2918.8,80000.0,0.0,37201
8749,0.0,0.0,0.0,0.0,0.0,0.0,22149.17,15351.83,0.0,0.0,80000.0,0.0,37501
8750,0.0,0.0,0.0,0.0,0.0,0.0,24149.69,13118.31,0.0,0.0,80000.0,0.0,37268
8751,0.0,0.0,0.0,0.0,0.0,3062.58,26007.88,8365.54,0.0,0.0,80000.0,0.0,37436
8752,0.0,4847.08,0.0,0.0,0.0,3062.58,24986.99,4520.29,77.06,0.0,79916.24,0.0,37494
8753,0.0,9694.16,0.0,0.0,0.0,3062.58,23833.93,398.02,1633.31,0.0,78140.89,0.0,38622
8754,0.0,4890.35,0.0,0.0,0.0,3062.58,23833.93,0.0,7418.14,0.0,70077.7,0.0,39205
8755,0.0,9737.43,0.0,0.0,0.0,3062.58,24986.99,0.0,0.0,0.0,70077.7,0.0,37787
8756,0.0,4890.35,0.0,0.0,0.0,3062.58,24986.99,0.0,3585.08,0.0,66180.88,0.0,36525
8757,0.0,7565.01,0.0,0.0,0.0,3062.58,14190.63,0.0,10855.78,0.0,54381.11,0.0,35674
8758,0.0,12412.09,0.0,0.0,0.0,3062.58,15009.12,0.0,4316.21,0.0,49689.58,0.0,34800
8759,0.0,7565.01,0.0,0.0,0.0,3062.58,15009.12,0.0,7702.29,0.0,41317.53,0.0,33339
8760,0.0,12412.09,0.0,0.0,0.0,3062.58,16739.33,0.0,0.0,0.0,41317.53,0.0,32214
